ISO-10303-21;
HEADER;
FILE_DESCRIPTION(('Open CASCADE Model'),'2;1');
FILE_NAME('visit_icon_kit','2026-06-27T00:00:00',('Author'),(
    'Open CASCADE'),'Open CASCADE STEP processor 7.9','build123d',
  'Unknown');
FILE_SCHEMA(('AUTOMOTIVE_DESIGN { 1 0 10303 214 1 1 1 1 }'));
ENDSEC;
DATA;
#1 = APPLICATION_PROTOCOL_DEFINITION('international standard',
  'automotive_design',2000,#2);
#2 = APPLICATION_CONTEXT(
  'core data for automotive mechanical design processes');
#3 = SHAPE_DEFINITION_REPRESENTATION(#4,#10);
#4 = PRODUCT_DEFINITION_SHAPE('','',#5);
#5 = PRODUCT_DEFINITION('design','',#6,#9);
#6 = PRODUCT_DEFINITION_FORMATION('','',#7);
#7 = PRODUCT('visit_icon_kit','visit_icon_kit','',(#8));
#8 = PRODUCT_CONTEXT('',#2,'mechanical');
#9 = PRODUCT_DEFINITION_CONTEXT('part definition',#2,'design');
#10 = SHAPE_REPRESENTATION('',(#11,#15,#19,#23,#27,#31,#35,#39,#43,#47,
    #51,#55,#59,#63,#67,#71,#75,#79,#83,#87,#91,#95,#99,#103,#107,#111,
    #115,#119,#123,#127,#131),#135);
#11 = AXIS2_PLACEMENT_3D('',#12,#13,#14);
#12 = CARTESIAN_POINT('',(0.,0.,0.));
#13 = DIRECTION('',(0.,0.,1.));
#14 = DIRECTION('',(1.,0.,-0.));
#15 = AXIS2_PLACEMENT_3D('',#16,#17,#18);
#16 = CARTESIAN_POINT('',(0.,0.,0.));
#17 = DIRECTION('',(0.,0.,1.));
#18 = DIRECTION('',(1.,0.,-0.));
#19 = AXIS2_PLACEMENT_3D('',#20,#21,#22);
#20 = CARTESIAN_POINT('',(0.,0.,0.));
#21 = DIRECTION('',(0.,0.,1.));
#22 = DIRECTION('',(1.,0.,-0.));
#23 = AXIS2_PLACEMENT_3D('',#24,#25,#26);
#24 = CARTESIAN_POINT('',(0.,0.,0.));
#25 = DIRECTION('',(0.,0.,1.));
#26 = DIRECTION('',(1.,0.,-0.));
#27 = AXIS2_PLACEMENT_3D('',#28,#29,#30);
#28 = CARTESIAN_POINT('',(0.,0.,0.));
#29 = DIRECTION('',(0.,0.,1.));
#30 = DIRECTION('',(1.,0.,-0.));
#31 = AXIS2_PLACEMENT_3D('',#32,#33,#34);
#32 = CARTESIAN_POINT('',(0.,0.,0.));
#33 = DIRECTION('',(0.,0.,1.));
#34 = DIRECTION('',(1.,0.,-0.));
#35 = AXIS2_PLACEMENT_3D('',#36,#37,#38);
#36 = CARTESIAN_POINT('',(0.,0.,0.));
#37 = DIRECTION('',(0.,0.,1.));
#38 = DIRECTION('',(1.,0.,-0.));
#39 = AXIS2_PLACEMENT_3D('',#40,#41,#42);
#40 = CARTESIAN_POINT('',(0.,0.,0.));
#41 = DIRECTION('',(0.,0.,1.));
#42 = DIRECTION('',(1.,0.,-0.));
#43 = AXIS2_PLACEMENT_3D('',#44,#45,#46);
#44 = CARTESIAN_POINT('',(0.,0.,0.));
#45 = DIRECTION('',(0.,0.,1.));
#46 = DIRECTION('',(1.,0.,-0.));
#47 = AXIS2_PLACEMENT_3D('',#48,#49,#50);
#48 = CARTESIAN_POINT('',(0.,0.,0.));
#49 = DIRECTION('',(0.,0.,1.));
#50 = DIRECTION('',(1.,0.,-0.));
#51 = AXIS2_PLACEMENT_3D('',#52,#53,#54);
#52 = CARTESIAN_POINT('',(0.,0.,0.));
#53 = DIRECTION('',(0.,0.,1.));
#54 = DIRECTION('',(1.,0.,-0.));
#55 = AXIS2_PLACEMENT_3D('',#56,#57,#58);
#56 = CARTESIAN_POINT('',(0.,0.,0.));
#57 = DIRECTION('',(0.,0.,1.));
#58 = DIRECTION('',(1.,0.,-0.));
#59 = AXIS2_PLACEMENT_3D('',#60,#61,#62);
#60 = CARTESIAN_POINT('',(0.,0.,0.));
#61 = DIRECTION('',(0.,0.,1.));
#62 = DIRECTION('',(1.,0.,-0.));
#63 = AXIS2_PLACEMENT_3D('',#64,#65,#66);
#64 = CARTESIAN_POINT('',(0.,0.,0.));
#65 = DIRECTION('',(0.,0.,1.));
#66 = DIRECTION('',(1.,0.,-0.));
#67 = AXIS2_PLACEMENT_3D('',#68,#69,#70);
#68 = CARTESIAN_POINT('',(0.,0.,0.));
#69 = DIRECTION('',(0.,0.,1.));
#70 = DIRECTION('',(1.,0.,-0.));
#71 = AXIS2_PLACEMENT_3D('',#72,#73,#74);
#72 = CARTESIAN_POINT('',(0.,0.,0.));
#73 = DIRECTION('',(0.,0.,1.));
#74 = DIRECTION('',(1.,0.,-0.));
#75 = AXIS2_PLACEMENT_3D('',#76,#77,#78);
#76 = CARTESIAN_POINT('',(0.,0.,0.));
#77 = DIRECTION('',(0.,0.,1.));
#78 = DIRECTION('',(1.,0.,-0.));
#79 = AXIS2_PLACEMENT_3D('',#80,#81,#82);
#80 = CARTESIAN_POINT('',(0.,0.,0.));
#81 = DIRECTION('',(0.,0.,1.));
#82 = DIRECTION('',(1.,0.,-0.));
#83 = AXIS2_PLACEMENT_3D('',#84,#85,#86);
#84 = CARTESIAN_POINT('',(0.,0.,0.));
#85 = DIRECTION('',(0.,0.,1.));
#86 = DIRECTION('',(1.,0.,-0.));
#87 = AXIS2_PLACEMENT_3D('',#88,#89,#90);
#88 = CARTESIAN_POINT('',(0.,0.,0.));
#89 = DIRECTION('',(0.,0.,1.));
#90 = DIRECTION('',(1.,0.,-0.));
#91 = AXIS2_PLACEMENT_3D('',#92,#93,#94);
#92 = CARTESIAN_POINT('',(0.,0.,0.));
#93 = DIRECTION('',(0.,0.,1.));
#94 = DIRECTION('',(1.,0.,-0.));
#95 = AXIS2_PLACEMENT_3D('',#96,#97,#98);
#96 = CARTESIAN_POINT('',(0.,0.,0.));
#97 = DIRECTION('',(0.,0.,1.));
#98 = DIRECTION('',(1.,0.,-0.));
#99 = AXIS2_PLACEMENT_3D('',#100,#101,#102);
#100 = CARTESIAN_POINT('',(0.,0.,0.));
#101 = DIRECTION('',(0.,0.,1.));
#102 = DIRECTION('',(1.,0.,-0.));
#103 = AXIS2_PLACEMENT_3D('',#104,#105,#106);
#104 = CARTESIAN_POINT('',(0.,0.,0.));
#105 = DIRECTION('',(0.,0.,1.));
#106 = DIRECTION('',(1.,0.,-0.));
#107 = AXIS2_PLACEMENT_3D('',#108,#109,#110);
#108 = CARTESIAN_POINT('',(0.,0.,0.));
#109 = DIRECTION('',(0.,0.,1.));
#110 = DIRECTION('',(1.,0.,-0.));
#111 = AXIS2_PLACEMENT_3D('',#112,#113,#114);
#112 = CARTESIAN_POINT('',(0.,0.,0.));
#113 = DIRECTION('',(0.,0.,1.));
#114 = DIRECTION('',(1.,0.,-0.));
#115 = AXIS2_PLACEMENT_3D('',#116,#117,#118);
#116 = CARTESIAN_POINT('',(0.,0.,0.));
#117 = DIRECTION('',(0.,0.,1.));
#118 = DIRECTION('',(1.,0.,-0.));
#119 = AXIS2_PLACEMENT_3D('',#120,#121,#122);
#120 = CARTESIAN_POINT('',(0.,0.,0.));
#121 = DIRECTION('',(0.,0.,1.));
#122 = DIRECTION('',(1.,0.,-0.));
#123 = AXIS2_PLACEMENT_3D('',#124,#125,#126);
#124 = CARTESIAN_POINT('',(0.,0.,0.));
#125 = DIRECTION('',(0.,0.,1.));
#126 = DIRECTION('',(1.,0.,-0.));
#127 = AXIS2_PLACEMENT_3D('',#128,#129,#130);
#128 = CARTESIAN_POINT('',(0.,0.,0.));
#129 = DIRECTION('',(0.,0.,1.));
#130 = DIRECTION('',(1.,0.,-0.));
#131 = AXIS2_PLACEMENT_3D('',#132,#133,#134);
#132 = CARTESIAN_POINT('',(0.,0.,0.));
#133 = DIRECTION('',(0.,0.,1.));
#134 = DIRECTION('',(1.,0.,-0.));
#135 = ( GEOMETRIC_REPRESENTATION_CONTEXT(3) 
GLOBAL_UNCERTAINTY_ASSIGNED_CONTEXT((#139)) GLOBAL_UNIT_ASSIGNED_CONTEXT
((#136,#137,#138)) REPRESENTATION_CONTEXT('Context #1',
  '3D Context with UNIT and UNCERTAINTY') );
#136 = ( LENGTH_UNIT() NAMED_UNIT(*) SI_UNIT(.MILLI.,.METRE.) );
#137 = ( NAMED_UNIT(*) PLANE_ANGLE_UNIT() SI_UNIT($,.RADIAN.) );
#138 = ( NAMED_UNIT(*) SI_UNIT($,.STERADIAN.) SOLID_ANGLE_UNIT() );
#139 = UNCERTAINTY_MEASURE_WITH_UNIT(LENGTH_MEASURE(1.E-07),#136,
  'distance_accuracy_value','confusion accuracy');
#140 = PRODUCT_RELATED_PRODUCT_CATEGORY('part',$,(#7));
#141 = SHAPE_DEFINITION_REPRESENTATION(#142,#148);
#142 = PRODUCT_DEFINITION_SHAPE('','',#143);
#143 = PRODUCT_DEFINITION('design','',#144,#147);
#144 = PRODUCT_DEFINITION_FORMATION('','',#145);
#145 = PRODUCT('part_0007__04','part_0007__04','',(#146));
#146 = PRODUCT_CONTEXT('',#2,'mechanical');
#147 = PRODUCT_DEFINITION_CONTEXT('part definition',#2,'design');
#148 = ADVANCED_BREP_SHAPE_REPRESENTATION('',(#11,#149),#635);
#149 = MANIFOLD_SOLID_BREP('',#150);
#150 = CLOSED_SHELL('',(#151,#271,#347,#423,#499,#570,#617,#626));
#151 = ADVANCED_FACE('',(#152),#166,.F.);
#152 = FACE_BOUND('',#153,.F.);
#153 = EDGE_LOOP('',(#154,#189,#217,#245));
#154 = ORIENTED_EDGE('',*,*,#155,.T.);
#155 = EDGE_CURVE('',#156,#158,#160,.T.);
#156 = VERTEX_POINT('',#157);
#157 = CARTESIAN_POINT('',(0.,26.675,0.));
#158 = VERTEX_POINT('',#159);
#159 = CARTESIAN_POINT('',(0.,26.675,8.));
#160 = SURFACE_CURVE('',#161,(#165,#177),.PCURVE_S1.);
#161 = LINE('',#162,#163);
#162 = CARTESIAN_POINT('',(0.,26.675,0.));
#163 = VECTOR('',#164,1.);
#164 = DIRECTION('',(0.,0.,1.));
#165 = PCURVE('',#166,#171);
#166 = PLANE('',#167);
#167 = AXIS2_PLACEMENT_3D('',#168,#169,#170);
#168 = CARTESIAN_POINT('',(0.,26.675,0.));
#169 = DIRECTION('',(1.,0.,-0.));
#170 = DIRECTION('',(0.,-1.,0.));
#171 = DEFINITIONAL_REPRESENTATION('',(#172),#176);
#172 = LINE('',#173,#174);
#173 = CARTESIAN_POINT('',(0.,0.));
#174 = VECTOR('',#175,1.);
#175 = DIRECTION('',(0.,-1.));
#176 = ( GEOMETRIC_REPRESENTATION_CONTEXT(2) 
PARAMETRIC_REPRESENTATION_CONTEXT() REPRESENTATION_CONTEXT('2D SPACE',''
  ) );
#177 = PCURVE('',#178,#183);
#178 = PLANE('',#179);
#179 = AXIS2_PLACEMENT_3D('',#180,#181,#182);
#180 = CARTESIAN_POINT('',(24.425,13.35,0.));
#181 = DIRECTION('',(-0.478915083596,-0.877861232032,0.));
#182 = DIRECTION('',(-0.877861232032,0.478915083596,0.));
#183 = DEFINITIONAL_REPRESENTATION('',(#184),#188);
#184 = LINE('',#185,#186);
#185 = CARTESIAN_POINT('',(27.823304081291,0.));
#186 = VECTOR('',#187,1.);
#187 = DIRECTION('',(0.,-1.));
#188 = ( GEOMETRIC_REPRESENTATION_CONTEXT(2) 
PARAMETRIC_REPRESENTATION_CONTEXT() REPRESENTATION_CONTEXT('2D SPACE',''
  ) );
#189 = ORIENTED_EDGE('',*,*,#190,.T.);
#190 = EDGE_CURVE('',#158,#191,#193,.T.);
#191 = VERTEX_POINT('',#192);
#192 = CARTESIAN_POINT('',(0.,13.3,8.));
#193 = SURFACE_CURVE('',#194,(#198,#205),.PCURVE_S1.);
#194 = LINE('',#195,#196);
#195 = CARTESIAN_POINT('',(0.,26.675,8.));
#196 = VECTOR('',#197,1.);
#197 = DIRECTION('',(0.,-1.,0.));
#198 = PCURVE('',#166,#199);
#199 = DEFINITIONAL_REPRESENTATION('',(#200),#204);
#200 = LINE('',#201,#202);
#201 = CARTESIAN_POINT('',(0.,-8.));
#202 = VECTOR('',#203,1.);
#203 = DIRECTION('',(1.,0.));
#204 = ( GEOMETRIC_REPRESENTATION_CONTEXT(2) 
PARAMETRIC_REPRESENTATION_CONTEXT() REPRESENTATION_CONTEXT('2D SPACE',''
  ) );
#205 = PCURVE('',#206,#211);
#206 = PLANE('',#207);
#207 = AXIS2_PLACEMENT_3D('',#208,#209,#210);
#208 = CARTESIAN_POINT('',(24.434132095798,14.624133838494,8.));
#209 = DIRECTION('',(0.,0.,1.));
#210 = DIRECTION('',(1.,0.,0.));
#211 = DEFINITIONAL_REPRESENTATION('',(#212),#216);
#212 = LINE('',#213,#214);
#213 = CARTESIAN_POINT('',(-24.43413209579,12.050866161506));
#214 = VECTOR('',#215,1.);
#215 = DIRECTION('',(0.,-1.));
#216 = ( GEOMETRIC_REPRESENTATION_CONTEXT(2) 
PARAMETRIC_REPRESENTATION_CONTEXT() REPRESENTATION_CONTEXT('2D SPACE',''
  ) );
#217 = ORIENTED_EDGE('',*,*,#218,.F.);
#218 = EDGE_CURVE('',#219,#191,#221,.T.);
#219 = VERTEX_POINT('',#220);
#220 = CARTESIAN_POINT('',(0.,13.3,0.));
#221 = SURFACE_CURVE('',#222,(#226,#233),.PCURVE_S1.);
#222 = LINE('',#223,#224);
#223 = CARTESIAN_POINT('',(0.,13.3,0.));
#224 = VECTOR('',#225,1.);
#225 = DIRECTION('',(0.,0.,1.));
#226 = PCURVE('',#166,#227);
#227 = DEFINITIONAL_REPRESENTATION('',(#228),#232);
#228 = LINE('',#229,#230);
#229 = CARTESIAN_POINT('',(13.375,0.));
#230 = VECTOR('',#231,1.);
#231 = DIRECTION('',(0.,-1.));
#232 = ( GEOMETRIC_REPRESENTATION_CONTEXT(2) 
PARAMETRIC_REPRESENTATION_CONTEXT() REPRESENTATION_CONTEXT('2D SPACE',''
  ) );
#233 = PCURVE('',#234,#239);
#234 = PLANE('',#235);
#235 = AXIS2_PLACEMENT_3D('',#236,#237,#238);
#236 = CARTESIAN_POINT('',(0.,13.3,0.));
#237 = DIRECTION('',(0.477844911061,0.878444216199,-0.));
#238 = DIRECTION('',(0.878444216199,-0.477844911061,0.));
#239 = DEFINITIONAL_REPRESENTATION('',(#240),#244);
#240 = LINE('',#241,#242);
#241 = CARTESIAN_POINT('',(0.,0.));
#242 = VECTOR('',#243,1.);
#243 = DIRECTION('',(0.,-1.));
#244 = ( GEOMETRIC_REPRESENTATION_CONTEXT(2) 
PARAMETRIC_REPRESENTATION_CONTEXT() REPRESENTATION_CONTEXT('2D SPACE',''
  ) );
#245 = ORIENTED_EDGE('',*,*,#246,.F.);
#246 = EDGE_CURVE('',#156,#219,#247,.T.);
#247 = SURFACE_CURVE('',#248,(#252,#259),.PCURVE_S1.);
#248 = LINE('',#249,#250);
#249 = CARTESIAN_POINT('',(0.,26.675,0.));
#250 = VECTOR('',#251,1.);
#251 = DIRECTION('',(0.,-1.,0.));
#252 = PCURVE('',#166,#253);
#253 = DEFINITIONAL_REPRESENTATION('',(#254),#258);
#254 = LINE('',#255,#256);
#255 = CARTESIAN_POINT('',(0.,0.));
#256 = VECTOR('',#257,1.);
#257 = DIRECTION('',(1.,0.));
#258 = ( GEOMETRIC_REPRESENTATION_CONTEXT(2) 
PARAMETRIC_REPRESENTATION_CONTEXT() REPRESENTATION_CONTEXT('2D SPACE',''
  ) );
#259 = PCURVE('',#260,#265);
#260 = PLANE('',#261);
#261 = AXIS2_PLACEMENT_3D('',#262,#263,#264);
#262 = CARTESIAN_POINT('',(24.434132095798,14.624133838494,0.));
#263 = DIRECTION('',(0.,0.,1.));
#264 = DIRECTION('',(1.,0.,0.));
#265 = DEFINITIONAL_REPRESENTATION('',(#266),#270);
#266 = LINE('',#267,#268);
#267 = CARTESIAN_POINT('',(-24.43413209579,12.050866161506));
#268 = VECTOR('',#269,1.);
#269 = DIRECTION('',(0.,-1.));
#270 = ( GEOMETRIC_REPRESENTATION_CONTEXT(2) 
PARAMETRIC_REPRESENTATION_CONTEXT() REPRESENTATION_CONTEXT('2D SPACE',''
  ) );
#271 = ADVANCED_FACE('',(#272),#234,.F.);
#272 = FACE_BOUND('',#273,.F.);
#273 = EDGE_LOOP('',(#274,#275,#298,#326));
#274 = ORIENTED_EDGE('',*,*,#218,.T.);
#275 = ORIENTED_EDGE('',*,*,#276,.T.);
#276 = EDGE_CURVE('',#191,#277,#279,.T.);
#277 = VERTEX_POINT('',#278);
#278 = CARTESIAN_POINT('',(24.45,0.,8.));
#279 = SURFACE_CURVE('',#280,(#284,#291),.PCURVE_S1.);
#280 = LINE('',#281,#282);
#281 = CARTESIAN_POINT('',(0.,13.3,8.));
#282 = VECTOR('',#283,1.);
#283 = DIRECTION('',(0.878444216199,-0.477844911061,0.));
#284 = PCURVE('',#234,#285);
#285 = DEFINITIONAL_REPRESENTATION('',(#286),#290);
#286 = LINE('',#287,#288);
#287 = CARTESIAN_POINT('',(0.,-8.));
#288 = VECTOR('',#289,1.);
#289 = DIRECTION('',(1.,0.));
#290 = ( GEOMETRIC_REPRESENTATION_CONTEXT(2) 
PARAMETRIC_REPRESENTATION_CONTEXT() REPRESENTATION_CONTEXT('2D SPACE',''
  ) );
#291 = PCURVE('',#206,#292);
#292 = DEFINITIONAL_REPRESENTATION('',(#293),#297);
#293 = LINE('',#294,#295);
#294 = CARTESIAN_POINT('',(-24.43413209579,-1.324133838494));
#295 = VECTOR('',#296,1.);
#296 = DIRECTION('',(0.878444216199,-0.477844911061));
#297 = ( GEOMETRIC_REPRESENTATION_CONTEXT(2) 
PARAMETRIC_REPRESENTATION_CONTEXT() REPRESENTATION_CONTEXT('2D SPACE',''
  ) );
#298 = ORIENTED_EDGE('',*,*,#299,.F.);
#299 = EDGE_CURVE('',#300,#277,#302,.T.);
#300 = VERTEX_POINT('',#301);
#301 = CARTESIAN_POINT('',(24.45,0.,0.));
#302 = SURFACE_CURVE('',#303,(#307,#314),.PCURVE_S1.);
#303 = LINE('',#304,#305);
#304 = CARTESIAN_POINT('',(24.45,0.,0.));
#305 = VECTOR('',#306,1.);
#306 = DIRECTION('',(0.,0.,1.));
#307 = PCURVE('',#234,#308);
#308 = DEFINITIONAL_REPRESENTATION('',(#309),#313);
#309 = LINE('',#310,#311);
#310 = CARTESIAN_POINT('',(27.833298403172,0.));
#311 = VECTOR('',#312,1.);
#312 = DIRECTION('',(0.,-1.));
#313 = ( GEOMETRIC_REPRESENTATION_CONTEXT(2) 
PARAMETRIC_REPRESENTATION_CONTEXT() REPRESENTATION_CONTEXT('2D SPACE',''
  ) );
#314 = PCURVE('',#315,#320);
#315 = PLANE('',#316);
#316 = AXIS2_PLACEMENT_3D('',#317,#318,#319);
#317 = CARTESIAN_POINT('',(24.45,0.,0.));
#318 = DIRECTION('',(-0.478915083596,0.877861232032,0.));
#319 = DIRECTION('',(0.877861232032,0.478915083596,0.));
#320 = DEFINITIONAL_REPRESENTATION('',(#321),#325);
#321 = LINE('',#322,#323);
#322 = CARTESIAN_POINT('',(0.,0.));
#323 = VECTOR('',#324,1.);
#324 = DIRECTION('',(0.,-1.));
#325 = ( GEOMETRIC_REPRESENTATION_CONTEXT(2) 
PARAMETRIC_REPRESENTATION_CONTEXT() REPRESENTATION_CONTEXT('2D SPACE',''
  ) );
#326 = ORIENTED_EDGE('',*,*,#327,.F.);
#327 = EDGE_CURVE('',#219,#300,#328,.T.);
#328 = SURFACE_CURVE('',#329,(#333,#340),.PCURVE_S1.);
#329 = LINE('',#330,#331);
#330 = CARTESIAN_POINT('',(0.,13.3,0.));
#331 = VECTOR('',#332,1.);
#332 = DIRECTION('',(0.878444216199,-0.477844911061,0.));
#333 = PCURVE('',#234,#334);
#334 = DEFINITIONAL_REPRESENTATION('',(#335),#339);
#335 = LINE('',#336,#337);
#336 = CARTESIAN_POINT('',(0.,0.));
#337 = VECTOR('',#338,1.);
#338 = DIRECTION('',(1.,0.));
#339 = ( GEOMETRIC_REPRESENTATION_CONTEXT(2) 
PARAMETRIC_REPRESENTATION_CONTEXT() REPRESENTATION_CONTEXT('2D SPACE',''
  ) );
#340 = PCURVE('',#260,#341);
#341 = DEFINITIONAL_REPRESENTATION('',(#342),#346);
#342 = LINE('',#343,#344);
#343 = CARTESIAN_POINT('',(-24.43413209579,-1.324133838494));
#344 = VECTOR('',#345,1.);
#345 = DIRECTION('',(0.878444216199,-0.477844911061));
#346 = ( GEOMETRIC_REPRESENTATION_CONTEXT(2) 
PARAMETRIC_REPRESENTATION_CONTEXT() REPRESENTATION_CONTEXT('2D SPACE',''
  ) );
#347 = ADVANCED_FACE('',(#348),#315,.F.);
#348 = FACE_BOUND('',#349,.F.);
#349 = EDGE_LOOP('',(#350,#351,#374,#402));
#350 = ORIENTED_EDGE('',*,*,#299,.T.);
#351 = ORIENTED_EDGE('',*,*,#352,.T.);
#352 = EDGE_CURVE('',#277,#353,#355,.T.);
#353 = VERTEX_POINT('',#354);
#354 = CARTESIAN_POINT('',(48.875,13.325,8.));
#355 = SURFACE_CURVE('',#356,(#360,#367),.PCURVE_S1.);
#356 = LINE('',#357,#358);
#357 = CARTESIAN_POINT('',(24.45,0.,8.));
#358 = VECTOR('',#359,1.);
#359 = DIRECTION('',(0.877861232032,0.478915083596,0.));
#360 = PCURVE('',#315,#361);
#361 = DEFINITIONAL_REPRESENTATION('',(#362),#366);
#362 = LINE('',#363,#364);
#363 = CARTESIAN_POINT('',(0.,-8.));
#364 = VECTOR('',#365,1.);
#365 = DIRECTION('',(1.,0.));
#366 = ( GEOMETRIC_REPRESENTATION_CONTEXT(2) 
PARAMETRIC_REPRESENTATION_CONTEXT() REPRESENTATION_CONTEXT('2D SPACE',''
  ) );
#367 = PCURVE('',#206,#368);
#368 = DEFINITIONAL_REPRESENTATION('',(#369),#373);
#369 = LINE('',#370,#371);
#370 = CARTESIAN_POINT('',(1.586790420154E-02,-14.62413383849));
#371 = VECTOR('',#372,1.);
#372 = DIRECTION('',(0.877861232032,0.478915083596));
#373 = ( GEOMETRIC_REPRESENTATION_CONTEXT(2) 
PARAMETRIC_REPRESENTATION_CONTEXT() REPRESENTATION_CONTEXT('2D SPACE',''
  ) );
#374 = ORIENTED_EDGE('',*,*,#375,.F.);
#375 = EDGE_CURVE('',#376,#353,#378,.T.);
#376 = VERTEX_POINT('',#377);
#377 = CARTESIAN_POINT('',(48.875,13.325,0.));
#378 = SURFACE_CURVE('',#379,(#383,#390),.PCURVE_S1.);
#379 = LINE('',#380,#381);
#380 = CARTESIAN_POINT('',(48.875,13.325,0.));
#381 = VECTOR('',#382,1.);
#382 = DIRECTION('',(0.,0.,1.));
#383 = PCURVE('',#315,#384);
#384 = DEFINITIONAL_REPRESENTATION('',(#385),#389);
#385 = LINE('',#386,#387);
#386 = CARTESIAN_POINT('',(27.823304081291,0.));
#387 = VECTOR('',#388,1.);
#388 = DIRECTION('',(0.,-1.));
#389 = ( GEOMETRIC_REPRESENTATION_CONTEXT(2) 
PARAMETRIC_REPRESENTATION_CONTEXT() REPRESENTATION_CONTEXT('2D SPACE',''
  ) );
#390 = PCURVE('',#391,#396);
#391 = PLANE('',#392);
#392 = AXIS2_PLACEMENT_3D('',#393,#394,#395);
#393 = CARTESIAN_POINT('',(48.875,13.325,0.));
#394 = DIRECTION('',(-1.,0.,0.));
#395 = DIRECTION('',(0.,1.,0.));
#396 = DEFINITIONAL_REPRESENTATION('',(#397),#401);
#397 = LINE('',#398,#399);
#398 = CARTESIAN_POINT('',(0.,0.));
#399 = VECTOR('',#400,1.);
#400 = DIRECTION('',(0.,-1.));
#401 = ( GEOMETRIC_REPRESENTATION_CONTEXT(2) 
PARAMETRIC_REPRESENTATION_CONTEXT() REPRESENTATION_CONTEXT('2D SPACE',''
  ) );
#402 = ORIENTED_EDGE('',*,*,#403,.F.);
#403 = EDGE_CURVE('',#300,#376,#404,.T.);
#404 = SURFACE_CURVE('',#405,(#409,#416),.PCURVE_S1.);
#405 = LINE('',#406,#407);
#406 = CARTESIAN_POINT('',(24.45,0.,0.));
#407 = VECTOR('',#408,1.);
#408 = DIRECTION('',(0.877861232032,0.478915083596,0.));
#409 = PCURVE('',#315,#410);
#410 = DEFINITIONAL_REPRESENTATION('',(#411),#415);
#411 = LINE('',#412,#413);
#412 = CARTESIAN_POINT('',(0.,0.));
#413 = VECTOR('',#414,1.);
#414 = DIRECTION('',(1.,0.));
#415 = ( GEOMETRIC_REPRESENTATION_CONTEXT(2) 
PARAMETRIC_REPRESENTATION_CONTEXT() REPRESENTATION_CONTEXT('2D SPACE',''
  ) );
#416 = PCURVE('',#260,#417);
#417 = DEFINITIONAL_REPRESENTATION('',(#418),#422);
#418 = LINE('',#419,#420);
#419 = CARTESIAN_POINT('',(1.586790420154E-02,-14.62413383849));
#420 = VECTOR('',#421,1.);
#421 = DIRECTION('',(0.877861232032,0.478915083596));
#422 = ( GEOMETRIC_REPRESENTATION_CONTEXT(2) 
PARAMETRIC_REPRESENTATION_CONTEXT() REPRESENTATION_CONTEXT('2D SPACE',''
  ) );
#423 = ADVANCED_FACE('',(#424),#391,.F.);
#424 = FACE_BOUND('',#425,.F.);
#425 = EDGE_LOOP('',(#426,#427,#450,#478));
#426 = ORIENTED_EDGE('',*,*,#375,.T.);
#427 = ORIENTED_EDGE('',*,*,#428,.T.);
#428 = EDGE_CURVE('',#353,#429,#431,.T.);
#429 = VERTEX_POINT('',#430);
#430 = CARTESIAN_POINT('',(48.875,26.675,8.));
#431 = SURFACE_CURVE('',#432,(#436,#443),.PCURVE_S1.);
#432 = LINE('',#433,#434);
#433 = CARTESIAN_POINT('',(48.875,13.325,8.));
#434 = VECTOR('',#435,1.);
#435 = DIRECTION('',(0.,1.,0.));
#436 = PCURVE('',#391,#437);
#437 = DEFINITIONAL_REPRESENTATION('',(#438),#442);
#438 = LINE('',#439,#440);
#439 = CARTESIAN_POINT('',(0.,-8.));
#440 = VECTOR('',#441,1.);
#441 = DIRECTION('',(1.,0.));
#442 = ( GEOMETRIC_REPRESENTATION_CONTEXT(2) 
PARAMETRIC_REPRESENTATION_CONTEXT() REPRESENTATION_CONTEXT('2D SPACE',''
  ) );
#443 = PCURVE('',#206,#444);
#444 = DEFINITIONAL_REPRESENTATION('',(#445),#449);
#445 = LINE('',#446,#447);
#446 = CARTESIAN_POINT('',(24.440867904202,-1.299133838494));
#447 = VECTOR('',#448,1.);
#448 = DIRECTION('',(0.,1.));
#449 = ( GEOMETRIC_REPRESENTATION_CONTEXT(2) 
PARAMETRIC_REPRESENTATION_CONTEXT() REPRESENTATION_CONTEXT('2D SPACE',''
  ) );
#450 = ORIENTED_EDGE('',*,*,#451,.F.);
#451 = EDGE_CURVE('',#452,#429,#454,.T.);
#452 = VERTEX_POINT('',#453);
#453 = CARTESIAN_POINT('',(48.875,26.675,0.));
#454 = SURFACE_CURVE('',#455,(#459,#466),.PCURVE_S1.);
#455 = LINE('',#456,#457);
#456 = CARTESIAN_POINT('',(48.875,26.675,0.));
#457 = VECTOR('',#458,1.);
#458 = DIRECTION('',(0.,0.,1.));
#459 = PCURVE('',#391,#460);
#460 = DEFINITIONAL_REPRESENTATION('',(#461),#465);
#461 = LINE('',#462,#463);
#462 = CARTESIAN_POINT('',(13.35,0.));
#463 = VECTOR('',#464,1.);
#464 = DIRECTION('',(0.,-1.));
#465 = ( GEOMETRIC_REPRESENTATION_CONTEXT(2) 
PARAMETRIC_REPRESENTATION_CONTEXT() REPRESENTATION_CONTEXT('2D SPACE',''
  ) );
#466 = PCURVE('',#467,#472);
#467 = PLANE('',#468);
#468 = AXIS2_PLACEMENT_3D('',#469,#470,#471);
#469 = CARTESIAN_POINT('',(48.875,26.675,0.));
#470 = DIRECTION('',(0.478537577336,-0.878067074361,0.));
#471 = DIRECTION('',(-0.878067074361,-0.478537577336,0.));
#472 = DEFINITIONAL_REPRESENTATION('',(#473),#477);
#473 = LINE('',#474,#475);
#474 = CARTESIAN_POINT('',(0.,0.));
#475 = VECTOR('',#476,1.);
#476 = DIRECTION('',(0.,-1.));
#477 = ( GEOMETRIC_REPRESENTATION_CONTEXT(2) 
PARAMETRIC_REPRESENTATION_CONTEXT() REPRESENTATION_CONTEXT('2D SPACE',''
  ) );
#478 = ORIENTED_EDGE('',*,*,#479,.F.);
#479 = EDGE_CURVE('',#376,#452,#480,.T.);
#480 = SURFACE_CURVE('',#481,(#485,#492),.PCURVE_S1.);
#481 = LINE('',#482,#483);
#482 = CARTESIAN_POINT('',(48.875,13.325,0.));
#483 = VECTOR('',#484,1.);
#484 = DIRECTION('',(0.,1.,0.));
#485 = PCURVE('',#391,#486);
#486 = DEFINITIONAL_REPRESENTATION('',(#487),#491);
#487 = LINE('',#488,#489);
#488 = CARTESIAN_POINT('',(0.,0.));
#489 = VECTOR('',#490,1.);
#490 = DIRECTION('',(1.,0.));
#491 = ( GEOMETRIC_REPRESENTATION_CONTEXT(2) 
PARAMETRIC_REPRESENTATION_CONTEXT() REPRESENTATION_CONTEXT('2D SPACE',''
  ) );
#492 = PCURVE('',#260,#493);
#493 = DEFINITIONAL_REPRESENTATION('',(#494),#498);
#494 = LINE('',#495,#496);
#495 = CARTESIAN_POINT('',(24.440867904202,-1.299133838494));
#496 = VECTOR('',#497,1.);
#497 = DIRECTION('',(0.,1.));
#498 = ( GEOMETRIC_REPRESENTATION_CONTEXT(2) 
PARAMETRIC_REPRESENTATION_CONTEXT() REPRESENTATION_CONTEXT('2D SPACE',''
  ) );
#499 = ADVANCED_FACE('',(#500),#467,.F.);
#500 = FACE_BOUND('',#501,.F.);
#501 = EDGE_LOOP('',(#502,#503,#526,#549));
#502 = ORIENTED_EDGE('',*,*,#451,.T.);
#503 = ORIENTED_EDGE('',*,*,#504,.T.);
#504 = EDGE_CURVE('',#429,#505,#507,.T.);
#505 = VERTEX_POINT('',#506);
#506 = CARTESIAN_POINT('',(24.425,13.35,8.));
#507 = SURFACE_CURVE('',#508,(#512,#519),.PCURVE_S1.);
#508 = LINE('',#509,#510);
#509 = CARTESIAN_POINT('',(48.875,26.675,8.));
#510 = VECTOR('',#511,1.);
#511 = DIRECTION('',(-0.878067074361,-0.478537577336,0.));
#512 = PCURVE('',#467,#513);
#513 = DEFINITIONAL_REPRESENTATION('',(#514),#518);
#514 = LINE('',#515,#516);
#515 = CARTESIAN_POINT('',(0.,-8.));
#516 = VECTOR('',#517,1.);
#517 = DIRECTION('',(1.,0.));
#518 = ( GEOMETRIC_REPRESENTATION_CONTEXT(2) 
PARAMETRIC_REPRESENTATION_CONTEXT() REPRESENTATION_CONTEXT('2D SPACE',''
  ) );
#519 = PCURVE('',#206,#520);
#520 = DEFINITIONAL_REPRESENTATION('',(#521),#525);
#521 = LINE('',#522,#523);
#522 = CARTESIAN_POINT('',(24.440867904202,12.050866161506));
#523 = VECTOR('',#524,1.);
#524 = DIRECTION('',(-0.878067074361,-0.478537577336));
#525 = ( GEOMETRIC_REPRESENTATION_CONTEXT(2) 
PARAMETRIC_REPRESENTATION_CONTEXT() REPRESENTATION_CONTEXT('2D SPACE',''
  ) );
#526 = ORIENTED_EDGE('',*,*,#527,.F.);
#527 = EDGE_CURVE('',#528,#505,#530,.T.);
#528 = VERTEX_POINT('',#529);
#529 = CARTESIAN_POINT('',(24.425,13.35,0.));
#530 = SURFACE_CURVE('',#531,(#535,#542),.PCURVE_S1.);
#531 = LINE('',#532,#533);
#532 = CARTESIAN_POINT('',(24.425,13.35,0.));
#533 = VECTOR('',#534,1.);
#534 = DIRECTION('',(0.,0.,1.));
#535 = PCURVE('',#467,#536);
#536 = DEFINITIONAL_REPRESENTATION('',(#537),#541);
#537 = LINE('',#538,#539);
#538 = CARTESIAN_POINT('',(27.845253186136,0.));
#539 = VECTOR('',#540,1.);
#540 = DIRECTION('',(0.,-1.));
#541 = ( GEOMETRIC_REPRESENTATION_CONTEXT(2) 
PARAMETRIC_REPRESENTATION_CONTEXT() REPRESENTATION_CONTEXT('2D SPACE',''
  ) );
#542 = PCURVE('',#178,#543);
#543 = DEFINITIONAL_REPRESENTATION('',(#544),#548);
#544 = LINE('',#545,#546);
#545 = CARTESIAN_POINT('',(0.,0.));
#546 = VECTOR('',#547,1.);
#547 = DIRECTION('',(0.,-1.));
#548 = ( GEOMETRIC_REPRESENTATION_CONTEXT(2) 
PARAMETRIC_REPRESENTATION_CONTEXT() REPRESENTATION_CONTEXT('2D SPACE',''
  ) );
#549 = ORIENTED_EDGE('',*,*,#550,.F.);
#550 = EDGE_CURVE('',#452,#528,#551,.T.);
#551 = SURFACE_CURVE('',#552,(#556,#563),.PCURVE_S1.);
#552 = LINE('',#553,#554);
#553 = CARTESIAN_POINT('',(48.875,26.675,0.));
#554 = VECTOR('',#555,1.);
#555 = DIRECTION('',(-0.878067074361,-0.478537577336,0.));
#556 = PCURVE('',#467,#557);
#557 = DEFINITIONAL_REPRESENTATION('',(#558),#562);
#558 = LINE('',#559,#560);
#559 = CARTESIAN_POINT('',(0.,0.));
#560 = VECTOR('',#561,1.);
#561 = DIRECTION('',(1.,0.));
#562 = ( GEOMETRIC_REPRESENTATION_CONTEXT(2) 
PARAMETRIC_REPRESENTATION_CONTEXT() REPRESENTATION_CONTEXT('2D SPACE',''
  ) );
#563 = PCURVE('',#260,#564);
#564 = DEFINITIONAL_REPRESENTATION('',(#565),#569);
#565 = LINE('',#566,#567);
#566 = CARTESIAN_POINT('',(24.440867904202,12.050866161506));
#567 = VECTOR('',#568,1.);
#568 = DIRECTION('',(-0.878067074361,-0.478537577336));
#569 = ( GEOMETRIC_REPRESENTATION_CONTEXT(2) 
PARAMETRIC_REPRESENTATION_CONTEXT() REPRESENTATION_CONTEXT('2D SPACE',''
  ) );
#570 = ADVANCED_FACE('',(#571),#178,.F.);
#571 = FACE_BOUND('',#572,.F.);
#572 = EDGE_LOOP('',(#573,#574,#595,#596));
#573 = ORIENTED_EDGE('',*,*,#527,.T.);
#574 = ORIENTED_EDGE('',*,*,#575,.T.);
#575 = EDGE_CURVE('',#505,#158,#576,.T.);
#576 = SURFACE_CURVE('',#577,(#581,#588),.PCURVE_S1.);
#577 = LINE('',#578,#579);
#578 = CARTESIAN_POINT('',(24.425,13.35,8.));
#579 = VECTOR('',#580,1.);
#580 = DIRECTION('',(-0.877861232032,0.478915083596,0.));
#581 = PCURVE('',#178,#582);
#582 = DEFINITIONAL_REPRESENTATION('',(#583),#587);
#583 = LINE('',#584,#585);
#584 = CARTESIAN_POINT('',(0.,-8.));
#585 = VECTOR('',#586,1.);
#586 = DIRECTION('',(1.,0.));
#587 = ( GEOMETRIC_REPRESENTATION_CONTEXT(2) 
PARAMETRIC_REPRESENTATION_CONTEXT() REPRESENTATION_CONTEXT('2D SPACE',''
  ) );
#588 = PCURVE('',#206,#589);
#589 = DEFINITIONAL_REPRESENTATION('',(#590),#594);
#590 = LINE('',#591,#592);
#591 = CARTESIAN_POINT('',(-9.132095798464E-03,-1.274133838494));
#592 = VECTOR('',#593,1.);
#593 = DIRECTION('',(-0.877861232032,0.478915083596));
#594 = ( GEOMETRIC_REPRESENTATION_CONTEXT(2) 
PARAMETRIC_REPRESENTATION_CONTEXT() REPRESENTATION_CONTEXT('2D SPACE',''
  ) );
#595 = ORIENTED_EDGE('',*,*,#155,.F.);
#596 = ORIENTED_EDGE('',*,*,#597,.F.);
#597 = EDGE_CURVE('',#528,#156,#598,.T.);
#598 = SURFACE_CURVE('',#599,(#603,#610),.PCURVE_S1.);
#599 = LINE('',#600,#601);
#600 = CARTESIAN_POINT('',(24.425,13.35,0.));
#601 = VECTOR('',#602,1.);
#602 = DIRECTION('',(-0.877861232032,0.478915083596,0.));
#603 = PCURVE('',#178,#604);
#604 = DEFINITIONAL_REPRESENTATION('',(#605),#609);
#605 = LINE('',#606,#607);
#606 = CARTESIAN_POINT('',(0.,0.));
#607 = VECTOR('',#608,1.);
#608 = DIRECTION('',(1.,0.));
#609 = ( GEOMETRIC_REPRESENTATION_CONTEXT(2) 
PARAMETRIC_REPRESENTATION_CONTEXT() REPRESENTATION_CONTEXT('2D SPACE',''
  ) );
#610 = PCURVE('',#260,#611);
#611 = DEFINITIONAL_REPRESENTATION('',(#612),#616);
#612 = LINE('',#613,#614);
#613 = CARTESIAN_POINT('',(-9.132095798464E-03,-1.274133838494));
#614 = VECTOR('',#615,1.);
#615 = DIRECTION('',(-0.877861232032,0.478915083596));
#616 = ( GEOMETRIC_REPRESENTATION_CONTEXT(2) 
PARAMETRIC_REPRESENTATION_CONTEXT() REPRESENTATION_CONTEXT('2D SPACE',''
  ) );
#617 = ADVANCED_FACE('',(#618),#260,.F.);
#618 = FACE_BOUND('',#619,.F.);
#619 = EDGE_LOOP('',(#620,#621,#622,#623,#624,#625));
#620 = ORIENTED_EDGE('',*,*,#246,.T.);
#621 = ORIENTED_EDGE('',*,*,#327,.T.);
#622 = ORIENTED_EDGE('',*,*,#403,.T.);
#623 = ORIENTED_EDGE('',*,*,#479,.T.);
#624 = ORIENTED_EDGE('',*,*,#550,.T.);
#625 = ORIENTED_EDGE('',*,*,#597,.T.);
#626 = ADVANCED_FACE('',(#627),#206,.T.);
#627 = FACE_BOUND('',#628,.T.);
#628 = EDGE_LOOP('',(#629,#630,#631,#632,#633,#634));
#629 = ORIENTED_EDGE('',*,*,#190,.T.);
#630 = ORIENTED_EDGE('',*,*,#276,.T.);
#631 = ORIENTED_EDGE('',*,*,#352,.T.);
#632 = ORIENTED_EDGE('',*,*,#428,.T.);
#633 = ORIENTED_EDGE('',*,*,#504,.T.);
#634 = ORIENTED_EDGE('',*,*,#575,.T.);
#635 = ( GEOMETRIC_REPRESENTATION_CONTEXT(3) 
GLOBAL_UNCERTAINTY_ASSIGNED_CONTEXT((#639)) GLOBAL_UNIT_ASSIGNED_CONTEXT
((#636,#637,#638)) REPRESENTATION_CONTEXT('Context #1',
  '3D Context with UNIT and UNCERTAINTY') );
#636 = ( LENGTH_UNIT() NAMED_UNIT(*) SI_UNIT(.MILLI.,.METRE.) );
#637 = ( NAMED_UNIT(*) PLANE_ANGLE_UNIT() SI_UNIT($,.RADIAN.) );
#638 = ( NAMED_UNIT(*) SI_UNIT($,.STERADIAN.) SOLID_ANGLE_UNIT() );
#639 = UNCERTAINTY_MEASURE_WITH_UNIT(LENGTH_MEASURE(1.E-07),#636,
  'distance_accuracy_value','confusion accuracy');
#640 = CONTEXT_DEPENDENT_SHAPE_REPRESENTATION(#641,#643);
#641 = ( REPRESENTATION_RELATIONSHIP('','',#148,#10) 
REPRESENTATION_RELATIONSHIP_WITH_TRANSFORMATION(#642) 
SHAPE_REPRESENTATION_RELATIONSHIP() );
#642 = ITEM_DEFINED_TRANSFORMATION('','',#11,#15);
#643 = PRODUCT_DEFINITION_SHAPE('Placement','Placement of an item',#644
  );
#644 = NEXT_ASSEMBLY_USAGE_OCCURRENCE('101','part_0007__04','',#5,#143,$
  );
#645 = PRODUCT_RELATED_PRODUCT_CATEGORY('part',$,(#145));
#646 = SHAPE_DEFINITION_REPRESENTATION(#647,#653);
#647 = PRODUCT_DEFINITION_SHAPE('','',#648);
#648 = PRODUCT_DEFINITION('design','',#649,#652);
#649 = PRODUCT_DEFINITION_FORMATION('','',#650);
#650 = PRODUCT('part_0007__05','part_0007__05','',(#651));
#651 = PRODUCT_CONTEXT('',#2,'mechanical');
#652 = PRODUCT_DEFINITION_CONTEXT('part definition',#2,'design');
#653 = ADVANCED_BREP_SHAPE_REPRESENTATION('',(#11,#654),#1140);
#654 = MANIFOLD_SOLID_BREP('',#655);
#655 = CLOSED_SHELL('',(#656,#776,#852,#928,#1004,#1075,#1122,#1131));
#656 = ADVANCED_FACE('',(#657),#671,.F.);
#657 = FACE_BOUND('',#658,.F.);
#658 = EDGE_LOOP('',(#659,#694,#722,#750));
#659 = ORIENTED_EDGE('',*,*,#660,.T.);
#660 = EDGE_CURVE('',#661,#663,#665,.T.);
#661 = VERTEX_POINT('',#662);
#662 = CARTESIAN_POINT('',(52.875,26.675,0.));
#663 = VERTEX_POINT('',#664);
#664 = CARTESIAN_POINT('',(52.875,26.675,8.));
#665 = SURFACE_CURVE('',#666,(#670,#682),.PCURVE_S1.);
#666 = LINE('',#667,#668);
#667 = CARTESIAN_POINT('',(52.875,26.675,0.));
#668 = VECTOR('',#669,1.);
#669 = DIRECTION('',(0.,0.,1.));
#670 = PCURVE('',#671,#676);
#671 = PLANE('',#672);
#672 = AXIS2_PLACEMENT_3D('',#673,#674,#675);
#673 = CARTESIAN_POINT('',(52.875,26.675,0.));
#674 = DIRECTION('',(1.,0.,-0.));
#675 = DIRECTION('',(0.,-1.,0.));
#676 = DEFINITIONAL_REPRESENTATION('',(#677),#681);
#677 = LINE('',#678,#679);
#678 = CARTESIAN_POINT('',(0.,0.));
#679 = VECTOR('',#680,1.);
#680 = DIRECTION('',(0.,-1.));
#681 = ( GEOMETRIC_REPRESENTATION_CONTEXT(2) 
PARAMETRIC_REPRESENTATION_CONTEXT() REPRESENTATION_CONTEXT('2D SPACE',''
  ) );
#682 = PCURVE('',#683,#688);
#683 = PLANE('',#684);
#684 = AXIS2_PLACEMENT_3D('',#685,#686,#687);
#685 = CARTESIAN_POINT('',(77.3,13.35,0.));
#686 = DIRECTION('',(-0.478915083596,-0.877861232032,0.));
#687 = DIRECTION('',(-0.877861232032,0.478915083596,0.));
#688 = DEFINITIONAL_REPRESENTATION('',(#689),#693);
#689 = LINE('',#690,#691);
#690 = CARTESIAN_POINT('',(27.823304081291,0.));
#691 = VECTOR('',#692,1.);
#692 = DIRECTION('',(0.,-1.));
#693 = ( GEOMETRIC_REPRESENTATION_CONTEXT(2) 
PARAMETRIC_REPRESENTATION_CONTEXT() REPRESENTATION_CONTEXT('2D SPACE',''
  ) );
#694 = ORIENTED_EDGE('',*,*,#695,.T.);
#695 = EDGE_CURVE('',#663,#696,#698,.T.);
#696 = VERTEX_POINT('',#697);
#697 = CARTESIAN_POINT('',(52.875,13.3,8.));
#698 = SURFACE_CURVE('',#699,(#703,#710),.PCURVE_S1.);
#699 = LINE('',#700,#701);
#700 = CARTESIAN_POINT('',(52.875,26.675,8.));
#701 = VECTOR('',#702,1.);
#702 = DIRECTION('',(0.,-1.,0.));
#703 = PCURVE('',#671,#704);
#704 = DEFINITIONAL_REPRESENTATION('',(#705),#709);
#705 = LINE('',#706,#707);
#706 = CARTESIAN_POINT('',(0.,-8.));
#707 = VECTOR('',#708,1.);
#708 = DIRECTION('',(1.,0.));
#709 = ( GEOMETRIC_REPRESENTATION_CONTEXT(2) 
PARAMETRIC_REPRESENTATION_CONTEXT() REPRESENTATION_CONTEXT('2D SPACE',''
  ) );
#710 = PCURVE('',#711,#716);
#711 = PLANE('',#712);
#712 = AXIS2_PLACEMENT_3D('',#713,#714,#715);
#713 = CARTESIAN_POINT('',(77.309132095798,14.624133838494,8.));
#714 = DIRECTION('',(0.,0.,1.));
#715 = DIRECTION('',(1.,0.,0.));
#716 = DEFINITIONAL_REPRESENTATION('',(#717),#721);
#717 = LINE('',#718,#719);
#718 = CARTESIAN_POINT('',(-24.43413209579,12.050866161506));
#719 = VECTOR('',#720,1.);
#720 = DIRECTION('',(0.,-1.));
#721 = ( GEOMETRIC_REPRESENTATION_CONTEXT(2) 
PARAMETRIC_REPRESENTATION_CONTEXT() REPRESENTATION_CONTEXT('2D SPACE',''
  ) );
#722 = ORIENTED_EDGE('',*,*,#723,.F.);
#723 = EDGE_CURVE('',#724,#696,#726,.T.);
#724 = VERTEX_POINT('',#725);
#725 = CARTESIAN_POINT('',(52.875,13.3,0.));
#726 = SURFACE_CURVE('',#727,(#731,#738),.PCURVE_S1.);
#727 = LINE('',#728,#729);
#728 = CARTESIAN_POINT('',(52.875,13.3,0.));
#729 = VECTOR('',#730,1.);
#730 = DIRECTION('',(0.,0.,1.));
#731 = PCURVE('',#671,#732);
#732 = DEFINITIONAL_REPRESENTATION('',(#733),#737);
#733 = LINE('',#734,#735);
#734 = CARTESIAN_POINT('',(13.375,0.));
#735 = VECTOR('',#736,1.);
#736 = DIRECTION('',(0.,-1.));
#737 = ( GEOMETRIC_REPRESENTATION_CONTEXT(2) 
PARAMETRIC_REPRESENTATION_CONTEXT() REPRESENTATION_CONTEXT('2D SPACE',''
  ) );
#738 = PCURVE('',#739,#744);
#739 = PLANE('',#740);
#740 = AXIS2_PLACEMENT_3D('',#741,#742,#743);
#741 = CARTESIAN_POINT('',(52.875,13.3,0.));
#742 = DIRECTION('',(0.477844911061,0.878444216199,-0.));
#743 = DIRECTION('',(0.878444216199,-0.477844911061,0.));
#744 = DEFINITIONAL_REPRESENTATION('',(#745),#749);
#745 = LINE('',#746,#747);
#746 = CARTESIAN_POINT('',(0.,0.));
#747 = VECTOR('',#748,1.);
#748 = DIRECTION('',(0.,-1.));
#749 = ( GEOMETRIC_REPRESENTATION_CONTEXT(2) 
PARAMETRIC_REPRESENTATION_CONTEXT() REPRESENTATION_CONTEXT('2D SPACE',''
  ) );
#750 = ORIENTED_EDGE('',*,*,#751,.F.);
#751 = EDGE_CURVE('',#661,#724,#752,.T.);
#752 = SURFACE_CURVE('',#753,(#757,#764),.PCURVE_S1.);
#753 = LINE('',#754,#755);
#754 = CARTESIAN_POINT('',(52.875,26.675,0.));
#755 = VECTOR('',#756,1.);
#756 = DIRECTION('',(0.,-1.,0.));
#757 = PCURVE('',#671,#758);
#758 = DEFINITIONAL_REPRESENTATION('',(#759),#763);
#759 = LINE('',#760,#761);
#760 = CARTESIAN_POINT('',(0.,0.));
#761 = VECTOR('',#762,1.);
#762 = DIRECTION('',(1.,0.));
#763 = ( GEOMETRIC_REPRESENTATION_CONTEXT(2) 
PARAMETRIC_REPRESENTATION_CONTEXT() REPRESENTATION_CONTEXT('2D SPACE',''
  ) );
#764 = PCURVE('',#765,#770);
#765 = PLANE('',#766);
#766 = AXIS2_PLACEMENT_3D('',#767,#768,#769);
#767 = CARTESIAN_POINT('',(77.309132095798,14.624133838494,0.));
#768 = DIRECTION('',(0.,0.,1.));
#769 = DIRECTION('',(1.,0.,0.));
#770 = DEFINITIONAL_REPRESENTATION('',(#771),#775);
#771 = LINE('',#772,#773);
#772 = CARTESIAN_POINT('',(-24.43413209579,12.050866161506));
#773 = VECTOR('',#774,1.);
#774 = DIRECTION('',(0.,-1.));
#775 = ( GEOMETRIC_REPRESENTATION_CONTEXT(2) 
PARAMETRIC_REPRESENTATION_CONTEXT() REPRESENTATION_CONTEXT('2D SPACE',''
  ) );
#776 = ADVANCED_FACE('',(#777),#739,.F.);
#777 = FACE_BOUND('',#778,.F.);
#778 = EDGE_LOOP('',(#779,#780,#803,#831));
#779 = ORIENTED_EDGE('',*,*,#723,.T.);
#780 = ORIENTED_EDGE('',*,*,#781,.T.);
#781 = EDGE_CURVE('',#696,#782,#784,.T.);
#782 = VERTEX_POINT('',#783);
#783 = CARTESIAN_POINT('',(77.325,0.,8.));
#784 = SURFACE_CURVE('',#785,(#789,#796),.PCURVE_S1.);
#785 = LINE('',#786,#787);
#786 = CARTESIAN_POINT('',(52.875,13.3,8.));
#787 = VECTOR('',#788,1.);
#788 = DIRECTION('',(0.878444216199,-0.477844911061,0.));
#789 = PCURVE('',#739,#790);
#790 = DEFINITIONAL_REPRESENTATION('',(#791),#795);
#791 = LINE('',#792,#793);
#792 = CARTESIAN_POINT('',(0.,-8.));
#793 = VECTOR('',#794,1.);
#794 = DIRECTION('',(1.,0.));
#795 = ( GEOMETRIC_REPRESENTATION_CONTEXT(2) 
PARAMETRIC_REPRESENTATION_CONTEXT() REPRESENTATION_CONTEXT('2D SPACE',''
  ) );
#796 = PCURVE('',#711,#797);
#797 = DEFINITIONAL_REPRESENTATION('',(#798),#802);
#798 = LINE('',#799,#800);
#799 = CARTESIAN_POINT('',(-24.43413209579,-1.324133838494));
#800 = VECTOR('',#801,1.);
#801 = DIRECTION('',(0.878444216199,-0.477844911061));
#802 = ( GEOMETRIC_REPRESENTATION_CONTEXT(2) 
PARAMETRIC_REPRESENTATION_CONTEXT() REPRESENTATION_CONTEXT('2D SPACE',''
  ) );
#803 = ORIENTED_EDGE('',*,*,#804,.F.);
#804 = EDGE_CURVE('',#805,#782,#807,.T.);
#805 = VERTEX_POINT('',#806);
#806 = CARTESIAN_POINT('',(77.325,0.,0.));
#807 = SURFACE_CURVE('',#808,(#812,#819),.PCURVE_S1.);
#808 = LINE('',#809,#810);
#809 = CARTESIAN_POINT('',(77.325,0.,0.));
#810 = VECTOR('',#811,1.);
#811 = DIRECTION('',(0.,0.,1.));
#812 = PCURVE('',#739,#813);
#813 = DEFINITIONAL_REPRESENTATION('',(#814),#818);
#814 = LINE('',#815,#816);
#815 = CARTESIAN_POINT('',(27.833298403172,0.));
#816 = VECTOR('',#817,1.);
#817 = DIRECTION('',(0.,-1.));
#818 = ( GEOMETRIC_REPRESENTATION_CONTEXT(2) 
PARAMETRIC_REPRESENTATION_CONTEXT() REPRESENTATION_CONTEXT('2D SPACE',''
  ) );
#819 = PCURVE('',#820,#825);
#820 = PLANE('',#821);
#821 = AXIS2_PLACEMENT_3D('',#822,#823,#824);
#822 = CARTESIAN_POINT('',(77.325,0.,0.));
#823 = DIRECTION('',(-0.478915083596,0.877861232032,0.));
#824 = DIRECTION('',(0.877861232032,0.478915083596,0.));
#825 = DEFINITIONAL_REPRESENTATION('',(#826),#830);
#826 = LINE('',#827,#828);
#827 = CARTESIAN_POINT('',(0.,0.));
#828 = VECTOR('',#829,1.);
#829 = DIRECTION('',(0.,-1.));
#830 = ( GEOMETRIC_REPRESENTATION_CONTEXT(2) 
PARAMETRIC_REPRESENTATION_CONTEXT() REPRESENTATION_CONTEXT('2D SPACE',''
  ) );
#831 = ORIENTED_EDGE('',*,*,#832,.F.);
#832 = EDGE_CURVE('',#724,#805,#833,.T.);
#833 = SURFACE_CURVE('',#834,(#838,#845),.PCURVE_S1.);
#834 = LINE('',#835,#836);
#835 = CARTESIAN_POINT('',(52.875,13.3,0.));
#836 = VECTOR('',#837,1.);
#837 = DIRECTION('',(0.878444216199,-0.477844911061,0.));
#838 = PCURVE('',#739,#839);
#839 = DEFINITIONAL_REPRESENTATION('',(#840),#844);
#840 = LINE('',#841,#842);
#841 = CARTESIAN_POINT('',(0.,0.));
#842 = VECTOR('',#843,1.);
#843 = DIRECTION('',(1.,0.));
#844 = ( GEOMETRIC_REPRESENTATION_CONTEXT(2) 
PARAMETRIC_REPRESENTATION_CONTEXT() REPRESENTATION_CONTEXT('2D SPACE',''
  ) );
#845 = PCURVE('',#765,#846);
#846 = DEFINITIONAL_REPRESENTATION('',(#847),#851);
#847 = LINE('',#848,#849);
#848 = CARTESIAN_POINT('',(-24.43413209579,-1.324133838494));
#849 = VECTOR('',#850,1.);
#850 = DIRECTION('',(0.878444216199,-0.477844911061));
#851 = ( GEOMETRIC_REPRESENTATION_CONTEXT(2) 
PARAMETRIC_REPRESENTATION_CONTEXT() REPRESENTATION_CONTEXT('2D SPACE',''
  ) );
#852 = ADVANCED_FACE('',(#853),#820,.F.);
#853 = FACE_BOUND('',#854,.F.);
#854 = EDGE_LOOP('',(#855,#856,#879,#907));
#855 = ORIENTED_EDGE('',*,*,#804,.T.);
#856 = ORIENTED_EDGE('',*,*,#857,.T.);
#857 = EDGE_CURVE('',#782,#858,#860,.T.);
#858 = VERTEX_POINT('',#859);
#859 = CARTESIAN_POINT('',(101.75,13.325,8.));
#860 = SURFACE_CURVE('',#861,(#865,#872),.PCURVE_S1.);
#861 = LINE('',#862,#863);
#862 = CARTESIAN_POINT('',(77.325,0.,8.));
#863 = VECTOR('',#864,1.);
#864 = DIRECTION('',(0.877861232032,0.478915083596,0.));
#865 = PCURVE('',#820,#866);
#866 = DEFINITIONAL_REPRESENTATION('',(#867),#871);
#867 = LINE('',#868,#869);
#868 = CARTESIAN_POINT('',(0.,-8.));
#869 = VECTOR('',#870,1.);
#870 = DIRECTION('',(1.,0.));
#871 = ( GEOMETRIC_REPRESENTATION_CONTEXT(2) 
PARAMETRIC_REPRESENTATION_CONTEXT() REPRESENTATION_CONTEXT('2D SPACE',''
  ) );
#872 = PCURVE('',#711,#873);
#873 = DEFINITIONAL_REPRESENTATION('',(#874),#878);
#874 = LINE('',#875,#876);
#875 = CARTESIAN_POINT('',(1.586790420153E-02,-14.62413383849));
#876 = VECTOR('',#877,1.);
#877 = DIRECTION('',(0.877861232032,0.478915083596));
#878 = ( GEOMETRIC_REPRESENTATION_CONTEXT(2) 
PARAMETRIC_REPRESENTATION_CONTEXT() REPRESENTATION_CONTEXT('2D SPACE',''
  ) );
#879 = ORIENTED_EDGE('',*,*,#880,.F.);
#880 = EDGE_CURVE('',#881,#858,#883,.T.);
#881 = VERTEX_POINT('',#882);
#882 = CARTESIAN_POINT('',(101.75,13.325,0.));
#883 = SURFACE_CURVE('',#884,(#888,#895),.PCURVE_S1.);
#884 = LINE('',#885,#886);
#885 = CARTESIAN_POINT('',(101.75,13.325,0.));
#886 = VECTOR('',#887,1.);
#887 = DIRECTION('',(0.,0.,1.));
#888 = PCURVE('',#820,#889);
#889 = DEFINITIONAL_REPRESENTATION('',(#890),#894);
#890 = LINE('',#891,#892);
#891 = CARTESIAN_POINT('',(27.823304081291,0.));
#892 = VECTOR('',#893,1.);
#893 = DIRECTION('',(0.,-1.));
#894 = ( GEOMETRIC_REPRESENTATION_CONTEXT(2) 
PARAMETRIC_REPRESENTATION_CONTEXT() REPRESENTATION_CONTEXT('2D SPACE',''
  ) );
#895 = PCURVE('',#896,#901);
#896 = PLANE('',#897);
#897 = AXIS2_PLACEMENT_3D('',#898,#899,#900);
#898 = CARTESIAN_POINT('',(101.75,13.325,0.));
#899 = DIRECTION('',(-1.,0.,0.));
#900 = DIRECTION('',(0.,1.,0.));
#901 = DEFINITIONAL_REPRESENTATION('',(#902),#906);
#902 = LINE('',#903,#904);
#903 = CARTESIAN_POINT('',(0.,0.));
#904 = VECTOR('',#905,1.);
#905 = DIRECTION('',(0.,-1.));
#906 = ( GEOMETRIC_REPRESENTATION_CONTEXT(2) 
PARAMETRIC_REPRESENTATION_CONTEXT() REPRESENTATION_CONTEXT('2D SPACE',''
  ) );
#907 = ORIENTED_EDGE('',*,*,#908,.F.);
#908 = EDGE_CURVE('',#805,#881,#909,.T.);
#909 = SURFACE_CURVE('',#910,(#914,#921),.PCURVE_S1.);
#910 = LINE('',#911,#912);
#911 = CARTESIAN_POINT('',(77.325,0.,0.));
#912 = VECTOR('',#913,1.);
#913 = DIRECTION('',(0.877861232032,0.478915083596,0.));
#914 = PCURVE('',#820,#915);
#915 = DEFINITIONAL_REPRESENTATION('',(#916),#920);
#916 = LINE('',#917,#918);
#917 = CARTESIAN_POINT('',(0.,0.));
#918 = VECTOR('',#919,1.);
#919 = DIRECTION('',(1.,0.));
#920 = ( GEOMETRIC_REPRESENTATION_CONTEXT(2) 
PARAMETRIC_REPRESENTATION_CONTEXT() REPRESENTATION_CONTEXT('2D SPACE',''
  ) );
#921 = PCURVE('',#765,#922);
#922 = DEFINITIONAL_REPRESENTATION('',(#923),#927);
#923 = LINE('',#924,#925);
#924 = CARTESIAN_POINT('',(1.586790420153E-02,-14.62413383849));
#925 = VECTOR('',#926,1.);
#926 = DIRECTION('',(0.877861232032,0.478915083596));
#927 = ( GEOMETRIC_REPRESENTATION_CONTEXT(2) 
PARAMETRIC_REPRESENTATION_CONTEXT() REPRESENTATION_CONTEXT('2D SPACE',''
  ) );
#928 = ADVANCED_FACE('',(#929),#896,.F.);
#929 = FACE_BOUND('',#930,.F.);
#930 = EDGE_LOOP('',(#931,#932,#955,#983));
#931 = ORIENTED_EDGE('',*,*,#880,.T.);
#932 = ORIENTED_EDGE('',*,*,#933,.T.);
#933 = EDGE_CURVE('',#858,#934,#936,.T.);
#934 = VERTEX_POINT('',#935);
#935 = CARTESIAN_POINT('',(101.75,26.675,8.));
#936 = SURFACE_CURVE('',#937,(#941,#948),.PCURVE_S1.);
#937 = LINE('',#938,#939);
#938 = CARTESIAN_POINT('',(101.75,13.325,8.));
#939 = VECTOR('',#940,1.);
#940 = DIRECTION('',(0.,1.,0.));
#941 = PCURVE('',#896,#942);
#942 = DEFINITIONAL_REPRESENTATION('',(#943),#947);
#943 = LINE('',#944,#945);
#944 = CARTESIAN_POINT('',(0.,-8.));
#945 = VECTOR('',#946,1.);
#946 = DIRECTION('',(1.,0.));
#947 = ( GEOMETRIC_REPRESENTATION_CONTEXT(2) 
PARAMETRIC_REPRESENTATION_CONTEXT() REPRESENTATION_CONTEXT('2D SPACE',''
  ) );
#948 = PCURVE('',#711,#949);
#949 = DEFINITIONAL_REPRESENTATION('',(#950),#954);
#950 = LINE('',#951,#952);
#951 = CARTESIAN_POINT('',(24.440867904202,-1.299133838494));
#952 = VECTOR('',#953,1.);
#953 = DIRECTION('',(0.,1.));
#954 = ( GEOMETRIC_REPRESENTATION_CONTEXT(2) 
PARAMETRIC_REPRESENTATION_CONTEXT() REPRESENTATION_CONTEXT('2D SPACE',''
  ) );
#955 = ORIENTED_EDGE('',*,*,#956,.F.);
#956 = EDGE_CURVE('',#957,#934,#959,.T.);
#957 = VERTEX_POINT('',#958);
#958 = CARTESIAN_POINT('',(101.75,26.675,0.));
#959 = SURFACE_CURVE('',#960,(#964,#971),.PCURVE_S1.);
#960 = LINE('',#961,#962);
#961 = CARTESIAN_POINT('',(101.75,26.675,0.));
#962 = VECTOR('',#963,1.);
#963 = DIRECTION('',(0.,0.,1.));
#964 = PCURVE('',#896,#965);
#965 = DEFINITIONAL_REPRESENTATION('',(#966),#970);
#966 = LINE('',#967,#968);
#967 = CARTESIAN_POINT('',(13.35,0.));
#968 = VECTOR('',#969,1.);
#969 = DIRECTION('',(0.,-1.));
#970 = ( GEOMETRIC_REPRESENTATION_CONTEXT(2) 
PARAMETRIC_REPRESENTATION_CONTEXT() REPRESENTATION_CONTEXT('2D SPACE',''
  ) );
#971 = PCURVE('',#972,#977);
#972 = PLANE('',#973);
#973 = AXIS2_PLACEMENT_3D('',#974,#975,#976);
#974 = CARTESIAN_POINT('',(101.75,26.675,0.));
#975 = DIRECTION('',(0.478537577336,-0.878067074361,0.));
#976 = DIRECTION('',(-0.878067074361,-0.478537577336,0.));
#977 = DEFINITIONAL_REPRESENTATION('',(#978),#982);
#978 = LINE('',#979,#980);
#979 = CARTESIAN_POINT('',(0.,0.));
#980 = VECTOR('',#981,1.);
#981 = DIRECTION('',(0.,-1.));
#982 = ( GEOMETRIC_REPRESENTATION_CONTEXT(2) 
PARAMETRIC_REPRESENTATION_CONTEXT() REPRESENTATION_CONTEXT('2D SPACE',''
  ) );
#983 = ORIENTED_EDGE('',*,*,#984,.F.);
#984 = EDGE_CURVE('',#881,#957,#985,.T.);
#985 = SURFACE_CURVE('',#986,(#990,#997),.PCURVE_S1.);
#986 = LINE('',#987,#988);
#987 = CARTESIAN_POINT('',(101.75,13.325,0.));
#988 = VECTOR('',#989,1.);
#989 = DIRECTION('',(0.,1.,0.));
#990 = PCURVE('',#896,#991);
#991 = DEFINITIONAL_REPRESENTATION('',(#992),#996);
#992 = LINE('',#993,#994);
#993 = CARTESIAN_POINT('',(0.,0.));
#994 = VECTOR('',#995,1.);
#995 = DIRECTION('',(1.,0.));
#996 = ( GEOMETRIC_REPRESENTATION_CONTEXT(2) 
PARAMETRIC_REPRESENTATION_CONTEXT() REPRESENTATION_CONTEXT('2D SPACE',''
  ) );
#997 = PCURVE('',#765,#998);
#998 = DEFINITIONAL_REPRESENTATION('',(#999),#1003);
#999 = LINE('',#1000,#1001);
#1000 = CARTESIAN_POINT('',(24.440867904202,-1.299133838494));
#1001 = VECTOR('',#1002,1.);
#1002 = DIRECTION('',(0.,1.));
#1003 = ( GEOMETRIC_REPRESENTATION_CONTEXT(2) 
PARAMETRIC_REPRESENTATION_CONTEXT() REPRESENTATION_CONTEXT('2D SPACE',''
  ) );
#1004 = ADVANCED_FACE('',(#1005),#972,.F.);
#1005 = FACE_BOUND('',#1006,.F.);
#1006 = EDGE_LOOP('',(#1007,#1008,#1031,#1054));
#1007 = ORIENTED_EDGE('',*,*,#956,.T.);
#1008 = ORIENTED_EDGE('',*,*,#1009,.T.);
#1009 = EDGE_CURVE('',#934,#1010,#1012,.T.);
#1010 = VERTEX_POINT('',#1011);
#1011 = CARTESIAN_POINT('',(77.3,13.35,8.));
#1012 = SURFACE_CURVE('',#1013,(#1017,#1024),.PCURVE_S1.);
#1013 = LINE('',#1014,#1015);
#1014 = CARTESIAN_POINT('',(101.75,26.675,8.));
#1015 = VECTOR('',#1016,1.);
#1016 = DIRECTION('',(-0.878067074361,-0.478537577336,0.));
#1017 = PCURVE('',#972,#1018);
#1018 = DEFINITIONAL_REPRESENTATION('',(#1019),#1023);
#1019 = LINE('',#1020,#1021);
#1020 = CARTESIAN_POINT('',(0.,-8.));
#1021 = VECTOR('',#1022,1.);
#1022 = DIRECTION('',(1.,0.));
#1023 = ( GEOMETRIC_REPRESENTATION_CONTEXT(2) 
PARAMETRIC_REPRESENTATION_CONTEXT() REPRESENTATION_CONTEXT('2D SPACE',''
  ) );
#1024 = PCURVE('',#711,#1025);
#1025 = DEFINITIONAL_REPRESENTATION('',(#1026),#1030);
#1026 = LINE('',#1027,#1028);
#1027 = CARTESIAN_POINT('',(24.440867904202,12.050866161506));
#1028 = VECTOR('',#1029,1.);
#1029 = DIRECTION('',(-0.878067074361,-0.478537577336));
#1030 = ( GEOMETRIC_REPRESENTATION_CONTEXT(2) 
PARAMETRIC_REPRESENTATION_CONTEXT() REPRESENTATION_CONTEXT('2D SPACE',''
  ) );
#1031 = ORIENTED_EDGE('',*,*,#1032,.F.);
#1032 = EDGE_CURVE('',#1033,#1010,#1035,.T.);
#1033 = VERTEX_POINT('',#1034);
#1034 = CARTESIAN_POINT('',(77.3,13.35,0.));
#1035 = SURFACE_CURVE('',#1036,(#1040,#1047),.PCURVE_S1.);
#1036 = LINE('',#1037,#1038);
#1037 = CARTESIAN_POINT('',(77.3,13.35,0.));
#1038 = VECTOR('',#1039,1.);
#1039 = DIRECTION('',(0.,0.,1.));
#1040 = PCURVE('',#972,#1041);
#1041 = DEFINITIONAL_REPRESENTATION('',(#1042),#1046);
#1042 = LINE('',#1043,#1044);
#1043 = CARTESIAN_POINT('',(27.845253186136,0.));
#1044 = VECTOR('',#1045,1.);
#1045 = DIRECTION('',(0.,-1.));
#1046 = ( GEOMETRIC_REPRESENTATION_CONTEXT(2) 
PARAMETRIC_REPRESENTATION_CONTEXT() REPRESENTATION_CONTEXT('2D SPACE',''
  ) );
#1047 = PCURVE('',#683,#1048);
#1048 = DEFINITIONAL_REPRESENTATION('',(#1049),#1053);
#1049 = LINE('',#1050,#1051);
#1050 = CARTESIAN_POINT('',(0.,0.));
#1051 = VECTOR('',#1052,1.);
#1052 = DIRECTION('',(0.,-1.));
#1053 = ( GEOMETRIC_REPRESENTATION_CONTEXT(2) 
PARAMETRIC_REPRESENTATION_CONTEXT() REPRESENTATION_CONTEXT('2D SPACE',''
  ) );
#1054 = ORIENTED_EDGE('',*,*,#1055,.F.);
#1055 = EDGE_CURVE('',#957,#1033,#1056,.T.);
#1056 = SURFACE_CURVE('',#1057,(#1061,#1068),.PCURVE_S1.);
#1057 = LINE('',#1058,#1059);
#1058 = CARTESIAN_POINT('',(101.75,26.675,0.));
#1059 = VECTOR('',#1060,1.);
#1060 = DIRECTION('',(-0.878067074361,-0.478537577336,0.));
#1061 = PCURVE('',#972,#1062);
#1062 = DEFINITIONAL_REPRESENTATION('',(#1063),#1067);
#1063 = LINE('',#1064,#1065);
#1064 = CARTESIAN_POINT('',(0.,0.));
#1065 = VECTOR('',#1066,1.);
#1066 = DIRECTION('',(1.,0.));
#1067 = ( GEOMETRIC_REPRESENTATION_CONTEXT(2) 
PARAMETRIC_REPRESENTATION_CONTEXT() REPRESENTATION_CONTEXT('2D SPACE',''
  ) );
#1068 = PCURVE('',#765,#1069);
#1069 = DEFINITIONAL_REPRESENTATION('',(#1070),#1074);
#1070 = LINE('',#1071,#1072);
#1071 = CARTESIAN_POINT('',(24.440867904202,12.050866161506));
#1072 = VECTOR('',#1073,1.);
#1073 = DIRECTION('',(-0.878067074361,-0.478537577336));
#1074 = ( GEOMETRIC_REPRESENTATION_CONTEXT(2) 
PARAMETRIC_REPRESENTATION_CONTEXT() REPRESENTATION_CONTEXT('2D SPACE',''
  ) );
#1075 = ADVANCED_FACE('',(#1076),#683,.F.);
#1076 = FACE_BOUND('',#1077,.F.);
#1077 = EDGE_LOOP('',(#1078,#1079,#1100,#1101));
#1078 = ORIENTED_EDGE('',*,*,#1032,.T.);
#1079 = ORIENTED_EDGE('',*,*,#1080,.T.);
#1080 = EDGE_CURVE('',#1010,#663,#1081,.T.);
#1081 = SURFACE_CURVE('',#1082,(#1086,#1093),.PCURVE_S1.);
#1082 = LINE('',#1083,#1084);
#1083 = CARTESIAN_POINT('',(77.3,13.35,8.));
#1084 = VECTOR('',#1085,1.);
#1085 = DIRECTION('',(-0.877861232032,0.478915083596,0.));
#1086 = PCURVE('',#683,#1087);
#1087 = DEFINITIONAL_REPRESENTATION('',(#1088),#1092);
#1088 = LINE('',#1089,#1090);
#1089 = CARTESIAN_POINT('',(0.,-8.));
#1090 = VECTOR('',#1091,1.);
#1091 = DIRECTION('',(1.,0.));
#1092 = ( GEOMETRIC_REPRESENTATION_CONTEXT(2) 
PARAMETRIC_REPRESENTATION_CONTEXT() REPRESENTATION_CONTEXT('2D SPACE',''
  ) );
#1093 = PCURVE('',#711,#1094);
#1094 = DEFINITIONAL_REPRESENTATION('',(#1095),#1099);
#1095 = LINE('',#1096,#1097);
#1096 = CARTESIAN_POINT('',(-9.132095798478E-03,-1.274133838494));
#1097 = VECTOR('',#1098,1.);
#1098 = DIRECTION('',(-0.877861232032,0.478915083596));
#1099 = ( GEOMETRIC_REPRESENTATION_CONTEXT(2) 
PARAMETRIC_REPRESENTATION_CONTEXT() REPRESENTATION_CONTEXT('2D SPACE',''
  ) );
#1100 = ORIENTED_EDGE('',*,*,#660,.F.);
#1101 = ORIENTED_EDGE('',*,*,#1102,.F.);
#1102 = EDGE_CURVE('',#1033,#661,#1103,.T.);
#1103 = SURFACE_CURVE('',#1104,(#1108,#1115),.PCURVE_S1.);
#1104 = LINE('',#1105,#1106);
#1105 = CARTESIAN_POINT('',(77.3,13.35,0.));
#1106 = VECTOR('',#1107,1.);
#1107 = DIRECTION('',(-0.877861232032,0.478915083596,0.));
#1108 = PCURVE('',#683,#1109);
#1109 = DEFINITIONAL_REPRESENTATION('',(#1110),#1114);
#1110 = LINE('',#1111,#1112);
#1111 = CARTESIAN_POINT('',(0.,0.));
#1112 = VECTOR('',#1113,1.);
#1113 = DIRECTION('',(1.,0.));
#1114 = ( GEOMETRIC_REPRESENTATION_CONTEXT(2) 
PARAMETRIC_REPRESENTATION_CONTEXT() REPRESENTATION_CONTEXT('2D SPACE',''
  ) );
#1115 = PCURVE('',#765,#1116);
#1116 = DEFINITIONAL_REPRESENTATION('',(#1117),#1121);
#1117 = LINE('',#1118,#1119);
#1118 = CARTESIAN_POINT('',(-9.132095798478E-03,-1.274133838494));
#1119 = VECTOR('',#1120,1.);
#1120 = DIRECTION('',(-0.877861232032,0.478915083596));
#1121 = ( GEOMETRIC_REPRESENTATION_CONTEXT(2) 
PARAMETRIC_REPRESENTATION_CONTEXT() REPRESENTATION_CONTEXT('2D SPACE',''
  ) );
#1122 = ADVANCED_FACE('',(#1123),#765,.F.);
#1123 = FACE_BOUND('',#1124,.F.);
#1124 = EDGE_LOOP('',(#1125,#1126,#1127,#1128,#1129,#1130));
#1125 = ORIENTED_EDGE('',*,*,#751,.T.);
#1126 = ORIENTED_EDGE('',*,*,#832,.T.);
#1127 = ORIENTED_EDGE('',*,*,#908,.T.);
#1128 = ORIENTED_EDGE('',*,*,#984,.T.);
#1129 = ORIENTED_EDGE('',*,*,#1055,.T.);
#1130 = ORIENTED_EDGE('',*,*,#1102,.T.);
#1131 = ADVANCED_FACE('',(#1132),#711,.T.);
#1132 = FACE_BOUND('',#1133,.T.);
#1133 = EDGE_LOOP('',(#1134,#1135,#1136,#1137,#1138,#1139));
#1134 = ORIENTED_EDGE('',*,*,#695,.T.);
#1135 = ORIENTED_EDGE('',*,*,#781,.T.);
#1136 = ORIENTED_EDGE('',*,*,#857,.T.);
#1137 = ORIENTED_EDGE('',*,*,#933,.T.);
#1138 = ORIENTED_EDGE('',*,*,#1009,.T.);
#1139 = ORIENTED_EDGE('',*,*,#1080,.T.);
#1140 = ( GEOMETRIC_REPRESENTATION_CONTEXT(3) 
GLOBAL_UNCERTAINTY_ASSIGNED_CONTEXT((#1144)) 
GLOBAL_UNIT_ASSIGNED_CONTEXT((#1141,#1142,#1143)) REPRESENTATION_CONTEXT
('Context #1','3D Context with UNIT and UNCERTAINTY') );
#1141 = ( LENGTH_UNIT() NAMED_UNIT(*) SI_UNIT(.MILLI.,.METRE.) );
#1142 = ( NAMED_UNIT(*) PLANE_ANGLE_UNIT() SI_UNIT($,.RADIAN.) );
#1143 = ( NAMED_UNIT(*) SI_UNIT($,.STERADIAN.) SOLID_ANGLE_UNIT() );
#1144 = UNCERTAINTY_MEASURE_WITH_UNIT(LENGTH_MEASURE(1.E-07),#1141,
  'distance_accuracy_value','confusion accuracy');
#1145 = CONTEXT_DEPENDENT_SHAPE_REPRESENTATION(#1146,#1148);
#1146 = ( REPRESENTATION_RELATIONSHIP('','',#653,#10) 
REPRESENTATION_RELATIONSHIP_WITH_TRANSFORMATION(#1147) 
SHAPE_REPRESENTATION_RELATIONSHIP() );
#1147 = ITEM_DEFINED_TRANSFORMATION('','',#11,#19);
#1148 = PRODUCT_DEFINITION_SHAPE('Placement','Placement of an item',
  #1149);
#1149 = NEXT_ASSEMBLY_USAGE_OCCURRENCE('102','part_0007__05','',#5,#648,
  $);
#1150 = PRODUCT_RELATED_PRODUCT_CATEGORY('part',$,(#650));
#1151 = SHAPE_DEFINITION_REPRESENTATION(#1152,#1158);
#1152 = PRODUCT_DEFINITION_SHAPE('','',#1153);
#1153 = PRODUCT_DEFINITION('design','',#1154,#1157);
#1154 = PRODUCT_DEFINITION_FORMATION('','',#1155);
#1155 = PRODUCT('part_0057__01','part_0057__01','',(#1156));
#1156 = PRODUCT_CONTEXT('',#2,'mechanical');
#1157 = PRODUCT_DEFINITION_CONTEXT('part definition',#2,'design');
#1158 = ADVANCED_BREP_SHAPE_REPRESENTATION('',(#11,#1159),#1489);
#1159 = MANIFOLD_SOLID_BREP('',#1160);
#1160 = CLOSED_SHELL('',(#1161,#1281,#1357,#1428,#1475,#1482));
#1161 = ADVANCED_FACE('',(#1162),#1176,.F.);
#1162 = FACE_BOUND('',#1163,.F.);
#1163 = EDGE_LOOP('',(#1164,#1199,#1227,#1255));
#1164 = ORIENTED_EDGE('',*,*,#1165,.T.);
#1165 = EDGE_CURVE('',#1166,#1168,#1170,.T.);
#1166 = VERTEX_POINT('',#1167);
#1167 = CARTESIAN_POINT('',(105.75,0.,0.));
#1168 = VERTEX_POINT('',#1169);
#1169 = CARTESIAN_POINT('',(105.75,0.,8.));
#1170 = SURFACE_CURVE('',#1171,(#1175,#1187),.PCURVE_S1.);
#1171 = LINE('',#1172,#1173);
#1172 = CARTESIAN_POINT('',(105.75,0.,0.));
#1173 = VECTOR('',#1174,1.);
#1174 = DIRECTION('',(0.,0.,1.));
#1175 = PCURVE('',#1176,#1181);
#1176 = PLANE('',#1177);
#1177 = AXIS2_PLACEMENT_3D('',#1178,#1179,#1180);
#1178 = CARTESIAN_POINT('',(105.75,0.,0.));
#1179 = DIRECTION('',(0.,1.,0.));
#1180 = DIRECTION('',(1.,0.,0.));
#1181 = DEFINITIONAL_REPRESENTATION('',(#1182),#1186);
#1182 = LINE('',#1183,#1184);
#1183 = CARTESIAN_POINT('',(0.,0.));
#1184 = VECTOR('',#1185,1.);
#1185 = DIRECTION('',(0.,-1.));
#1186 = ( GEOMETRIC_REPRESENTATION_CONTEXT(2) 
PARAMETRIC_REPRESENTATION_CONTEXT() REPRESENTATION_CONTEXT('2D SPACE',''
  ) );
#1187 = PCURVE('',#1188,#1193);
#1188 = PLANE('',#1189);
#1189 = AXIS2_PLACEMENT_3D('',#1190,#1191,#1192);
#1190 = CARTESIAN_POINT('',(105.75,26.6,0.));
#1191 = DIRECTION('',(1.,0.,-0.));
#1192 = DIRECTION('',(0.,-1.,0.));
#1193 = DEFINITIONAL_REPRESENTATION('',(#1194),#1198);
#1194 = LINE('',#1195,#1196);
#1195 = CARTESIAN_POINT('',(26.6,0.));
#1196 = VECTOR('',#1197,1.);
#1197 = DIRECTION('',(0.,-1.));
#1198 = ( GEOMETRIC_REPRESENTATION_CONTEXT(2) 
PARAMETRIC_REPRESENTATION_CONTEXT() REPRESENTATION_CONTEXT('2D SPACE',''
  ) );
#1199 = ORIENTED_EDGE('',*,*,#1200,.T.);
#1200 = EDGE_CURVE('',#1168,#1201,#1203,.T.);
#1201 = VERTEX_POINT('',#1202);
#1202 = CARTESIAN_POINT('',(119.1,0.,8.));
#1203 = SURFACE_CURVE('',#1204,(#1208,#1215),.PCURVE_S1.);
#1204 = LINE('',#1205,#1206);
#1205 = CARTESIAN_POINT('',(105.75,0.,8.));
#1206 = VECTOR('',#1207,1.);
#1207 = DIRECTION('',(1.,0.,0.));
#1208 = PCURVE('',#1176,#1209);
#1209 = DEFINITIONAL_REPRESENTATION('',(#1210),#1214);
#1210 = LINE('',#1211,#1212);
#1211 = CARTESIAN_POINT('',(0.,-8.));
#1212 = VECTOR('',#1213,1.);
#1213 = DIRECTION('',(1.,0.));
#1214 = ( GEOMETRIC_REPRESENTATION_CONTEXT(2) 
PARAMETRIC_REPRESENTATION_CONTEXT() REPRESENTATION_CONTEXT('2D SPACE',''
  ) );
#1215 = PCURVE('',#1216,#1221);
#1216 = PLANE('',#1217);
#1217 = AXIS2_PLACEMENT_3D('',#1218,#1219,#1220);
#1218 = CARTESIAN_POINT('',(112.04415093605,12.385208327151,8.));
#1219 = DIRECTION('',(0.,0.,1.));
#1220 = DIRECTION('',(1.,0.,0.));
#1221 = DEFINITIONAL_REPRESENTATION('',(#1222),#1226);
#1222 = LINE('',#1223,#1224);
#1223 = CARTESIAN_POINT('',(-6.294150936055,-12.38520832715));
#1224 = VECTOR('',#1225,1.);
#1225 = DIRECTION('',(1.,0.));
#1226 = ( GEOMETRIC_REPRESENTATION_CONTEXT(2) 
PARAMETRIC_REPRESENTATION_CONTEXT() REPRESENTATION_CONTEXT('2D SPACE',''
  ) );
#1227 = ORIENTED_EDGE('',*,*,#1228,.F.);
#1228 = EDGE_CURVE('',#1229,#1201,#1231,.T.);
#1229 = VERTEX_POINT('',#1230);
#1230 = CARTESIAN_POINT('',(119.1,0.,0.));
#1231 = SURFACE_CURVE('',#1232,(#1236,#1243),.PCURVE_S1.);
#1232 = LINE('',#1233,#1234);
#1233 = CARTESIAN_POINT('',(119.1,0.,0.));
#1234 = VECTOR('',#1235,1.);
#1235 = DIRECTION('',(0.,0.,1.));
#1236 = PCURVE('',#1176,#1237);
#1237 = DEFINITIONAL_REPRESENTATION('',(#1238),#1242);
#1238 = LINE('',#1239,#1240);
#1239 = CARTESIAN_POINT('',(13.35,0.));
#1240 = VECTOR('',#1241,1.);
#1241 = DIRECTION('',(0.,-1.));
#1242 = ( GEOMETRIC_REPRESENTATION_CONTEXT(2) 
PARAMETRIC_REPRESENTATION_CONTEXT() REPRESENTATION_CONTEXT('2D SPACE',''
  ) );
#1243 = PCURVE('',#1244,#1249);
#1244 = PLANE('',#1245);
#1245 = AXIS2_PLACEMENT_3D('',#1246,#1247,#1248);
#1246 = CARTESIAN_POINT('',(119.1,0.,0.));
#1247 = DIRECTION('',(-1.,0.,0.));
#1248 = DIRECTION('',(0.,1.,0.));
#1249 = DEFINITIONAL_REPRESENTATION('',(#1250),#1254);
#1250 = LINE('',#1251,#1252);
#1251 = CARTESIAN_POINT('',(0.,0.));
#1252 = VECTOR('',#1253,1.);
#1253 = DIRECTION('',(0.,-1.));
#1254 = ( GEOMETRIC_REPRESENTATION_CONTEXT(2) 
PARAMETRIC_REPRESENTATION_CONTEXT() REPRESENTATION_CONTEXT('2D SPACE',''
  ) );
#1255 = ORIENTED_EDGE('',*,*,#1256,.F.);
#1256 = EDGE_CURVE('',#1166,#1229,#1257,.T.);
#1257 = SURFACE_CURVE('',#1258,(#1262,#1269),.PCURVE_S1.);
#1258 = LINE('',#1259,#1260);
#1259 = CARTESIAN_POINT('',(105.75,0.,0.));
#1260 = VECTOR('',#1261,1.);
#1261 = DIRECTION('',(1.,0.,0.));
#1262 = PCURVE('',#1176,#1263);
#1263 = DEFINITIONAL_REPRESENTATION('',(#1264),#1268);
#1264 = LINE('',#1265,#1266);
#1265 = CARTESIAN_POINT('',(0.,0.));
#1266 = VECTOR('',#1267,1.);
#1267 = DIRECTION('',(1.,0.));
#1268 = ( GEOMETRIC_REPRESENTATION_CONTEXT(2) 
PARAMETRIC_REPRESENTATION_CONTEXT() REPRESENTATION_CONTEXT('2D SPACE',''
  ) );
#1269 = PCURVE('',#1270,#1275);
#1270 = PLANE('',#1271);
#1271 = AXIS2_PLACEMENT_3D('',#1272,#1273,#1274);
#1272 = CARTESIAN_POINT('',(112.04415093605,12.385208327151,0.));
#1273 = DIRECTION('',(0.,0.,1.));
#1274 = DIRECTION('',(1.,0.,0.));
#1275 = DEFINITIONAL_REPRESENTATION('',(#1276),#1280);
#1276 = LINE('',#1277,#1278);
#1277 = CARTESIAN_POINT('',(-6.294150936055,-12.38520832715));
#1278 = VECTOR('',#1279,1.);
#1279 = DIRECTION('',(1.,0.));
#1280 = ( GEOMETRIC_REPRESENTATION_CONTEXT(2) 
PARAMETRIC_REPRESENTATION_CONTEXT() REPRESENTATION_CONTEXT('2D SPACE',''
  ) );
#1281 = ADVANCED_FACE('',(#1282),#1244,.F.);
#1282 = FACE_BOUND('',#1283,.F.);
#1283 = EDGE_LOOP('',(#1284,#1285,#1308,#1336));
#1284 = ORIENTED_EDGE('',*,*,#1228,.T.);
#1285 = ORIENTED_EDGE('',*,*,#1286,.T.);
#1286 = EDGE_CURVE('',#1201,#1287,#1289,.T.);
#1287 = VERTEX_POINT('',#1288);
#1288 = CARTESIAN_POINT('',(119.1,22.25,8.));
#1289 = SURFACE_CURVE('',#1290,(#1294,#1301),.PCURVE_S1.);
#1290 = LINE('',#1291,#1292);
#1291 = CARTESIAN_POINT('',(119.1,0.,8.));
#1292 = VECTOR('',#1293,1.);
#1293 = DIRECTION('',(0.,1.,0.));
#1294 = PCURVE('',#1244,#1295);
#1295 = DEFINITIONAL_REPRESENTATION('',(#1296),#1300);
#1296 = LINE('',#1297,#1298);
#1297 = CARTESIAN_POINT('',(0.,-8.));
#1298 = VECTOR('',#1299,1.);
#1299 = DIRECTION('',(1.,0.));
#1300 = ( GEOMETRIC_REPRESENTATION_CONTEXT(2) 
PARAMETRIC_REPRESENTATION_CONTEXT() REPRESENTATION_CONTEXT('2D SPACE',''
  ) );
#1301 = PCURVE('',#1216,#1302);
#1302 = DEFINITIONAL_REPRESENTATION('',(#1303),#1307);
#1303 = LINE('',#1304,#1305);
#1304 = CARTESIAN_POINT('',(7.055849063945,-12.38520832715));
#1305 = VECTOR('',#1306,1.);
#1306 = DIRECTION('',(0.,1.));
#1307 = ( GEOMETRIC_REPRESENTATION_CONTEXT(2) 
PARAMETRIC_REPRESENTATION_CONTEXT() REPRESENTATION_CONTEXT('2D SPACE',''
  ) );
#1308 = ORIENTED_EDGE('',*,*,#1309,.F.);
#1309 = EDGE_CURVE('',#1310,#1287,#1312,.T.);
#1310 = VERTEX_POINT('',#1311);
#1311 = CARTESIAN_POINT('',(119.1,22.25,0.));
#1312 = SURFACE_CURVE('',#1313,(#1317,#1324),.PCURVE_S1.);
#1313 = LINE('',#1314,#1315);
#1314 = CARTESIAN_POINT('',(119.1,22.25,0.));
#1315 = VECTOR('',#1316,1.);
#1316 = DIRECTION('',(0.,0.,1.));
#1317 = PCURVE('',#1244,#1318);
#1318 = DEFINITIONAL_REPRESENTATION('',(#1319),#1323);
#1319 = LINE('',#1320,#1321);
#1320 = CARTESIAN_POINT('',(22.25,0.));
#1321 = VECTOR('',#1322,1.);
#1322 = DIRECTION('',(0.,-1.));
#1323 = ( GEOMETRIC_REPRESENTATION_CONTEXT(2) 
PARAMETRIC_REPRESENTATION_CONTEXT() REPRESENTATION_CONTEXT('2D SPACE',''
  ) );
#1324 = PCURVE('',#1325,#1330);
#1325 = PLANE('',#1326);
#1326 = AXIS2_PLACEMENT_3D('',#1327,#1328,#1329);
#1327 = CARTESIAN_POINT('',(119.1,22.25,0.));
#1328 = DIRECTION('',(-0.309810671802,-0.950798268634,0.));
#1329 = DIRECTION('',(-0.950798268634,0.309810671802,0.));
#1330 = DEFINITIONAL_REPRESENTATION('',(#1331),#1335);
#1331 = LINE('',#1332,#1333);
#1332 = CARTESIAN_POINT('',(0.,0.));
#1333 = VECTOR('',#1334,1.);
#1334 = DIRECTION('',(0.,-1.));
#1335 = ( GEOMETRIC_REPRESENTATION_CONTEXT(2) 
PARAMETRIC_REPRESENTATION_CONTEXT() REPRESENTATION_CONTEXT('2D SPACE',''
  ) );
#1336 = ORIENTED_EDGE('',*,*,#1337,.F.);
#1337 = EDGE_CURVE('',#1229,#1310,#1338,.T.);
#1338 = SURFACE_CURVE('',#1339,(#1343,#1350),.PCURVE_S1.);
#1339 = LINE('',#1340,#1341);
#1340 = CARTESIAN_POINT('',(119.1,0.,0.));
#1341 = VECTOR('',#1342,1.);
#1342 = DIRECTION('',(0.,1.,0.));
#1343 = PCURVE('',#1244,#1344);
#1344 = DEFINITIONAL_REPRESENTATION('',(#1345),#1349);
#1345 = LINE('',#1346,#1347);
#1346 = CARTESIAN_POINT('',(0.,0.));
#1347 = VECTOR('',#1348,1.);
#1348 = DIRECTION('',(1.,0.));
#1349 = ( GEOMETRIC_REPRESENTATION_CONTEXT(2) 
PARAMETRIC_REPRESENTATION_CONTEXT() REPRESENTATION_CONTEXT('2D SPACE',''
  ) );
#1350 = PCURVE('',#1270,#1351);
#1351 = DEFINITIONAL_REPRESENTATION('',(#1352),#1356);
#1352 = LINE('',#1353,#1354);
#1353 = CARTESIAN_POINT('',(7.055849063945,-12.38520832715));
#1354 = VECTOR('',#1355,1.);
#1355 = DIRECTION('',(0.,1.));
#1356 = ( GEOMETRIC_REPRESENTATION_CONTEXT(2) 
PARAMETRIC_REPRESENTATION_CONTEXT() REPRESENTATION_CONTEXT('2D SPACE',''
  ) );
#1357 = ADVANCED_FACE('',(#1358),#1325,.F.);
#1358 = FACE_BOUND('',#1359,.F.);
#1359 = EDGE_LOOP('',(#1360,#1361,#1384,#1407));
#1360 = ORIENTED_EDGE('',*,*,#1309,.T.);
#1361 = ORIENTED_EDGE('',*,*,#1362,.T.);
#1362 = EDGE_CURVE('',#1287,#1363,#1365,.T.);
#1363 = VERTEX_POINT('',#1364);
#1364 = CARTESIAN_POINT('',(105.75,26.6,8.));
#1365 = SURFACE_CURVE('',#1366,(#1370,#1377),.PCURVE_S1.);
#1366 = LINE('',#1367,#1368);
#1367 = CARTESIAN_POINT('',(119.1,22.25,8.));
#1368 = VECTOR('',#1369,1.);
#1369 = DIRECTION('',(-0.950798268634,0.309810671802,0.));
#1370 = PCURVE('',#1325,#1371);
#1371 = DEFINITIONAL_REPRESENTATION('',(#1372),#1376);
#1372 = LINE('',#1373,#1374);
#1373 = CARTESIAN_POINT('',(0.,-8.));
#1374 = VECTOR('',#1375,1.);
#1375 = DIRECTION('',(1.,0.));
#1376 = ( GEOMETRIC_REPRESENTATION_CONTEXT(2) 
PARAMETRIC_REPRESENTATION_CONTEXT() REPRESENTATION_CONTEXT('2D SPACE',''
  ) );
#1377 = PCURVE('',#1216,#1378);
#1378 = DEFINITIONAL_REPRESENTATION('',(#1379),#1383);
#1379 = LINE('',#1380,#1381);
#1380 = CARTESIAN_POINT('',(7.055849063945,9.864791672849));
#1381 = VECTOR('',#1382,1.);
#1382 = DIRECTION('',(-0.950798268634,0.309810671802));
#1383 = ( GEOMETRIC_REPRESENTATION_CONTEXT(2) 
PARAMETRIC_REPRESENTATION_CONTEXT() REPRESENTATION_CONTEXT('2D SPACE',''
  ) );
#1384 = ORIENTED_EDGE('',*,*,#1385,.F.);
#1385 = EDGE_CURVE('',#1386,#1363,#1388,.T.);
#1386 = VERTEX_POINT('',#1387);
#1387 = CARTESIAN_POINT('',(105.75,26.6,0.));
#1388 = SURFACE_CURVE('',#1389,(#1393,#1400),.PCURVE_S1.);
#1389 = LINE('',#1390,#1391);
#1390 = CARTESIAN_POINT('',(105.75,26.6,0.));
#1391 = VECTOR('',#1392,1.);
#1392 = DIRECTION('',(0.,0.,1.));
#1393 = PCURVE('',#1325,#1394);
#1394 = DEFINITIONAL_REPRESENTATION('',(#1395),#1399);
#1395 = LINE('',#1396,#1397);
#1396 = CARTESIAN_POINT('',(14.040833308604,0.));
#1397 = VECTOR('',#1398,1.);
#1398 = DIRECTION('',(0.,-1.));
#1399 = ( GEOMETRIC_REPRESENTATION_CONTEXT(2) 
PARAMETRIC_REPRESENTATION_CONTEXT() REPRESENTATION_CONTEXT('2D SPACE',''
  ) );
#1400 = PCURVE('',#1188,#1401);
#1401 = DEFINITIONAL_REPRESENTATION('',(#1402),#1406);
#1402 = LINE('',#1403,#1404);
#1403 = CARTESIAN_POINT('',(0.,0.));
#1404 = VECTOR('',#1405,1.);
#1405 = DIRECTION('',(0.,-1.));
#1406 = ( GEOMETRIC_REPRESENTATION_CONTEXT(2) 
PARAMETRIC_REPRESENTATION_CONTEXT() REPRESENTATION_CONTEXT('2D SPACE',''
  ) );
#1407 = ORIENTED_EDGE('',*,*,#1408,.F.);
#1408 = EDGE_CURVE('',#1310,#1386,#1409,.T.);
#1409 = SURFACE_CURVE('',#1410,(#1414,#1421),.PCURVE_S1.);
#1410 = LINE('',#1411,#1412);
#1411 = CARTESIAN_POINT('',(119.1,22.25,0.));
#1412 = VECTOR('',#1413,1.);
#1413 = DIRECTION('',(-0.950798268634,0.309810671802,0.));
#1414 = PCURVE('',#1325,#1415);
#1415 = DEFINITIONAL_REPRESENTATION('',(#1416),#1420);
#1416 = LINE('',#1417,#1418);
#1417 = CARTESIAN_POINT('',(0.,0.));
#1418 = VECTOR('',#1419,1.);
#1419 = DIRECTION('',(1.,0.));
#1420 = ( GEOMETRIC_REPRESENTATION_CONTEXT(2) 
PARAMETRIC_REPRESENTATION_CONTEXT() REPRESENTATION_CONTEXT('2D SPACE',''
  ) );
#1421 = PCURVE('',#1270,#1422);
#1422 = DEFINITIONAL_REPRESENTATION('',(#1423),#1427);
#1423 = LINE('',#1424,#1425);
#1424 = CARTESIAN_POINT('',(7.055849063945,9.864791672849));
#1425 = VECTOR('',#1426,1.);
#1426 = DIRECTION('',(-0.950798268634,0.309810671802));
#1427 = ( GEOMETRIC_REPRESENTATION_CONTEXT(2) 
PARAMETRIC_REPRESENTATION_CONTEXT() REPRESENTATION_CONTEXT('2D SPACE',''
  ) );
#1428 = ADVANCED_FACE('',(#1429),#1188,.F.);
#1429 = FACE_BOUND('',#1430,.F.);
#1430 = EDGE_LOOP('',(#1431,#1432,#1453,#1454));
#1431 = ORIENTED_EDGE('',*,*,#1385,.T.);
#1432 = ORIENTED_EDGE('',*,*,#1433,.T.);
#1433 = EDGE_CURVE('',#1363,#1168,#1434,.T.);
#1434 = SURFACE_CURVE('',#1435,(#1439,#1446),.PCURVE_S1.);
#1435 = LINE('',#1436,#1437);
#1436 = CARTESIAN_POINT('',(105.75,26.6,8.));
#1437 = VECTOR('',#1438,1.);
#1438 = DIRECTION('',(0.,-1.,0.));
#1439 = PCURVE('',#1188,#1440);
#1440 = DEFINITIONAL_REPRESENTATION('',(#1441),#1445);
#1441 = LINE('',#1442,#1443);
#1442 = CARTESIAN_POINT('',(0.,-8.));
#1443 = VECTOR('',#1444,1.);
#1444 = DIRECTION('',(1.,0.));
#1445 = ( GEOMETRIC_REPRESENTATION_CONTEXT(2) 
PARAMETRIC_REPRESENTATION_CONTEXT() REPRESENTATION_CONTEXT('2D SPACE',''
  ) );
#1446 = PCURVE('',#1216,#1447);
#1447 = DEFINITIONAL_REPRESENTATION('',(#1448),#1452);
#1448 = LINE('',#1449,#1450);
#1449 = CARTESIAN_POINT('',(-6.294150936055,14.214791672849));
#1450 = VECTOR('',#1451,1.);
#1451 = DIRECTION('',(0.,-1.));
#1452 = ( GEOMETRIC_REPRESENTATION_CONTEXT(2) 
PARAMETRIC_REPRESENTATION_CONTEXT() REPRESENTATION_CONTEXT('2D SPACE',''
  ) );
#1453 = ORIENTED_EDGE('',*,*,#1165,.F.);
#1454 = ORIENTED_EDGE('',*,*,#1455,.F.);
#1455 = EDGE_CURVE('',#1386,#1166,#1456,.T.);
#1456 = SURFACE_CURVE('',#1457,(#1461,#1468),.PCURVE_S1.);
#1457 = LINE('',#1458,#1459);
#1458 = CARTESIAN_POINT('',(105.75,26.6,0.));
#1459 = VECTOR('',#1460,1.);
#1460 = DIRECTION('',(0.,-1.,0.));
#1461 = PCURVE('',#1188,#1462);
#1462 = DEFINITIONAL_REPRESENTATION('',(#1463),#1467);
#1463 = LINE('',#1464,#1465);
#1464 = CARTESIAN_POINT('',(0.,0.));
#1465 = VECTOR('',#1466,1.);
#1466 = DIRECTION('',(1.,0.));
#1467 = ( GEOMETRIC_REPRESENTATION_CONTEXT(2) 
PARAMETRIC_REPRESENTATION_CONTEXT() REPRESENTATION_CONTEXT('2D SPACE',''
  ) );
#1468 = PCURVE('',#1270,#1469);
#1469 = DEFINITIONAL_REPRESENTATION('',(#1470),#1474);
#1470 = LINE('',#1471,#1472);
#1471 = CARTESIAN_POINT('',(-6.294150936055,14.214791672849));
#1472 = VECTOR('',#1473,1.);
#1473 = DIRECTION('',(0.,-1.));
#1474 = ( GEOMETRIC_REPRESENTATION_CONTEXT(2) 
PARAMETRIC_REPRESENTATION_CONTEXT() REPRESENTATION_CONTEXT('2D SPACE',''
  ) );
#1475 = ADVANCED_FACE('',(#1476),#1270,.F.);
#1476 = FACE_BOUND('',#1477,.F.);
#1477 = EDGE_LOOP('',(#1478,#1479,#1480,#1481));
#1478 = ORIENTED_EDGE('',*,*,#1256,.T.);
#1479 = ORIENTED_EDGE('',*,*,#1337,.T.);
#1480 = ORIENTED_EDGE('',*,*,#1408,.T.);
#1481 = ORIENTED_EDGE('',*,*,#1455,.T.);
#1482 = ADVANCED_FACE('',(#1483),#1216,.T.);
#1483 = FACE_BOUND('',#1484,.T.);
#1484 = EDGE_LOOP('',(#1485,#1486,#1487,#1488));
#1485 = ORIENTED_EDGE('',*,*,#1200,.T.);
#1486 = ORIENTED_EDGE('',*,*,#1286,.T.);
#1487 = ORIENTED_EDGE('',*,*,#1362,.T.);
#1488 = ORIENTED_EDGE('',*,*,#1433,.T.);
#1489 = ( GEOMETRIC_REPRESENTATION_CONTEXT(3) 
GLOBAL_UNCERTAINTY_ASSIGNED_CONTEXT((#1493)) 
GLOBAL_UNIT_ASSIGNED_CONTEXT((#1490,#1491,#1492)) REPRESENTATION_CONTEXT
('Context #1','3D Context with UNIT and UNCERTAINTY') );
#1490 = ( LENGTH_UNIT() NAMED_UNIT(*) SI_UNIT(.MILLI.,.METRE.) );
#1491 = ( NAMED_UNIT(*) PLANE_ANGLE_UNIT() SI_UNIT($,.RADIAN.) );
#1492 = ( NAMED_UNIT(*) SI_UNIT($,.STERADIAN.) SOLID_ANGLE_UNIT() );
#1493 = UNCERTAINTY_MEASURE_WITH_UNIT(LENGTH_MEASURE(1.E-07),#1490,
  'distance_accuracy_value','confusion accuracy');
#1494 = CONTEXT_DEPENDENT_SHAPE_REPRESENTATION(#1495,#1497);
#1495 = ( REPRESENTATION_RELATIONSHIP('','',#1158,#10) 
REPRESENTATION_RELATIONSHIP_WITH_TRANSFORMATION(#1496) 
SHAPE_REPRESENTATION_RELATIONSHIP() );
#1496 = ITEM_DEFINED_TRANSFORMATION('','',#11,#23);
#1497 = PRODUCT_DEFINITION_SHAPE('Placement','Placement of an item',
  #1498);
#1498 = NEXT_ASSEMBLY_USAGE_OCCURRENCE('103','part_0057__01','',#5,#1153
  ,$);
#1499 = PRODUCT_RELATED_PRODUCT_CATEGORY('part',$,(#1155));
#1500 = SHAPE_DEFINITION_REPRESENTATION(#1501,#1507);
#1501 = PRODUCT_DEFINITION_SHAPE('','',#1502);
#1502 = PRODUCT_DEFINITION('design','',#1503,#1506);
#1503 = PRODUCT_DEFINITION_FORMATION('','',#1504);
#1504 = PRODUCT('part_0032__01','part_0032__01','',(#1505));
#1505 = PRODUCT_CONTEXT('',#2,'mechanical');
#1506 = PRODUCT_DEFINITION_CONTEXT('part definition',#2,'design');
#1507 = ADVANCED_BREP_SHAPE_REPRESENTATION('',(#11,#1508),#1838);
#1508 = MANIFOLD_SOLID_BREP('',#1509);
#1509 = CLOSED_SHELL('',(#1510,#1630,#1706,#1777,#1824,#1831));
#1510 = ADVANCED_FACE('',(#1511),#1525,.F.);
#1511 = FACE_BOUND('',#1512,.F.);
#1512 = EDGE_LOOP('',(#1513,#1548,#1576,#1604));
#1513 = ORIENTED_EDGE('',*,*,#1514,.T.);
#1514 = EDGE_CURVE('',#1515,#1517,#1519,.T.);
#1515 = VERTEX_POINT('',#1516);
#1516 = CARTESIAN_POINT('',(123.1,19.,0.));
#1517 = VERTEX_POINT('',#1518);
#1518 = CARTESIAN_POINT('',(123.1,19.,8.));
#1519 = SURFACE_CURVE('',#1520,(#1524,#1536),.PCURVE_S1.);
#1520 = LINE('',#1521,#1522);
#1521 = CARTESIAN_POINT('',(123.1,19.,0.));
#1522 = VECTOR('',#1523,1.);
#1523 = DIRECTION('',(0.,0.,1.));
#1524 = PCURVE('',#1525,#1530);
#1525 = PLANE('',#1526);
#1526 = AXIS2_PLACEMENT_3D('',#1527,#1528,#1529);
#1527 = CARTESIAN_POINT('',(123.1,19.,0.));
#1528 = DIRECTION('',(0.706641732484,0.707571524237,-0.));
#1529 = DIRECTION('',(0.707571524237,-0.706641732484,0.));
#1530 = DEFINITIONAL_REPRESENTATION('',(#1531),#1535);
#1531 = LINE('',#1532,#1533);
#1532 = CARTESIAN_POINT('',(0.,0.));
#1533 = VECTOR('',#1534,1.);
#1534 = DIRECTION('',(0.,-1.));
#1535 = ( GEOMETRIC_REPRESENTATION_CONTEXT(2) 
PARAMETRIC_REPRESENTATION_CONTEXT() REPRESENTATION_CONTEXT('2D SPACE',''
  ) );
#1536 = PCURVE('',#1537,#1542);
#1537 = PLANE('',#1538);
#1538 = AXIS2_PLACEMENT_3D('',#1539,#1540,#1541);
#1539 = CARTESIAN_POINT('',(135.65,25.3,0.));
#1540 = DIRECTION('',(0.448637273837,-0.89371393439,0.));
#1541 = DIRECTION('',(-0.89371393439,-0.448637273837,0.));
#1542 = DEFINITIONAL_REPRESENTATION('',(#1543),#1547);
#1543 = LINE('',#1544,#1545);
#1544 = CARTESIAN_POINT('',(14.042524701776,0.));
#1545 = VECTOR('',#1546,1.);
#1546 = DIRECTION('',(0.,-1.));
#1547 = ( GEOMETRIC_REPRESENTATION_CONTEXT(2) 
PARAMETRIC_REPRESENTATION_CONTEXT() REPRESENTATION_CONTEXT('2D SPACE',''
  ) );
#1548 = ORIENTED_EDGE('',*,*,#1549,.T.);
#1549 = EDGE_CURVE('',#1517,#1550,#1552,.T.);
#1550 = VERTEX_POINT('',#1551);
#1551 = CARTESIAN_POINT('',(142.125,0.,8.));
#1552 = SURFACE_CURVE('',#1553,(#1557,#1564),.PCURVE_S1.);
#1553 = LINE('',#1554,#1555);
#1554 = CARTESIAN_POINT('',(123.1,19.,8.));
#1555 = VECTOR('',#1556,1.);
#1556 = DIRECTION('',(0.707571524237,-0.706641732484,0.));
#1557 = PCURVE('',#1525,#1558);
#1558 = DEFINITIONAL_REPRESENTATION('',(#1559),#1563);
#1559 = LINE('',#1560,#1561);
#1560 = CARTESIAN_POINT('',(0.,-8.));
#1561 = VECTOR('',#1562,1.);
#1562 = DIRECTION('',(1.,0.));
#1563 = ( GEOMETRIC_REPRESENTATION_CONTEXT(2) 
PARAMETRIC_REPRESENTATION_CONTEXT() REPRESENTATION_CONTEXT('2D SPACE',''
  ) );
#1564 = PCURVE('',#1565,#1570);
#1565 = PLANE('',#1566);
#1566 = AXIS2_PLACEMENT_3D('',#1567,#1568,#1569);
#1567 = CARTESIAN_POINT('',(138.88755336186,12.64572891996,8.));
#1568 = DIRECTION('',(0.,0.,1.));
#1569 = DIRECTION('',(1.,0.,0.));
#1570 = DEFINITIONAL_REPRESENTATION('',(#1571),#1575);
#1571 = LINE('',#1572,#1573);
#1572 = CARTESIAN_POINT('',(-15.78755336186,6.35427108004));
#1573 = VECTOR('',#1574,1.);
#1574 = DIRECTION('',(0.707571524237,-0.706641732484));
#1575 = ( GEOMETRIC_REPRESENTATION_CONTEXT(2) 
PARAMETRIC_REPRESENTATION_CONTEXT() REPRESENTATION_CONTEXT('2D SPACE',''
  ) );
#1576 = ORIENTED_EDGE('',*,*,#1577,.F.);
#1577 = EDGE_CURVE('',#1578,#1550,#1580,.T.);
#1578 = VERTEX_POINT('',#1579);
#1579 = CARTESIAN_POINT('',(142.125,0.,0.));
#1580 = SURFACE_CURVE('',#1581,(#1585,#1592),.PCURVE_S1.);
#1581 = LINE('',#1582,#1583);
#1582 = CARTESIAN_POINT('',(142.125,0.,0.));
#1583 = VECTOR('',#1584,1.);
#1584 = DIRECTION('',(0.,0.,1.));
#1585 = PCURVE('',#1525,#1586);
#1586 = DEFINITIONAL_REPRESENTATION('',(#1587),#1591);
#1587 = LINE('',#1588,#1589);
#1588 = CARTESIAN_POINT('',(26.887741165818,0.));
#1589 = VECTOR('',#1590,1.);
#1590 = DIRECTION('',(0.,-1.));
#1591 = ( GEOMETRIC_REPRESENTATION_CONTEXT(2) 
PARAMETRIC_REPRESENTATION_CONTEXT() REPRESENTATION_CONTEXT('2D SPACE',''
  ) );
#1592 = PCURVE('',#1593,#1598);
#1593 = PLANE('',#1594);
#1594 = AXIS2_PLACEMENT_3D('',#1595,#1596,#1597);
#1595 = CARTESIAN_POINT('',(142.125,0.,0.));
#1596 = DIRECTION('',(-0.4472135955,0.894427191,0.));
#1597 = DIRECTION('',(0.894427191,0.4472135955,0.));
#1598 = DEFINITIONAL_REPRESENTATION('',(#1599),#1603);
#1599 = LINE('',#1600,#1601);
#1600 = CARTESIAN_POINT('',(0.,0.));
#1601 = VECTOR('',#1602,1.);
#1602 = DIRECTION('',(0.,-1.));
#1603 = ( GEOMETRIC_REPRESENTATION_CONTEXT(2) 
PARAMETRIC_REPRESENTATION_CONTEXT() REPRESENTATION_CONTEXT('2D SPACE',''
  ) );
#1604 = ORIENTED_EDGE('',*,*,#1605,.F.);
#1605 = EDGE_CURVE('',#1515,#1578,#1606,.T.);
#1606 = SURFACE_CURVE('',#1607,(#1611,#1618),.PCURVE_S1.);
#1607 = LINE('',#1608,#1609);
#1608 = CARTESIAN_POINT('',(123.1,19.,0.));
#1609 = VECTOR('',#1610,1.);
#1610 = DIRECTION('',(0.707571524237,-0.706641732484,0.));
#1611 = PCURVE('',#1525,#1612);
#1612 = DEFINITIONAL_REPRESENTATION('',(#1613),#1617);
#1613 = LINE('',#1614,#1615);
#1614 = CARTESIAN_POINT('',(0.,0.));
#1615 = VECTOR('',#1616,1.);
#1616 = DIRECTION('',(1.,0.));
#1617 = ( GEOMETRIC_REPRESENTATION_CONTEXT(2) 
PARAMETRIC_REPRESENTATION_CONTEXT() REPRESENTATION_CONTEXT('2D SPACE',''
  ) );
#1618 = PCURVE('',#1619,#1624);
#1619 = PLANE('',#1620);
#1620 = AXIS2_PLACEMENT_3D('',#1621,#1622,#1623);
#1621 = CARTESIAN_POINT('',(138.88755336186,12.64572891996,0.));
#1622 = DIRECTION('',(0.,0.,1.));
#1623 = DIRECTION('',(1.,0.,0.));
#1624 = DEFINITIONAL_REPRESENTATION('',(#1625),#1629);
#1625 = LINE('',#1626,#1627);
#1626 = CARTESIAN_POINT('',(-15.78755336186,6.35427108004));
#1627 = VECTOR('',#1628,1.);
#1628 = DIRECTION('',(0.707571524237,-0.706641732484));
#1629 = ( GEOMETRIC_REPRESENTATION_CONTEXT(2) 
PARAMETRIC_REPRESENTATION_CONTEXT() REPRESENTATION_CONTEXT('2D SPACE',''
  ) );
#1630 = ADVANCED_FACE('',(#1631),#1593,.F.);
#1631 = FACE_BOUND('',#1632,.F.);
#1632 = EDGE_LOOP('',(#1633,#1634,#1657,#1685));
#1633 = ORIENTED_EDGE('',*,*,#1577,.T.);
#1634 = ORIENTED_EDGE('',*,*,#1635,.T.);
#1635 = EDGE_CURVE('',#1550,#1636,#1638,.T.);
#1636 = VERTEX_POINT('',#1637);
#1637 = CARTESIAN_POINT('',(154.675,6.275,8.));
#1638 = SURFACE_CURVE('',#1639,(#1643,#1650),.PCURVE_S1.);
#1639 = LINE('',#1640,#1641);
#1640 = CARTESIAN_POINT('',(142.125,0.,8.));
#1641 = VECTOR('',#1642,1.);
#1642 = DIRECTION('',(0.894427191,0.4472135955,0.));
#1643 = PCURVE('',#1593,#1644);
#1644 = DEFINITIONAL_REPRESENTATION('',(#1645),#1649);
#1645 = LINE('',#1646,#1647);
#1646 = CARTESIAN_POINT('',(0.,-8.));
#1647 = VECTOR('',#1648,1.);
#1648 = DIRECTION('',(1.,0.));
#1649 = ( GEOMETRIC_REPRESENTATION_CONTEXT(2) 
PARAMETRIC_REPRESENTATION_CONTEXT() REPRESENTATION_CONTEXT('2D SPACE',''
  ) );
#1650 = PCURVE('',#1565,#1651);
#1651 = DEFINITIONAL_REPRESENTATION('',(#1652),#1656);
#1652 = LINE('',#1653,#1654);
#1653 = CARTESIAN_POINT('',(3.237446638135,-12.64572891996));
#1654 = VECTOR('',#1655,1.);
#1655 = DIRECTION('',(0.894427191,0.4472135955));
#1656 = ( GEOMETRIC_REPRESENTATION_CONTEXT(2) 
PARAMETRIC_REPRESENTATION_CONTEXT() REPRESENTATION_CONTEXT('2D SPACE',''
  ) );
#1657 = ORIENTED_EDGE('',*,*,#1658,.F.);
#1658 = EDGE_CURVE('',#1659,#1636,#1661,.T.);
#1659 = VERTEX_POINT('',#1660);
#1660 = CARTESIAN_POINT('',(154.675,6.275,0.));
#1661 = SURFACE_CURVE('',#1662,(#1666,#1673),.PCURVE_S1.);
#1662 = LINE('',#1663,#1664);
#1663 = CARTESIAN_POINT('',(154.675,6.275,0.));
#1664 = VECTOR('',#1665,1.);
#1665 = DIRECTION('',(0.,0.,1.));
#1666 = PCURVE('',#1593,#1667);
#1667 = DEFINITIONAL_REPRESENTATION('',(#1668),#1672);
#1668 = LINE('',#1669,#1670);
#1669 = CARTESIAN_POINT('',(14.031326558811,0.));
#1670 = VECTOR('',#1671,1.);
#1671 = DIRECTION('',(0.,-1.));
#1672 = ( GEOMETRIC_REPRESENTATION_CONTEXT(2) 
PARAMETRIC_REPRESENTATION_CONTEXT() REPRESENTATION_CONTEXT('2D SPACE',''
  ) );
#1673 = PCURVE('',#1674,#1679);
#1674 = PLANE('',#1675);
#1675 = AXIS2_PLACEMENT_3D('',#1676,#1677,#1678);
#1676 = CARTESIAN_POINT('',(154.675,6.275,0.));
#1677 = DIRECTION('',(-0.707106781187,-0.707106781187,0.));
#1678 = DIRECTION('',(-0.707106781187,0.707106781187,0.));
#1679 = DEFINITIONAL_REPRESENTATION('',(#1680),#1684);
#1680 = LINE('',#1681,#1682);
#1681 = CARTESIAN_POINT('',(0.,0.));
#1682 = VECTOR('',#1683,1.);
#1683 = DIRECTION('',(0.,-1.));
#1684 = ( GEOMETRIC_REPRESENTATION_CONTEXT(2) 
PARAMETRIC_REPRESENTATION_CONTEXT() REPRESENTATION_CONTEXT('2D SPACE',''
  ) );
#1685 = ORIENTED_EDGE('',*,*,#1686,.F.);
#1686 = EDGE_CURVE('',#1578,#1659,#1687,.T.);
#1687 = SURFACE_CURVE('',#1688,(#1692,#1699),.PCURVE_S1.);
#1688 = LINE('',#1689,#1690);
#1689 = CARTESIAN_POINT('',(142.125,0.,0.));
#1690 = VECTOR('',#1691,1.);
#1691 = DIRECTION('',(0.894427191,0.4472135955,0.));
#1692 = PCURVE('',#1593,#1693);
#1693 = DEFINITIONAL_REPRESENTATION('',(#1694),#1698);
#1694 = LINE('',#1695,#1696);
#1695 = CARTESIAN_POINT('',(0.,0.));
#1696 = VECTOR('',#1697,1.);
#1697 = DIRECTION('',(1.,0.));
#1698 = ( GEOMETRIC_REPRESENTATION_CONTEXT(2) 
PARAMETRIC_REPRESENTATION_CONTEXT() REPRESENTATION_CONTEXT('2D SPACE',''
  ) );
#1699 = PCURVE('',#1619,#1700);
#1700 = DEFINITIONAL_REPRESENTATION('',(#1701),#1705);
#1701 = LINE('',#1702,#1703);
#1702 = CARTESIAN_POINT('',(3.237446638135,-12.64572891996));
#1703 = VECTOR('',#1704,1.);
#1704 = DIRECTION('',(0.894427191,0.4472135955));
#1705 = ( GEOMETRIC_REPRESENTATION_CONTEXT(2) 
PARAMETRIC_REPRESENTATION_CONTEXT() REPRESENTATION_CONTEXT('2D SPACE',''
  ) );
#1706 = ADVANCED_FACE('',(#1707),#1674,.F.);
#1707 = FACE_BOUND('',#1708,.F.);
#1708 = EDGE_LOOP('',(#1709,#1710,#1733,#1756));
#1709 = ORIENTED_EDGE('',*,*,#1658,.T.);
#1710 = ORIENTED_EDGE('',*,*,#1711,.T.);
#1711 = EDGE_CURVE('',#1636,#1712,#1714,.T.);
#1712 = VERTEX_POINT('',#1713);
#1713 = CARTESIAN_POINT('',(135.65,25.3,8.));
#1714 = SURFACE_CURVE('',#1715,(#1719,#1726),.PCURVE_S1.);
#1715 = LINE('',#1716,#1717);
#1716 = CARTESIAN_POINT('',(154.675,6.275,8.));
#1717 = VECTOR('',#1718,1.);
#1718 = DIRECTION('',(-0.707106781187,0.707106781187,0.));
#1719 = PCURVE('',#1674,#1720);
#1720 = DEFINITIONAL_REPRESENTATION('',(#1721),#1725);
#1721 = LINE('',#1722,#1723);
#1722 = CARTESIAN_POINT('',(0.,-8.));
#1723 = VECTOR('',#1724,1.);
#1724 = DIRECTION('',(1.,0.));
#1725 = ( GEOMETRIC_REPRESENTATION_CONTEXT(2) 
PARAMETRIC_REPRESENTATION_CONTEXT() REPRESENTATION_CONTEXT('2D SPACE',''
  ) );
#1726 = PCURVE('',#1565,#1727);
#1727 = DEFINITIONAL_REPRESENTATION('',(#1728),#1732);
#1728 = LINE('',#1729,#1730);
#1729 = CARTESIAN_POINT('',(15.787446638135,-6.37072891996));
#1730 = VECTOR('',#1731,1.);
#1731 = DIRECTION('',(-0.707106781187,0.707106781187));
#1732 = ( GEOMETRIC_REPRESENTATION_CONTEXT(2) 
PARAMETRIC_REPRESENTATION_CONTEXT() REPRESENTATION_CONTEXT('2D SPACE',''
  ) );
#1733 = ORIENTED_EDGE('',*,*,#1734,.F.);
#1734 = EDGE_CURVE('',#1735,#1712,#1737,.T.);
#1735 = VERTEX_POINT('',#1736);
#1736 = CARTESIAN_POINT('',(135.65,25.3,0.));
#1737 = SURFACE_CURVE('',#1738,(#1742,#1749),.PCURVE_S1.);
#1738 = LINE('',#1739,#1740);
#1739 = CARTESIAN_POINT('',(135.65,25.3,0.));
#1740 = VECTOR('',#1741,1.);
#1741 = DIRECTION('',(0.,0.,1.));
#1742 = PCURVE('',#1674,#1743);
#1743 = DEFINITIONAL_REPRESENTATION('',(#1744),#1748);
#1744 = LINE('',#1745,#1746);
#1745 = CARTESIAN_POINT('',(26.905413024148,0.));
#1746 = VECTOR('',#1747,1.);
#1747 = DIRECTION('',(0.,-1.));
#1748 = ( GEOMETRIC_REPRESENTATION_CONTEXT(2) 
PARAMETRIC_REPRESENTATION_CONTEXT() REPRESENTATION_CONTEXT('2D SPACE',''
  ) );
#1749 = PCURVE('',#1537,#1750);
#1750 = DEFINITIONAL_REPRESENTATION('',(#1751),#1755);
#1751 = LINE('',#1752,#1753);
#1752 = CARTESIAN_POINT('',(0.,0.));
#1753 = VECTOR('',#1754,1.);
#1754 = DIRECTION('',(0.,-1.));
#1755 = ( GEOMETRIC_REPRESENTATION_CONTEXT(2) 
PARAMETRIC_REPRESENTATION_CONTEXT() REPRESENTATION_CONTEXT('2D SPACE',''
  ) );
#1756 = ORIENTED_EDGE('',*,*,#1757,.F.);
#1757 = EDGE_CURVE('',#1659,#1735,#1758,.T.);
#1758 = SURFACE_CURVE('',#1759,(#1763,#1770),.PCURVE_S1.);
#1759 = LINE('',#1760,#1761);
#1760 = CARTESIAN_POINT('',(154.675,6.275,0.));
#1761 = VECTOR('',#1762,1.);
#1762 = DIRECTION('',(-0.707106781187,0.707106781187,0.));
#1763 = PCURVE('',#1674,#1764);
#1764 = DEFINITIONAL_REPRESENTATION('',(#1765),#1769);
#1765 = LINE('',#1766,#1767);
#1766 = CARTESIAN_POINT('',(0.,0.));
#1767 = VECTOR('',#1768,1.);
#1768 = DIRECTION('',(1.,0.));
#1769 = ( GEOMETRIC_REPRESENTATION_CONTEXT(2) 
PARAMETRIC_REPRESENTATION_CONTEXT() REPRESENTATION_CONTEXT('2D SPACE',''
  ) );
#1770 = PCURVE('',#1619,#1771);
#1771 = DEFINITIONAL_REPRESENTATION('',(#1772),#1776);
#1772 = LINE('',#1773,#1774);
#1773 = CARTESIAN_POINT('',(15.787446638135,-6.37072891996));
#1774 = VECTOR('',#1775,1.);
#1775 = DIRECTION('',(-0.707106781187,0.707106781187));
#1776 = ( GEOMETRIC_REPRESENTATION_CONTEXT(2) 
PARAMETRIC_REPRESENTATION_CONTEXT() REPRESENTATION_CONTEXT('2D SPACE',''
  ) );
#1777 = ADVANCED_FACE('',(#1778),#1537,.F.);
#1778 = FACE_BOUND('',#1779,.F.);
#1779 = EDGE_LOOP('',(#1780,#1781,#1802,#1803));
#1780 = ORIENTED_EDGE('',*,*,#1734,.T.);
#1781 = ORIENTED_EDGE('',*,*,#1782,.T.);
#1782 = EDGE_CURVE('',#1712,#1517,#1783,.T.);
#1783 = SURFACE_CURVE('',#1784,(#1788,#1795),.PCURVE_S1.);
#1784 = LINE('',#1785,#1786);
#1785 = CARTESIAN_POINT('',(135.65,25.3,8.));
#1786 = VECTOR('',#1787,1.);
#1787 = DIRECTION('',(-0.89371393439,-0.448637273837,0.));
#1788 = PCURVE('',#1537,#1789);
#1789 = DEFINITIONAL_REPRESENTATION('',(#1790),#1794);
#1790 = LINE('',#1791,#1792);
#1791 = CARTESIAN_POINT('',(0.,-8.));
#1792 = VECTOR('',#1793,1.);
#1793 = DIRECTION('',(1.,0.));
#1794 = ( GEOMETRIC_REPRESENTATION_CONTEXT(2) 
PARAMETRIC_REPRESENTATION_CONTEXT() REPRESENTATION_CONTEXT('2D SPACE',''
  ) );
#1795 = PCURVE('',#1565,#1796);
#1796 = DEFINITIONAL_REPRESENTATION('',(#1797),#1801);
#1797 = LINE('',#1798,#1799);
#1798 = CARTESIAN_POINT('',(-3.237553361865,12.65427108004));
#1799 = VECTOR('',#1800,1.);
#1800 = DIRECTION('',(-0.89371393439,-0.448637273837));
#1801 = ( GEOMETRIC_REPRESENTATION_CONTEXT(2) 
PARAMETRIC_REPRESENTATION_CONTEXT() REPRESENTATION_CONTEXT('2D SPACE',''
  ) );
#1802 = ORIENTED_EDGE('',*,*,#1514,.F.);
#1803 = ORIENTED_EDGE('',*,*,#1804,.F.);
#1804 = EDGE_CURVE('',#1735,#1515,#1805,.T.);
#1805 = SURFACE_CURVE('',#1806,(#1810,#1817),.PCURVE_S1.);
#1806 = LINE('',#1807,#1808);
#1807 = CARTESIAN_POINT('',(135.65,25.3,0.));
#1808 = VECTOR('',#1809,1.);
#1809 = DIRECTION('',(-0.89371393439,-0.448637273837,0.));
#1810 = PCURVE('',#1537,#1811);
#1811 = DEFINITIONAL_REPRESENTATION('',(#1812),#1816);
#1812 = LINE('',#1813,#1814);
#1813 = CARTESIAN_POINT('',(0.,0.));
#1814 = VECTOR('',#1815,1.);
#1815 = DIRECTION('',(1.,0.));
#1816 = ( GEOMETRIC_REPRESENTATION_CONTEXT(2) 
PARAMETRIC_REPRESENTATION_CONTEXT() REPRESENTATION_CONTEXT('2D SPACE',''
  ) );
#1817 = PCURVE('',#1619,#1818);
#1818 = DEFINITIONAL_REPRESENTATION('',(#1819),#1823);
#1819 = LINE('',#1820,#1821);
#1820 = CARTESIAN_POINT('',(-3.237553361865,12.65427108004));
#1821 = VECTOR('',#1822,1.);
#1822 = DIRECTION('',(-0.89371393439,-0.448637273837));
#1823 = ( GEOMETRIC_REPRESENTATION_CONTEXT(2) 
PARAMETRIC_REPRESENTATION_CONTEXT() REPRESENTATION_CONTEXT('2D SPACE',''
  ) );
#1824 = ADVANCED_FACE('',(#1825),#1619,.F.);
#1825 = FACE_BOUND('',#1826,.F.);
#1826 = EDGE_LOOP('',(#1827,#1828,#1829,#1830));
#1827 = ORIENTED_EDGE('',*,*,#1605,.T.);
#1828 = ORIENTED_EDGE('',*,*,#1686,.T.);
#1829 = ORIENTED_EDGE('',*,*,#1757,.T.);
#1830 = ORIENTED_EDGE('',*,*,#1804,.T.);
#1831 = ADVANCED_FACE('',(#1832),#1565,.T.);
#1832 = FACE_BOUND('',#1833,.T.);
#1833 = EDGE_LOOP('',(#1834,#1835,#1836,#1837));
#1834 = ORIENTED_EDGE('',*,*,#1549,.T.);
#1835 = ORIENTED_EDGE('',*,*,#1635,.T.);
#1836 = ORIENTED_EDGE('',*,*,#1711,.T.);
#1837 = ORIENTED_EDGE('',*,*,#1782,.T.);
#1838 = ( GEOMETRIC_REPRESENTATION_CONTEXT(3) 
GLOBAL_UNCERTAINTY_ASSIGNED_CONTEXT((#1842)) 
GLOBAL_UNIT_ASSIGNED_CONTEXT((#1839,#1840,#1841)) REPRESENTATION_CONTEXT
('Context #1','3D Context with UNIT and UNCERTAINTY') );
#1839 = ( LENGTH_UNIT() NAMED_UNIT(*) SI_UNIT(.MILLI.,.METRE.) );
#1840 = ( NAMED_UNIT(*) PLANE_ANGLE_UNIT() SI_UNIT($,.RADIAN.) );
#1841 = ( NAMED_UNIT(*) SI_UNIT($,.STERADIAN.) SOLID_ANGLE_UNIT() );
#1842 = UNCERTAINTY_MEASURE_WITH_UNIT(LENGTH_MEASURE(1.E-07),#1839,
  'distance_accuracy_value','confusion accuracy');
#1843 = CONTEXT_DEPENDENT_SHAPE_REPRESENTATION(#1844,#1846);
#1844 = ( REPRESENTATION_RELATIONSHIP('','',#1507,#10) 
REPRESENTATION_RELATIONSHIP_WITH_TRANSFORMATION(#1845) 
SHAPE_REPRESENTATION_RELATIONSHIP() );
#1845 = ITEM_DEFINED_TRANSFORMATION('','',#11,#27);
#1846 = PRODUCT_DEFINITION_SHAPE('Placement','Placement of an item',
  #1847);
#1847 = NEXT_ASSEMBLY_USAGE_OCCURRENCE('104','part_0032__01','',#5,#1502
  ,$);
#1848 = PRODUCT_RELATED_PRODUCT_CATEGORY('part',$,(#1504));
#1849 = SHAPE_DEFINITION_REPRESENTATION(#1850,#1856);
#1850 = PRODUCT_DEFINITION_SHAPE('','',#1851);
#1851 = PRODUCT_DEFINITION('design','',#1852,#1855);
#1852 = PRODUCT_DEFINITION_FORMATION('','',#1853);
#1853 = PRODUCT('part_0032__02','part_0032__02','',(#1854));
#1854 = PRODUCT_CONTEXT('',#2,'mechanical');
#1855 = PRODUCT_DEFINITION_CONTEXT('part definition',#2,'design');
#1856 = ADVANCED_BREP_SHAPE_REPRESENTATION('',(#11,#1857),#2187);
#1857 = MANIFOLD_SOLID_BREP('',#1858);
#1858 = CLOSED_SHELL('',(#1859,#1979,#2055,#2126,#2173,#2180));
#1859 = ADVANCED_FACE('',(#1860),#1874,.F.);
#1860 = FACE_BOUND('',#1861,.F.);
#1861 = EDGE_LOOP('',(#1862,#1897,#1925,#1953));
#1862 = ORIENTED_EDGE('',*,*,#1863,.T.);
#1863 = EDGE_CURVE('',#1864,#1866,#1868,.T.);
#1864 = VERTEX_POINT('',#1865);
#1865 = CARTESIAN_POINT('',(0.,49.675,0.));
#1866 = VERTEX_POINT('',#1867);
#1867 = CARTESIAN_POINT('',(0.,49.675,8.));
#1868 = SURFACE_CURVE('',#1869,(#1873,#1885),.PCURVE_S1.);
#1869 = LINE('',#1870,#1871);
#1870 = CARTESIAN_POINT('',(0.,49.675,0.));
#1871 = VECTOR('',#1872,1.);
#1872 = DIRECTION('',(0.,0.,1.));
#1873 = PCURVE('',#1874,#1879);
#1874 = PLANE('',#1875);
#1875 = AXIS2_PLACEMENT_3D('',#1876,#1877,#1878);
#1876 = CARTESIAN_POINT('',(0.,49.675,0.));
#1877 = DIRECTION('',(0.706641732484,0.707571524237,-0.));
#1878 = DIRECTION('',(0.707571524237,-0.706641732484,0.));
#1879 = DEFINITIONAL_REPRESENTATION('',(#1880),#1884);
#1880 = LINE('',#1881,#1882);
#1881 = CARTESIAN_POINT('',(0.,0.));
#1882 = VECTOR('',#1883,1.);
#1883 = DIRECTION('',(0.,-1.));
#1884 = ( GEOMETRIC_REPRESENTATION_CONTEXT(2) 
PARAMETRIC_REPRESENTATION_CONTEXT() REPRESENTATION_CONTEXT('2D SPACE',''
  ) );
#1885 = PCURVE('',#1886,#1891);
#1886 = PLANE('',#1887);
#1887 = AXIS2_PLACEMENT_3D('',#1888,#1889,#1890);
#1888 = CARTESIAN_POINT('',(12.55,55.975,0.));
#1889 = DIRECTION('',(0.448637273837,-0.89371393439,0.));
#1890 = DIRECTION('',(-0.89371393439,-0.448637273837,0.));
#1891 = DEFINITIONAL_REPRESENTATION('',(#1892),#1896);
#1892 = LINE('',#1893,#1894);
#1893 = CARTESIAN_POINT('',(14.042524701776,0.));
#1894 = VECTOR('',#1895,1.);
#1895 = DIRECTION('',(0.,-1.));
#1896 = ( GEOMETRIC_REPRESENTATION_CONTEXT(2) 
PARAMETRIC_REPRESENTATION_CONTEXT() REPRESENTATION_CONTEXT('2D SPACE',''
  ) );
#1897 = ORIENTED_EDGE('',*,*,#1898,.T.);
#1898 = EDGE_CURVE('',#1866,#1899,#1901,.T.);
#1899 = VERTEX_POINT('',#1900);
#1900 = CARTESIAN_POINT('',(19.025,30.675,8.));
#1901 = SURFACE_CURVE('',#1902,(#1906,#1913),.PCURVE_S1.);
#1902 = LINE('',#1903,#1904);
#1903 = CARTESIAN_POINT('',(0.,49.675,8.));
#1904 = VECTOR('',#1905,1.);
#1905 = DIRECTION('',(0.707571524237,-0.706641732484,0.));
#1906 = PCURVE('',#1874,#1907);
#1907 = DEFINITIONAL_REPRESENTATION('',(#1908),#1912);
#1908 = LINE('',#1909,#1910);
#1909 = CARTESIAN_POINT('',(0.,-8.));
#1910 = VECTOR('',#1911,1.);
#1911 = DIRECTION('',(1.,0.));
#1912 = ( GEOMETRIC_REPRESENTATION_CONTEXT(2) 
PARAMETRIC_REPRESENTATION_CONTEXT() REPRESENTATION_CONTEXT('2D SPACE',''
  ) );
#1913 = PCURVE('',#1914,#1919);
#1914 = PLANE('',#1915);
#1915 = AXIS2_PLACEMENT_3D('',#1916,#1917,#1918);
#1916 = CARTESIAN_POINT('',(15.787553361865,43.32072891996,8.));
#1917 = DIRECTION('',(0.,0.,1.));
#1918 = DIRECTION('',(1.,0.,0.));
#1919 = DEFINITIONAL_REPRESENTATION('',(#1920),#1924);
#1920 = LINE('',#1921,#1922);
#1921 = CARTESIAN_POINT('',(-15.78755336186,6.35427108004));
#1922 = VECTOR('',#1923,1.);
#1923 = DIRECTION('',(0.707571524237,-0.706641732484));
#1924 = ( GEOMETRIC_REPRESENTATION_CONTEXT(2) 
PARAMETRIC_REPRESENTATION_CONTEXT() REPRESENTATION_CONTEXT('2D SPACE',''
  ) );
#1925 = ORIENTED_EDGE('',*,*,#1926,.F.);
#1926 = EDGE_CURVE('',#1927,#1899,#1929,.T.);
#1927 = VERTEX_POINT('',#1928);
#1928 = CARTESIAN_POINT('',(19.025,30.675,0.));
#1929 = SURFACE_CURVE('',#1930,(#1934,#1941),.PCURVE_S1.);
#1930 = LINE('',#1931,#1932);
#1931 = CARTESIAN_POINT('',(19.025,30.675,0.));
#1932 = VECTOR('',#1933,1.);
#1933 = DIRECTION('',(0.,0.,1.));
#1934 = PCURVE('',#1874,#1935);
#1935 = DEFINITIONAL_REPRESENTATION('',(#1936),#1940);
#1936 = LINE('',#1937,#1938);
#1937 = CARTESIAN_POINT('',(26.887741165818,0.));
#1938 = VECTOR('',#1939,1.);
#1939 = DIRECTION('',(0.,-1.));
#1940 = ( GEOMETRIC_REPRESENTATION_CONTEXT(2) 
PARAMETRIC_REPRESENTATION_CONTEXT() REPRESENTATION_CONTEXT('2D SPACE',''
  ) );
#1941 = PCURVE('',#1942,#1947);
#1942 = PLANE('',#1943);
#1943 = AXIS2_PLACEMENT_3D('',#1944,#1945,#1946);
#1944 = CARTESIAN_POINT('',(19.025,30.675,0.));
#1945 = DIRECTION('',(-0.4472135955,0.894427191,0.));
#1946 = DIRECTION('',(0.894427191,0.4472135955,0.));
#1947 = DEFINITIONAL_REPRESENTATION('',(#1948),#1952);
#1948 = LINE('',#1949,#1950);
#1949 = CARTESIAN_POINT('',(0.,0.));
#1950 = VECTOR('',#1951,1.);
#1951 = DIRECTION('',(0.,-1.));
#1952 = ( GEOMETRIC_REPRESENTATION_CONTEXT(2) 
PARAMETRIC_REPRESENTATION_CONTEXT() REPRESENTATION_CONTEXT('2D SPACE',''
  ) );
#1953 = ORIENTED_EDGE('',*,*,#1954,.F.);
#1954 = EDGE_CURVE('',#1864,#1927,#1955,.T.);
#1955 = SURFACE_CURVE('',#1956,(#1960,#1967),.PCURVE_S1.);
#1956 = LINE('',#1957,#1958);
#1957 = CARTESIAN_POINT('',(0.,49.675,0.));
#1958 = VECTOR('',#1959,1.);
#1959 = DIRECTION('',(0.707571524237,-0.706641732484,0.));
#1960 = PCURVE('',#1874,#1961);
#1961 = DEFINITIONAL_REPRESENTATION('',(#1962),#1966);
#1962 = LINE('',#1963,#1964);
#1963 = CARTESIAN_POINT('',(0.,0.));
#1964 = VECTOR('',#1965,1.);
#1965 = DIRECTION('',(1.,0.));
#1966 = ( GEOMETRIC_REPRESENTATION_CONTEXT(2) 
PARAMETRIC_REPRESENTATION_CONTEXT() REPRESENTATION_CONTEXT('2D SPACE',''
  ) );
#1967 = PCURVE('',#1968,#1973);
#1968 = PLANE('',#1969);
#1969 = AXIS2_PLACEMENT_3D('',#1970,#1971,#1972);
#1970 = CARTESIAN_POINT('',(15.787553361865,43.32072891996,0.));
#1971 = DIRECTION('',(0.,0.,1.));
#1972 = DIRECTION('',(1.,0.,0.));
#1973 = DEFINITIONAL_REPRESENTATION('',(#1974),#1978);
#1974 = LINE('',#1975,#1976);
#1975 = CARTESIAN_POINT('',(-15.78755336186,6.35427108004));
#1976 = VECTOR('',#1977,1.);
#1977 = DIRECTION('',(0.707571524237,-0.706641732484));
#1978 = ( GEOMETRIC_REPRESENTATION_CONTEXT(2) 
PARAMETRIC_REPRESENTATION_CONTEXT() REPRESENTATION_CONTEXT('2D SPACE',''
  ) );
#1979 = ADVANCED_FACE('',(#1980),#1942,.F.);
#1980 = FACE_BOUND('',#1981,.F.);
#1981 = EDGE_LOOP('',(#1982,#1983,#2006,#2034));
#1982 = ORIENTED_EDGE('',*,*,#1926,.T.);
#1983 = ORIENTED_EDGE('',*,*,#1984,.T.);
#1984 = EDGE_CURVE('',#1899,#1985,#1987,.T.);
#1985 = VERTEX_POINT('',#1986);
#1986 = CARTESIAN_POINT('',(31.575,36.95,8.));
#1987 = SURFACE_CURVE('',#1988,(#1992,#1999),.PCURVE_S1.);
#1988 = LINE('',#1989,#1990);
#1989 = CARTESIAN_POINT('',(19.025,30.675,8.));
#1990 = VECTOR('',#1991,1.);
#1991 = DIRECTION('',(0.894427191,0.4472135955,0.));
#1992 = PCURVE('',#1942,#1993);
#1993 = DEFINITIONAL_REPRESENTATION('',(#1994),#1998);
#1994 = LINE('',#1995,#1996);
#1995 = CARTESIAN_POINT('',(0.,-8.));
#1996 = VECTOR('',#1997,1.);
#1997 = DIRECTION('',(1.,0.));
#1998 = ( GEOMETRIC_REPRESENTATION_CONTEXT(2) 
PARAMETRIC_REPRESENTATION_CONTEXT() REPRESENTATION_CONTEXT('2D SPACE',''
  ) );
#1999 = PCURVE('',#1914,#2000);
#2000 = DEFINITIONAL_REPRESENTATION('',(#2001),#2005);
#2001 = LINE('',#2002,#2003);
#2002 = CARTESIAN_POINT('',(3.237446638135,-12.64572891996));
#2003 = VECTOR('',#2004,1.);
#2004 = DIRECTION('',(0.894427191,0.4472135955));
#2005 = ( GEOMETRIC_REPRESENTATION_CONTEXT(2) 
PARAMETRIC_REPRESENTATION_CONTEXT() REPRESENTATION_CONTEXT('2D SPACE',''
  ) );
#2006 = ORIENTED_EDGE('',*,*,#2007,.F.);
#2007 = EDGE_CURVE('',#2008,#1985,#2010,.T.);
#2008 = VERTEX_POINT('',#2009);
#2009 = CARTESIAN_POINT('',(31.575,36.95,0.));
#2010 = SURFACE_CURVE('',#2011,(#2015,#2022),.PCURVE_S1.);
#2011 = LINE('',#2012,#2013);
#2012 = CARTESIAN_POINT('',(31.575,36.95,0.));
#2013 = VECTOR('',#2014,1.);
#2014 = DIRECTION('',(0.,0.,1.));
#2015 = PCURVE('',#1942,#2016);
#2016 = DEFINITIONAL_REPRESENTATION('',(#2017),#2021);
#2017 = LINE('',#2018,#2019);
#2018 = CARTESIAN_POINT('',(14.031326558811,0.));
#2019 = VECTOR('',#2020,1.);
#2020 = DIRECTION('',(0.,-1.));
#2021 = ( GEOMETRIC_REPRESENTATION_CONTEXT(2) 
PARAMETRIC_REPRESENTATION_CONTEXT() REPRESENTATION_CONTEXT('2D SPACE',''
  ) );
#2022 = PCURVE('',#2023,#2028);
#2023 = PLANE('',#2024);
#2024 = AXIS2_PLACEMENT_3D('',#2025,#2026,#2027);
#2025 = CARTESIAN_POINT('',(31.575,36.95,0.));
#2026 = DIRECTION('',(-0.707106781187,-0.707106781187,0.));
#2027 = DIRECTION('',(-0.707106781187,0.707106781187,0.));
#2028 = DEFINITIONAL_REPRESENTATION('',(#2029),#2033);
#2029 = LINE('',#2030,#2031);
#2030 = CARTESIAN_POINT('',(0.,0.));
#2031 = VECTOR('',#2032,1.);
#2032 = DIRECTION('',(0.,-1.));
#2033 = ( GEOMETRIC_REPRESENTATION_CONTEXT(2) 
PARAMETRIC_REPRESENTATION_CONTEXT() REPRESENTATION_CONTEXT('2D SPACE',''
  ) );
#2034 = ORIENTED_EDGE('',*,*,#2035,.F.);
#2035 = EDGE_CURVE('',#1927,#2008,#2036,.T.);
#2036 = SURFACE_CURVE('',#2037,(#2041,#2048),.PCURVE_S1.);
#2037 = LINE('',#2038,#2039);
#2038 = CARTESIAN_POINT('',(19.025,30.675,0.));
#2039 = VECTOR('',#2040,1.);
#2040 = DIRECTION('',(0.894427191,0.4472135955,0.));
#2041 = PCURVE('',#1942,#2042);
#2042 = DEFINITIONAL_REPRESENTATION('',(#2043),#2047);
#2043 = LINE('',#2044,#2045);
#2044 = CARTESIAN_POINT('',(0.,0.));
#2045 = VECTOR('',#2046,1.);
#2046 = DIRECTION('',(1.,0.));
#2047 = ( GEOMETRIC_REPRESENTATION_CONTEXT(2) 
PARAMETRIC_REPRESENTATION_CONTEXT() REPRESENTATION_CONTEXT('2D SPACE',''
  ) );
#2048 = PCURVE('',#1968,#2049);
#2049 = DEFINITIONAL_REPRESENTATION('',(#2050),#2054);
#2050 = LINE('',#2051,#2052);
#2051 = CARTESIAN_POINT('',(3.237446638135,-12.64572891996));
#2052 = VECTOR('',#2053,1.);
#2053 = DIRECTION('',(0.894427191,0.4472135955));
#2054 = ( GEOMETRIC_REPRESENTATION_CONTEXT(2) 
PARAMETRIC_REPRESENTATION_CONTEXT() REPRESENTATION_CONTEXT('2D SPACE',''
  ) );
#2055 = ADVANCED_FACE('',(#2056),#2023,.F.);
#2056 = FACE_BOUND('',#2057,.F.);
#2057 = EDGE_LOOP('',(#2058,#2059,#2082,#2105));
#2058 = ORIENTED_EDGE('',*,*,#2007,.T.);
#2059 = ORIENTED_EDGE('',*,*,#2060,.T.);
#2060 = EDGE_CURVE('',#1985,#2061,#2063,.T.);
#2061 = VERTEX_POINT('',#2062);
#2062 = CARTESIAN_POINT('',(12.55,55.975,8.));
#2063 = SURFACE_CURVE('',#2064,(#2068,#2075),.PCURVE_S1.);
#2064 = LINE('',#2065,#2066);
#2065 = CARTESIAN_POINT('',(31.575,36.95,8.));
#2066 = VECTOR('',#2067,1.);
#2067 = DIRECTION('',(-0.707106781187,0.707106781187,0.));
#2068 = PCURVE('',#2023,#2069);
#2069 = DEFINITIONAL_REPRESENTATION('',(#2070),#2074);
#2070 = LINE('',#2071,#2072);
#2071 = CARTESIAN_POINT('',(0.,-8.));
#2072 = VECTOR('',#2073,1.);
#2073 = DIRECTION('',(1.,0.));
#2074 = ( GEOMETRIC_REPRESENTATION_CONTEXT(2) 
PARAMETRIC_REPRESENTATION_CONTEXT() REPRESENTATION_CONTEXT('2D SPACE',''
  ) );
#2075 = PCURVE('',#1914,#2076);
#2076 = DEFINITIONAL_REPRESENTATION('',(#2077),#2081);
#2077 = LINE('',#2078,#2079);
#2078 = CARTESIAN_POINT('',(15.787446638135,-6.37072891996));
#2079 = VECTOR('',#2080,1.);
#2080 = DIRECTION('',(-0.707106781187,0.707106781187));
#2081 = ( GEOMETRIC_REPRESENTATION_CONTEXT(2) 
PARAMETRIC_REPRESENTATION_CONTEXT() REPRESENTATION_CONTEXT('2D SPACE',''
  ) );
#2082 = ORIENTED_EDGE('',*,*,#2083,.F.);
#2083 = EDGE_CURVE('',#2084,#2061,#2086,.T.);
#2084 = VERTEX_POINT('',#2085);
#2085 = CARTESIAN_POINT('',(12.55,55.975,0.));
#2086 = SURFACE_CURVE('',#2087,(#2091,#2098),.PCURVE_S1.);
#2087 = LINE('',#2088,#2089);
#2088 = CARTESIAN_POINT('',(12.55,55.975,0.));
#2089 = VECTOR('',#2090,1.);
#2090 = DIRECTION('',(0.,0.,1.));
#2091 = PCURVE('',#2023,#2092);
#2092 = DEFINITIONAL_REPRESENTATION('',(#2093),#2097);
#2093 = LINE('',#2094,#2095);
#2094 = CARTESIAN_POINT('',(26.905413024148,0.));
#2095 = VECTOR('',#2096,1.);
#2096 = DIRECTION('',(0.,-1.));
#2097 = ( GEOMETRIC_REPRESENTATION_CONTEXT(2) 
PARAMETRIC_REPRESENTATION_CONTEXT() REPRESENTATION_CONTEXT('2D SPACE',''
  ) );
#2098 = PCURVE('',#1886,#2099);
#2099 = DEFINITIONAL_REPRESENTATION('',(#2100),#2104);
#2100 = LINE('',#2101,#2102);
#2101 = CARTESIAN_POINT('',(0.,0.));
#2102 = VECTOR('',#2103,1.);
#2103 = DIRECTION('',(0.,-1.));
#2104 = ( GEOMETRIC_REPRESENTATION_CONTEXT(2) 
PARAMETRIC_REPRESENTATION_CONTEXT() REPRESENTATION_CONTEXT('2D SPACE',''
  ) );
#2105 = ORIENTED_EDGE('',*,*,#2106,.F.);
#2106 = EDGE_CURVE('',#2008,#2084,#2107,.T.);
#2107 = SURFACE_CURVE('',#2108,(#2112,#2119),.PCURVE_S1.);
#2108 = LINE('',#2109,#2110);
#2109 = CARTESIAN_POINT('',(31.575,36.95,0.));
#2110 = VECTOR('',#2111,1.);
#2111 = DIRECTION('',(-0.707106781187,0.707106781187,0.));
#2112 = PCURVE('',#2023,#2113);
#2113 = DEFINITIONAL_REPRESENTATION('',(#2114),#2118);
#2114 = LINE('',#2115,#2116);
#2115 = CARTESIAN_POINT('',(0.,0.));
#2116 = VECTOR('',#2117,1.);
#2117 = DIRECTION('',(1.,0.));
#2118 = ( GEOMETRIC_REPRESENTATION_CONTEXT(2) 
PARAMETRIC_REPRESENTATION_CONTEXT() REPRESENTATION_CONTEXT('2D SPACE',''
  ) );
#2119 = PCURVE('',#1968,#2120);
#2120 = DEFINITIONAL_REPRESENTATION('',(#2121),#2125);
#2121 = LINE('',#2122,#2123);
#2122 = CARTESIAN_POINT('',(15.787446638135,-6.37072891996));
#2123 = VECTOR('',#2124,1.);
#2124 = DIRECTION('',(-0.707106781187,0.707106781187));
#2125 = ( GEOMETRIC_REPRESENTATION_CONTEXT(2) 
PARAMETRIC_REPRESENTATION_CONTEXT() REPRESENTATION_CONTEXT('2D SPACE',''
  ) );
#2126 = ADVANCED_FACE('',(#2127),#1886,.F.);
#2127 = FACE_BOUND('',#2128,.F.);
#2128 = EDGE_LOOP('',(#2129,#2130,#2151,#2152));
#2129 = ORIENTED_EDGE('',*,*,#2083,.T.);
#2130 = ORIENTED_EDGE('',*,*,#2131,.T.);
#2131 = EDGE_CURVE('',#2061,#1866,#2132,.T.);
#2132 = SURFACE_CURVE('',#2133,(#2137,#2144),.PCURVE_S1.);
#2133 = LINE('',#2134,#2135);
#2134 = CARTESIAN_POINT('',(12.55,55.975,8.));
#2135 = VECTOR('',#2136,1.);
#2136 = DIRECTION('',(-0.89371393439,-0.448637273837,0.));
#2137 = PCURVE('',#1886,#2138);
#2138 = DEFINITIONAL_REPRESENTATION('',(#2139),#2143);
#2139 = LINE('',#2140,#2141);
#2140 = CARTESIAN_POINT('',(0.,-8.));
#2141 = VECTOR('',#2142,1.);
#2142 = DIRECTION('',(1.,0.));
#2143 = ( GEOMETRIC_REPRESENTATION_CONTEXT(2) 
PARAMETRIC_REPRESENTATION_CONTEXT() REPRESENTATION_CONTEXT('2D SPACE',''
  ) );
#2144 = PCURVE('',#1914,#2145);
#2145 = DEFINITIONAL_REPRESENTATION('',(#2146),#2150);
#2146 = LINE('',#2147,#2148);
#2147 = CARTESIAN_POINT('',(-3.237553361865,12.65427108004));
#2148 = VECTOR('',#2149,1.);
#2149 = DIRECTION('',(-0.89371393439,-0.448637273837));
#2150 = ( GEOMETRIC_REPRESENTATION_CONTEXT(2) 
PARAMETRIC_REPRESENTATION_CONTEXT() REPRESENTATION_CONTEXT('2D SPACE',''
  ) );
#2151 = ORIENTED_EDGE('',*,*,#1863,.F.);
#2152 = ORIENTED_EDGE('',*,*,#2153,.F.);
#2153 = EDGE_CURVE('',#2084,#1864,#2154,.T.);
#2154 = SURFACE_CURVE('',#2155,(#2159,#2166),.PCURVE_S1.);
#2155 = LINE('',#2156,#2157);
#2156 = CARTESIAN_POINT('',(12.55,55.975,0.));
#2157 = VECTOR('',#2158,1.);
#2158 = DIRECTION('',(-0.89371393439,-0.448637273837,0.));
#2159 = PCURVE('',#1886,#2160);
#2160 = DEFINITIONAL_REPRESENTATION('',(#2161),#2165);
#2161 = LINE('',#2162,#2163);
#2162 = CARTESIAN_POINT('',(0.,0.));
#2163 = VECTOR('',#2164,1.);
#2164 = DIRECTION('',(1.,0.));
#2165 = ( GEOMETRIC_REPRESENTATION_CONTEXT(2) 
PARAMETRIC_REPRESENTATION_CONTEXT() REPRESENTATION_CONTEXT('2D SPACE',''
  ) );
#2166 = PCURVE('',#1968,#2167);
#2167 = DEFINITIONAL_REPRESENTATION('',(#2168),#2172);
#2168 = LINE('',#2169,#2170);
#2169 = CARTESIAN_POINT('',(-3.237553361865,12.65427108004));
#2170 = VECTOR('',#2171,1.);
#2171 = DIRECTION('',(-0.89371393439,-0.448637273837));
#2172 = ( GEOMETRIC_REPRESENTATION_CONTEXT(2) 
PARAMETRIC_REPRESENTATION_CONTEXT() REPRESENTATION_CONTEXT('2D SPACE',''
  ) );
#2173 = ADVANCED_FACE('',(#2174),#1968,.F.);
#2174 = FACE_BOUND('',#2175,.F.);
#2175 = EDGE_LOOP('',(#2176,#2177,#2178,#2179));
#2176 = ORIENTED_EDGE('',*,*,#1954,.T.);
#2177 = ORIENTED_EDGE('',*,*,#2035,.T.);
#2178 = ORIENTED_EDGE('',*,*,#2106,.T.);
#2179 = ORIENTED_EDGE('',*,*,#2153,.T.);
#2180 = ADVANCED_FACE('',(#2181),#1914,.T.);
#2181 = FACE_BOUND('',#2182,.T.);
#2182 = EDGE_LOOP('',(#2183,#2184,#2185,#2186));
#2183 = ORIENTED_EDGE('',*,*,#1898,.T.);
#2184 = ORIENTED_EDGE('',*,*,#1984,.T.);
#2185 = ORIENTED_EDGE('',*,*,#2060,.T.);
#2186 = ORIENTED_EDGE('',*,*,#2131,.T.);
#2187 = ( GEOMETRIC_REPRESENTATION_CONTEXT(3) 
GLOBAL_UNCERTAINTY_ASSIGNED_CONTEXT((#2191)) 
GLOBAL_UNIT_ASSIGNED_CONTEXT((#2188,#2189,#2190)) REPRESENTATION_CONTEXT
('Context #1','3D Context with UNIT and UNCERTAINTY') );
#2188 = ( LENGTH_UNIT() NAMED_UNIT(*) SI_UNIT(.MILLI.,.METRE.) );
#2189 = ( NAMED_UNIT(*) PLANE_ANGLE_UNIT() SI_UNIT($,.RADIAN.) );
#2190 = ( NAMED_UNIT(*) SI_UNIT($,.STERADIAN.) SOLID_ANGLE_UNIT() );
#2191 = UNCERTAINTY_MEASURE_WITH_UNIT(LENGTH_MEASURE(1.E-07),#2188,
  'distance_accuracy_value','confusion accuracy');
#2192 = CONTEXT_DEPENDENT_SHAPE_REPRESENTATION(#2193,#2195);
#2193 = ( REPRESENTATION_RELATIONSHIP('','',#1856,#10) 
REPRESENTATION_RELATIONSHIP_WITH_TRANSFORMATION(#2194) 
SHAPE_REPRESENTATION_RELATIONSHIP() );
#2194 = ITEM_DEFINED_TRANSFORMATION('','',#11,#31);
#2195 = PRODUCT_DEFINITION_SHAPE('Placement','Placement of an item',
  #2196);
#2196 = NEXT_ASSEMBLY_USAGE_OCCURRENCE('105','part_0032__02','',#5,#1851
  ,$);
#2197 = PRODUCT_RELATED_PRODUCT_CATEGORY('part',$,(#1853));
#2198 = SHAPE_DEFINITION_REPRESENTATION(#2199,#2205);
#2199 = PRODUCT_DEFINITION_SHAPE('','',#2200);
#2200 = PRODUCT_DEFINITION('design','',#2201,#2204);
#2201 = PRODUCT_DEFINITION_FORMATION('','',#2202);
#2202 = PRODUCT('part_0032__03','part_0032__03','',(#2203));
#2203 = PRODUCT_CONTEXT('',#2,'mechanical');
#2204 = PRODUCT_DEFINITION_CONTEXT('part definition',#2,'design');
#2205 = ADVANCED_BREP_SHAPE_REPRESENTATION('',(#11,#2206),#2536);
#2206 = MANIFOLD_SOLID_BREP('',#2207);
#2207 = CLOSED_SHELL('',(#2208,#2328,#2404,#2475,#2522,#2529));
#2208 = ADVANCED_FACE('',(#2209),#2223,.F.);
#2209 = FACE_BOUND('',#2210,.F.);
#2210 = EDGE_LOOP('',(#2211,#2246,#2274,#2302));
#2211 = ORIENTED_EDGE('',*,*,#2212,.T.);
#2212 = EDGE_CURVE('',#2213,#2215,#2217,.T.);
#2213 = VERTEX_POINT('',#2214);
#2214 = CARTESIAN_POINT('',(35.575,49.675,0.));
#2215 = VERTEX_POINT('',#2216);
#2216 = CARTESIAN_POINT('',(35.575,49.675,8.));
#2217 = SURFACE_CURVE('',#2218,(#2222,#2234),.PCURVE_S1.);
#2218 = LINE('',#2219,#2220);
#2219 = CARTESIAN_POINT('',(35.575,49.675,0.));
#2220 = VECTOR('',#2221,1.);
#2221 = DIRECTION('',(0.,0.,1.));
#2222 = PCURVE('',#2223,#2228);
#2223 = PLANE('',#2224);
#2224 = AXIS2_PLACEMENT_3D('',#2225,#2226,#2227);
#2225 = CARTESIAN_POINT('',(35.575,49.675,0.));
#2226 = DIRECTION('',(0.706641732484,0.707571524237,-0.));
#2227 = DIRECTION('',(0.707571524237,-0.706641732484,0.));
#2228 = DEFINITIONAL_REPRESENTATION('',(#2229),#2233);
#2229 = LINE('',#2230,#2231);
#2230 = CARTESIAN_POINT('',(0.,0.));
#2231 = VECTOR('',#2232,1.);
#2232 = DIRECTION('',(0.,-1.));
#2233 = ( GEOMETRIC_REPRESENTATION_CONTEXT(2) 
PARAMETRIC_REPRESENTATION_CONTEXT() REPRESENTATION_CONTEXT('2D SPACE',''
  ) );
#2234 = PCURVE('',#2235,#2240);
#2235 = PLANE('',#2236);
#2236 = AXIS2_PLACEMENT_3D('',#2237,#2238,#2239);
#2237 = CARTESIAN_POINT('',(48.125,55.975,0.));
#2238 = DIRECTION('',(0.448637273837,-0.89371393439,0.));
#2239 = DIRECTION('',(-0.89371393439,-0.448637273837,0.));
#2240 = DEFINITIONAL_REPRESENTATION('',(#2241),#2245);
#2241 = LINE('',#2242,#2243);
#2242 = CARTESIAN_POINT('',(14.042524701776,0.));
#2243 = VECTOR('',#2244,1.);
#2244 = DIRECTION('',(0.,-1.));
#2245 = ( GEOMETRIC_REPRESENTATION_CONTEXT(2) 
PARAMETRIC_REPRESENTATION_CONTEXT() REPRESENTATION_CONTEXT('2D SPACE',''
  ) );
#2246 = ORIENTED_EDGE('',*,*,#2247,.T.);
#2247 = EDGE_CURVE('',#2215,#2248,#2250,.T.);
#2248 = VERTEX_POINT('',#2249);
#2249 = CARTESIAN_POINT('',(54.6,30.675,8.));
#2250 = SURFACE_CURVE('',#2251,(#2255,#2262),.PCURVE_S1.);
#2251 = LINE('',#2252,#2253);
#2252 = CARTESIAN_POINT('',(35.575,49.675,8.));
#2253 = VECTOR('',#2254,1.);
#2254 = DIRECTION('',(0.707571524237,-0.706641732484,0.));
#2255 = PCURVE('',#2223,#2256);
#2256 = DEFINITIONAL_REPRESENTATION('',(#2257),#2261);
#2257 = LINE('',#2258,#2259);
#2258 = CARTESIAN_POINT('',(0.,-8.));
#2259 = VECTOR('',#2260,1.);
#2260 = DIRECTION('',(1.,0.));
#2261 = ( GEOMETRIC_REPRESENTATION_CONTEXT(2) 
PARAMETRIC_REPRESENTATION_CONTEXT() REPRESENTATION_CONTEXT('2D SPACE',''
  ) );
#2262 = PCURVE('',#2263,#2268);
#2263 = PLANE('',#2264);
#2264 = AXIS2_PLACEMENT_3D('',#2265,#2266,#2267);
#2265 = CARTESIAN_POINT('',(51.362553361865,43.32072891996,8.));
#2266 = DIRECTION('',(0.,0.,1.));
#2267 = DIRECTION('',(1.,0.,0.));
#2268 = DEFINITIONAL_REPRESENTATION('',(#2269),#2273);
#2269 = LINE('',#2270,#2271);
#2270 = CARTESIAN_POINT('',(-15.78755336186,6.35427108004));
#2271 = VECTOR('',#2272,1.);
#2272 = DIRECTION('',(0.707571524237,-0.706641732484));
#2273 = ( GEOMETRIC_REPRESENTATION_CONTEXT(2) 
PARAMETRIC_REPRESENTATION_CONTEXT() REPRESENTATION_CONTEXT('2D SPACE',''
  ) );
#2274 = ORIENTED_EDGE('',*,*,#2275,.F.);
#2275 = EDGE_CURVE('',#2276,#2248,#2278,.T.);
#2276 = VERTEX_POINT('',#2277);
#2277 = CARTESIAN_POINT('',(54.6,30.675,0.));
#2278 = SURFACE_CURVE('',#2279,(#2283,#2290),.PCURVE_S1.);
#2279 = LINE('',#2280,#2281);
#2280 = CARTESIAN_POINT('',(54.6,30.675,0.));
#2281 = VECTOR('',#2282,1.);
#2282 = DIRECTION('',(0.,0.,1.));
#2283 = PCURVE('',#2223,#2284);
#2284 = DEFINITIONAL_REPRESENTATION('',(#2285),#2289);
#2285 = LINE('',#2286,#2287);
#2286 = CARTESIAN_POINT('',(26.887741165818,0.));
#2287 = VECTOR('',#2288,1.);
#2288 = DIRECTION('',(0.,-1.));
#2289 = ( GEOMETRIC_REPRESENTATION_CONTEXT(2) 
PARAMETRIC_REPRESENTATION_CONTEXT() REPRESENTATION_CONTEXT('2D SPACE',''
  ) );
#2290 = PCURVE('',#2291,#2296);
#2291 = PLANE('',#2292);
#2292 = AXIS2_PLACEMENT_3D('',#2293,#2294,#2295);
#2293 = CARTESIAN_POINT('',(54.6,30.675,0.));
#2294 = DIRECTION('',(-0.4472135955,0.894427191,0.));
#2295 = DIRECTION('',(0.894427191,0.4472135955,0.));
#2296 = DEFINITIONAL_REPRESENTATION('',(#2297),#2301);
#2297 = LINE('',#2298,#2299);
#2298 = CARTESIAN_POINT('',(0.,0.));
#2299 = VECTOR('',#2300,1.);
#2300 = DIRECTION('',(0.,-1.));
#2301 = ( GEOMETRIC_REPRESENTATION_CONTEXT(2) 
PARAMETRIC_REPRESENTATION_CONTEXT() REPRESENTATION_CONTEXT('2D SPACE',''
  ) );
#2302 = ORIENTED_EDGE('',*,*,#2303,.F.);
#2303 = EDGE_CURVE('',#2213,#2276,#2304,.T.);
#2304 = SURFACE_CURVE('',#2305,(#2309,#2316),.PCURVE_S1.);
#2305 = LINE('',#2306,#2307);
#2306 = CARTESIAN_POINT('',(35.575,49.675,0.));
#2307 = VECTOR('',#2308,1.);
#2308 = DIRECTION('',(0.707571524237,-0.706641732484,0.));
#2309 = PCURVE('',#2223,#2310);
#2310 = DEFINITIONAL_REPRESENTATION('',(#2311),#2315);
#2311 = LINE('',#2312,#2313);
#2312 = CARTESIAN_POINT('',(0.,0.));
#2313 = VECTOR('',#2314,1.);
#2314 = DIRECTION('',(1.,0.));
#2315 = ( GEOMETRIC_REPRESENTATION_CONTEXT(2) 
PARAMETRIC_REPRESENTATION_CONTEXT() REPRESENTATION_CONTEXT('2D SPACE',''
  ) );
#2316 = PCURVE('',#2317,#2322);
#2317 = PLANE('',#2318);
#2318 = AXIS2_PLACEMENT_3D('',#2319,#2320,#2321);
#2319 = CARTESIAN_POINT('',(51.362553361865,43.32072891996,0.));
#2320 = DIRECTION('',(0.,0.,1.));
#2321 = DIRECTION('',(1.,0.,0.));
#2322 = DEFINITIONAL_REPRESENTATION('',(#2323),#2327);
#2323 = LINE('',#2324,#2325);
#2324 = CARTESIAN_POINT('',(-15.78755336186,6.35427108004));
#2325 = VECTOR('',#2326,1.);
#2326 = DIRECTION('',(0.707571524237,-0.706641732484));
#2327 = ( GEOMETRIC_REPRESENTATION_CONTEXT(2) 
PARAMETRIC_REPRESENTATION_CONTEXT() REPRESENTATION_CONTEXT('2D SPACE',''
  ) );
#2328 = ADVANCED_FACE('',(#2329),#2291,.F.);
#2329 = FACE_BOUND('',#2330,.F.);
#2330 = EDGE_LOOP('',(#2331,#2332,#2355,#2383));
#2331 = ORIENTED_EDGE('',*,*,#2275,.T.);
#2332 = ORIENTED_EDGE('',*,*,#2333,.T.);
#2333 = EDGE_CURVE('',#2248,#2334,#2336,.T.);
#2334 = VERTEX_POINT('',#2335);
#2335 = CARTESIAN_POINT('',(67.15,36.95,8.));
#2336 = SURFACE_CURVE('',#2337,(#2341,#2348),.PCURVE_S1.);
#2337 = LINE('',#2338,#2339);
#2338 = CARTESIAN_POINT('',(54.6,30.675,8.));
#2339 = VECTOR('',#2340,1.);
#2340 = DIRECTION('',(0.894427191,0.4472135955,0.));
#2341 = PCURVE('',#2291,#2342);
#2342 = DEFINITIONAL_REPRESENTATION('',(#2343),#2347);
#2343 = LINE('',#2344,#2345);
#2344 = CARTESIAN_POINT('',(0.,-8.));
#2345 = VECTOR('',#2346,1.);
#2346 = DIRECTION('',(1.,0.));
#2347 = ( GEOMETRIC_REPRESENTATION_CONTEXT(2) 
PARAMETRIC_REPRESENTATION_CONTEXT() REPRESENTATION_CONTEXT('2D SPACE',''
  ) );
#2348 = PCURVE('',#2263,#2349);
#2349 = DEFINITIONAL_REPRESENTATION('',(#2350),#2354);
#2350 = LINE('',#2351,#2352);
#2351 = CARTESIAN_POINT('',(3.237446638135,-12.64572891996));
#2352 = VECTOR('',#2353,1.);
#2353 = DIRECTION('',(0.894427191,0.4472135955));
#2354 = ( GEOMETRIC_REPRESENTATION_CONTEXT(2) 
PARAMETRIC_REPRESENTATION_CONTEXT() REPRESENTATION_CONTEXT('2D SPACE',''
  ) );
#2355 = ORIENTED_EDGE('',*,*,#2356,.F.);
#2356 = EDGE_CURVE('',#2357,#2334,#2359,.T.);
#2357 = VERTEX_POINT('',#2358);
#2358 = CARTESIAN_POINT('',(67.15,36.95,0.));
#2359 = SURFACE_CURVE('',#2360,(#2364,#2371),.PCURVE_S1.);
#2360 = LINE('',#2361,#2362);
#2361 = CARTESIAN_POINT('',(67.15,36.95,0.));
#2362 = VECTOR('',#2363,1.);
#2363 = DIRECTION('',(0.,0.,1.));
#2364 = PCURVE('',#2291,#2365);
#2365 = DEFINITIONAL_REPRESENTATION('',(#2366),#2370);
#2366 = LINE('',#2367,#2368);
#2367 = CARTESIAN_POINT('',(14.031326558811,0.));
#2368 = VECTOR('',#2369,1.);
#2369 = DIRECTION('',(0.,-1.));
#2370 = ( GEOMETRIC_REPRESENTATION_CONTEXT(2) 
PARAMETRIC_REPRESENTATION_CONTEXT() REPRESENTATION_CONTEXT('2D SPACE',''
  ) );
#2371 = PCURVE('',#2372,#2377);
#2372 = PLANE('',#2373);
#2373 = AXIS2_PLACEMENT_3D('',#2374,#2375,#2376);
#2374 = CARTESIAN_POINT('',(67.15,36.95,0.));
#2375 = DIRECTION('',(-0.707106781187,-0.707106781187,0.));
#2376 = DIRECTION('',(-0.707106781187,0.707106781187,0.));
#2377 = DEFINITIONAL_REPRESENTATION('',(#2378),#2382);
#2378 = LINE('',#2379,#2380);
#2379 = CARTESIAN_POINT('',(0.,0.));
#2380 = VECTOR('',#2381,1.);
#2381 = DIRECTION('',(0.,-1.));
#2382 = ( GEOMETRIC_REPRESENTATION_CONTEXT(2) 
PARAMETRIC_REPRESENTATION_CONTEXT() REPRESENTATION_CONTEXT('2D SPACE',''
  ) );
#2383 = ORIENTED_EDGE('',*,*,#2384,.F.);
#2384 = EDGE_CURVE('',#2276,#2357,#2385,.T.);
#2385 = SURFACE_CURVE('',#2386,(#2390,#2397),.PCURVE_S1.);
#2386 = LINE('',#2387,#2388);
#2387 = CARTESIAN_POINT('',(54.6,30.675,0.));
#2388 = VECTOR('',#2389,1.);
#2389 = DIRECTION('',(0.894427191,0.4472135955,0.));
#2390 = PCURVE('',#2291,#2391);
#2391 = DEFINITIONAL_REPRESENTATION('',(#2392),#2396);
#2392 = LINE('',#2393,#2394);
#2393 = CARTESIAN_POINT('',(0.,0.));
#2394 = VECTOR('',#2395,1.);
#2395 = DIRECTION('',(1.,0.));
#2396 = ( GEOMETRIC_REPRESENTATION_CONTEXT(2) 
PARAMETRIC_REPRESENTATION_CONTEXT() REPRESENTATION_CONTEXT('2D SPACE',''
  ) );
#2397 = PCURVE('',#2317,#2398);
#2398 = DEFINITIONAL_REPRESENTATION('',(#2399),#2403);
#2399 = LINE('',#2400,#2401);
#2400 = CARTESIAN_POINT('',(3.237446638135,-12.64572891996));
#2401 = VECTOR('',#2402,1.);
#2402 = DIRECTION('',(0.894427191,0.4472135955));
#2403 = ( GEOMETRIC_REPRESENTATION_CONTEXT(2) 
PARAMETRIC_REPRESENTATION_CONTEXT() REPRESENTATION_CONTEXT('2D SPACE',''
  ) );
#2404 = ADVANCED_FACE('',(#2405),#2372,.F.);
#2405 = FACE_BOUND('',#2406,.F.);
#2406 = EDGE_LOOP('',(#2407,#2408,#2431,#2454));
#2407 = ORIENTED_EDGE('',*,*,#2356,.T.);
#2408 = ORIENTED_EDGE('',*,*,#2409,.T.);
#2409 = EDGE_CURVE('',#2334,#2410,#2412,.T.);
#2410 = VERTEX_POINT('',#2411);
#2411 = CARTESIAN_POINT('',(48.125,55.975,8.));
#2412 = SURFACE_CURVE('',#2413,(#2417,#2424),.PCURVE_S1.);
#2413 = LINE('',#2414,#2415);
#2414 = CARTESIAN_POINT('',(67.15,36.95,8.));
#2415 = VECTOR('',#2416,1.);
#2416 = DIRECTION('',(-0.707106781187,0.707106781187,0.));
#2417 = PCURVE('',#2372,#2418);
#2418 = DEFINITIONAL_REPRESENTATION('',(#2419),#2423);
#2419 = LINE('',#2420,#2421);
#2420 = CARTESIAN_POINT('',(0.,-8.));
#2421 = VECTOR('',#2422,1.);
#2422 = DIRECTION('',(1.,0.));
#2423 = ( GEOMETRIC_REPRESENTATION_CONTEXT(2) 
PARAMETRIC_REPRESENTATION_CONTEXT() REPRESENTATION_CONTEXT('2D SPACE',''
  ) );
#2424 = PCURVE('',#2263,#2425);
#2425 = DEFINITIONAL_REPRESENTATION('',(#2426),#2430);
#2426 = LINE('',#2427,#2428);
#2427 = CARTESIAN_POINT('',(15.787446638135,-6.37072891996));
#2428 = VECTOR('',#2429,1.);
#2429 = DIRECTION('',(-0.707106781187,0.707106781187));
#2430 = ( GEOMETRIC_REPRESENTATION_CONTEXT(2) 
PARAMETRIC_REPRESENTATION_CONTEXT() REPRESENTATION_CONTEXT('2D SPACE',''
  ) );
#2431 = ORIENTED_EDGE('',*,*,#2432,.F.);
#2432 = EDGE_CURVE('',#2433,#2410,#2435,.T.);
#2433 = VERTEX_POINT('',#2434);
#2434 = CARTESIAN_POINT('',(48.125,55.975,0.));
#2435 = SURFACE_CURVE('',#2436,(#2440,#2447),.PCURVE_S1.);
#2436 = LINE('',#2437,#2438);
#2437 = CARTESIAN_POINT('',(48.125,55.975,0.));
#2438 = VECTOR('',#2439,1.);
#2439 = DIRECTION('',(0.,0.,1.));
#2440 = PCURVE('',#2372,#2441);
#2441 = DEFINITIONAL_REPRESENTATION('',(#2442),#2446);
#2442 = LINE('',#2443,#2444);
#2443 = CARTESIAN_POINT('',(26.905413024148,0.));
#2444 = VECTOR('',#2445,1.);
#2445 = DIRECTION('',(0.,-1.));
#2446 = ( GEOMETRIC_REPRESENTATION_CONTEXT(2) 
PARAMETRIC_REPRESENTATION_CONTEXT() REPRESENTATION_CONTEXT('2D SPACE',''
  ) );
#2447 = PCURVE('',#2235,#2448);
#2448 = DEFINITIONAL_REPRESENTATION('',(#2449),#2453);
#2449 = LINE('',#2450,#2451);
#2450 = CARTESIAN_POINT('',(0.,0.));
#2451 = VECTOR('',#2452,1.);
#2452 = DIRECTION('',(0.,-1.));
#2453 = ( GEOMETRIC_REPRESENTATION_CONTEXT(2) 
PARAMETRIC_REPRESENTATION_CONTEXT() REPRESENTATION_CONTEXT('2D SPACE',''
  ) );
#2454 = ORIENTED_EDGE('',*,*,#2455,.F.);
#2455 = EDGE_CURVE('',#2357,#2433,#2456,.T.);
#2456 = SURFACE_CURVE('',#2457,(#2461,#2468),.PCURVE_S1.);
#2457 = LINE('',#2458,#2459);
#2458 = CARTESIAN_POINT('',(67.15,36.95,0.));
#2459 = VECTOR('',#2460,1.);
#2460 = DIRECTION('',(-0.707106781187,0.707106781187,0.));
#2461 = PCURVE('',#2372,#2462);
#2462 = DEFINITIONAL_REPRESENTATION('',(#2463),#2467);
#2463 = LINE('',#2464,#2465);
#2464 = CARTESIAN_POINT('',(0.,0.));
#2465 = VECTOR('',#2466,1.);
#2466 = DIRECTION('',(1.,0.));
#2467 = ( GEOMETRIC_REPRESENTATION_CONTEXT(2) 
PARAMETRIC_REPRESENTATION_CONTEXT() REPRESENTATION_CONTEXT('2D SPACE',''
  ) );
#2468 = PCURVE('',#2317,#2469);
#2469 = DEFINITIONAL_REPRESENTATION('',(#2470),#2474);
#2470 = LINE('',#2471,#2472);
#2471 = CARTESIAN_POINT('',(15.787446638135,-6.37072891996));
#2472 = VECTOR('',#2473,1.);
#2473 = DIRECTION('',(-0.707106781187,0.707106781187));
#2474 = ( GEOMETRIC_REPRESENTATION_CONTEXT(2) 
PARAMETRIC_REPRESENTATION_CONTEXT() REPRESENTATION_CONTEXT('2D SPACE',''
  ) );
#2475 = ADVANCED_FACE('',(#2476),#2235,.F.);
#2476 = FACE_BOUND('',#2477,.F.);
#2477 = EDGE_LOOP('',(#2478,#2479,#2500,#2501));
#2478 = ORIENTED_EDGE('',*,*,#2432,.T.);
#2479 = ORIENTED_EDGE('',*,*,#2480,.T.);
#2480 = EDGE_CURVE('',#2410,#2215,#2481,.T.);
#2481 = SURFACE_CURVE('',#2482,(#2486,#2493),.PCURVE_S1.);
#2482 = LINE('',#2483,#2484);
#2483 = CARTESIAN_POINT('',(48.125,55.975,8.));
#2484 = VECTOR('',#2485,1.);
#2485 = DIRECTION('',(-0.89371393439,-0.448637273837,0.));
#2486 = PCURVE('',#2235,#2487);
#2487 = DEFINITIONAL_REPRESENTATION('',(#2488),#2492);
#2488 = LINE('',#2489,#2490);
#2489 = CARTESIAN_POINT('',(0.,-8.));
#2490 = VECTOR('',#2491,1.);
#2491 = DIRECTION('',(1.,0.));
#2492 = ( GEOMETRIC_REPRESENTATION_CONTEXT(2) 
PARAMETRIC_REPRESENTATION_CONTEXT() REPRESENTATION_CONTEXT('2D SPACE',''
  ) );
#2493 = PCURVE('',#2263,#2494);
#2494 = DEFINITIONAL_REPRESENTATION('',(#2495),#2499);
#2495 = LINE('',#2496,#2497);
#2496 = CARTESIAN_POINT('',(-3.237553361865,12.65427108004));
#2497 = VECTOR('',#2498,1.);
#2498 = DIRECTION('',(-0.89371393439,-0.448637273837));
#2499 = ( GEOMETRIC_REPRESENTATION_CONTEXT(2) 
PARAMETRIC_REPRESENTATION_CONTEXT() REPRESENTATION_CONTEXT('2D SPACE',''
  ) );
#2500 = ORIENTED_EDGE('',*,*,#2212,.F.);
#2501 = ORIENTED_EDGE('',*,*,#2502,.F.);
#2502 = EDGE_CURVE('',#2433,#2213,#2503,.T.);
#2503 = SURFACE_CURVE('',#2504,(#2508,#2515),.PCURVE_S1.);
#2504 = LINE('',#2505,#2506);
#2505 = CARTESIAN_POINT('',(48.125,55.975,0.));
#2506 = VECTOR('',#2507,1.);
#2507 = DIRECTION('',(-0.89371393439,-0.448637273837,0.));
#2508 = PCURVE('',#2235,#2509);
#2509 = DEFINITIONAL_REPRESENTATION('',(#2510),#2514);
#2510 = LINE('',#2511,#2512);
#2511 = CARTESIAN_POINT('',(0.,0.));
#2512 = VECTOR('',#2513,1.);
#2513 = DIRECTION('',(1.,0.));
#2514 = ( GEOMETRIC_REPRESENTATION_CONTEXT(2) 
PARAMETRIC_REPRESENTATION_CONTEXT() REPRESENTATION_CONTEXT('2D SPACE',''
  ) );
#2515 = PCURVE('',#2317,#2516);
#2516 = DEFINITIONAL_REPRESENTATION('',(#2517),#2521);
#2517 = LINE('',#2518,#2519);
#2518 = CARTESIAN_POINT('',(-3.237553361865,12.65427108004));
#2519 = VECTOR('',#2520,1.);
#2520 = DIRECTION('',(-0.89371393439,-0.448637273837));
#2521 = ( GEOMETRIC_REPRESENTATION_CONTEXT(2) 
PARAMETRIC_REPRESENTATION_CONTEXT() REPRESENTATION_CONTEXT('2D SPACE',''
  ) );
#2522 = ADVANCED_FACE('',(#2523),#2317,.F.);
#2523 = FACE_BOUND('',#2524,.F.);
#2524 = EDGE_LOOP('',(#2525,#2526,#2527,#2528));
#2525 = ORIENTED_EDGE('',*,*,#2303,.T.);
#2526 = ORIENTED_EDGE('',*,*,#2384,.T.);
#2527 = ORIENTED_EDGE('',*,*,#2455,.T.);
#2528 = ORIENTED_EDGE('',*,*,#2502,.T.);
#2529 = ADVANCED_FACE('',(#2530),#2263,.T.);
#2530 = FACE_BOUND('',#2531,.T.);
#2531 = EDGE_LOOP('',(#2532,#2533,#2534,#2535));
#2532 = ORIENTED_EDGE('',*,*,#2247,.T.);
#2533 = ORIENTED_EDGE('',*,*,#2333,.T.);
#2534 = ORIENTED_EDGE('',*,*,#2409,.T.);
#2535 = ORIENTED_EDGE('',*,*,#2480,.T.);
#2536 = ( GEOMETRIC_REPRESENTATION_CONTEXT(3) 
GLOBAL_UNCERTAINTY_ASSIGNED_CONTEXT((#2540)) 
GLOBAL_UNIT_ASSIGNED_CONTEXT((#2537,#2538,#2539)) REPRESENTATION_CONTEXT
('Context #1','3D Context with UNIT and UNCERTAINTY') );
#2537 = ( LENGTH_UNIT() NAMED_UNIT(*) SI_UNIT(.MILLI.,.METRE.) );
#2538 = ( NAMED_UNIT(*) PLANE_ANGLE_UNIT() SI_UNIT($,.RADIAN.) );
#2539 = ( NAMED_UNIT(*) SI_UNIT($,.STERADIAN.) SOLID_ANGLE_UNIT() );
#2540 = UNCERTAINTY_MEASURE_WITH_UNIT(LENGTH_MEASURE(1.E-07),#2537,
  'distance_accuracy_value','confusion accuracy');
#2541 = CONTEXT_DEPENDENT_SHAPE_REPRESENTATION(#2542,#2544);
#2542 = ( REPRESENTATION_RELATIONSHIP('','',#2205,#10) 
REPRESENTATION_RELATIONSHIP_WITH_TRANSFORMATION(#2543) 
SHAPE_REPRESENTATION_RELATIONSHIP() );
#2543 = ITEM_DEFINED_TRANSFORMATION('','',#11,#35);
#2544 = PRODUCT_DEFINITION_SHAPE('Placement','Placement of an item',
  #2545);
#2545 = NEXT_ASSEMBLY_USAGE_OCCURRENCE('106','part_0032__03','',#5,#2200
  ,$);
#2546 = PRODUCT_RELATED_PRODUCT_CATEGORY('part',$,(#2202));
#2547 = SHAPE_DEFINITION_REPRESENTATION(#2548,#2554);
#2548 = PRODUCT_DEFINITION_SHAPE('','',#2549);
#2549 = PRODUCT_DEFINITION('design','',#2550,#2553);
#2550 = PRODUCT_DEFINITION_FORMATION('','',#2551);
#2551 = PRODUCT('part_0032__04','part_0032__04','',(#2552));
#2552 = PRODUCT_CONTEXT('',#2,'mechanical');
#2553 = PRODUCT_DEFINITION_CONTEXT('part definition',#2,'design');
#2554 = ADVANCED_BREP_SHAPE_REPRESENTATION('',(#11,#2555),#2885);
#2555 = MANIFOLD_SOLID_BREP('',#2556);
#2556 = CLOSED_SHELL('',(#2557,#2677,#2753,#2824,#2871,#2878));
#2557 = ADVANCED_FACE('',(#2558),#2572,.F.);
#2558 = FACE_BOUND('',#2559,.F.);
#2559 = EDGE_LOOP('',(#2560,#2595,#2623,#2651));
#2560 = ORIENTED_EDGE('',*,*,#2561,.T.);
#2561 = EDGE_CURVE('',#2562,#2564,#2566,.T.);
#2562 = VERTEX_POINT('',#2563);
#2563 = CARTESIAN_POINT('',(71.15,49.675,0.));
#2564 = VERTEX_POINT('',#2565);
#2565 = CARTESIAN_POINT('',(71.15,49.675,8.));
#2566 = SURFACE_CURVE('',#2567,(#2571,#2583),.PCURVE_S1.);
#2567 = LINE('',#2568,#2569);
#2568 = CARTESIAN_POINT('',(71.15,49.675,0.));
#2569 = VECTOR('',#2570,1.);
#2570 = DIRECTION('',(0.,0.,1.));
#2571 = PCURVE('',#2572,#2577);
#2572 = PLANE('',#2573);
#2573 = AXIS2_PLACEMENT_3D('',#2574,#2575,#2576);
#2574 = CARTESIAN_POINT('',(71.15,49.675,0.));
#2575 = DIRECTION('',(0.706641732484,0.707571524237,-0.));
#2576 = DIRECTION('',(0.707571524237,-0.706641732484,0.));
#2577 = DEFINITIONAL_REPRESENTATION('',(#2578),#2582);
#2578 = LINE('',#2579,#2580);
#2579 = CARTESIAN_POINT('',(0.,0.));
#2580 = VECTOR('',#2581,1.);
#2581 = DIRECTION('',(0.,-1.));
#2582 = ( GEOMETRIC_REPRESENTATION_CONTEXT(2) 
PARAMETRIC_REPRESENTATION_CONTEXT() REPRESENTATION_CONTEXT('2D SPACE',''
  ) );
#2583 = PCURVE('',#2584,#2589);
#2584 = PLANE('',#2585);
#2585 = AXIS2_PLACEMENT_3D('',#2586,#2587,#2588);
#2586 = CARTESIAN_POINT('',(83.7,55.975,0.));
#2587 = DIRECTION('',(0.448637273837,-0.89371393439,0.));
#2588 = DIRECTION('',(-0.89371393439,-0.448637273837,0.));
#2589 = DEFINITIONAL_REPRESENTATION('',(#2590),#2594);
#2590 = LINE('',#2591,#2592);
#2591 = CARTESIAN_POINT('',(14.042524701776,0.));
#2592 = VECTOR('',#2593,1.);
#2593 = DIRECTION('',(0.,-1.));
#2594 = ( GEOMETRIC_REPRESENTATION_CONTEXT(2) 
PARAMETRIC_REPRESENTATION_CONTEXT() REPRESENTATION_CONTEXT('2D SPACE',''
  ) );
#2595 = ORIENTED_EDGE('',*,*,#2596,.T.);
#2596 = EDGE_CURVE('',#2564,#2597,#2599,.T.);
#2597 = VERTEX_POINT('',#2598);
#2598 = CARTESIAN_POINT('',(90.175,30.675,8.));
#2599 = SURFACE_CURVE('',#2600,(#2604,#2611),.PCURVE_S1.);
#2600 = LINE('',#2601,#2602);
#2601 = CARTESIAN_POINT('',(71.15,49.675,8.));
#2602 = VECTOR('',#2603,1.);
#2603 = DIRECTION('',(0.707571524237,-0.706641732484,0.));
#2604 = PCURVE('',#2572,#2605);
#2605 = DEFINITIONAL_REPRESENTATION('',(#2606),#2610);
#2606 = LINE('',#2607,#2608);
#2607 = CARTESIAN_POINT('',(0.,-8.));
#2608 = VECTOR('',#2609,1.);
#2609 = DIRECTION('',(1.,0.));
#2610 = ( GEOMETRIC_REPRESENTATION_CONTEXT(2) 
PARAMETRIC_REPRESENTATION_CONTEXT() REPRESENTATION_CONTEXT('2D SPACE',''
  ) );
#2611 = PCURVE('',#2612,#2617);
#2612 = PLANE('',#2613);
#2613 = AXIS2_PLACEMENT_3D('',#2614,#2615,#2616);
#2614 = CARTESIAN_POINT('',(86.937553361865,43.32072891996,8.));
#2615 = DIRECTION('',(0.,0.,1.));
#2616 = DIRECTION('',(1.,0.,0.));
#2617 = DEFINITIONAL_REPRESENTATION('',(#2618),#2622);
#2618 = LINE('',#2619,#2620);
#2619 = CARTESIAN_POINT('',(-15.78755336186,6.35427108004));
#2620 = VECTOR('',#2621,1.);
#2621 = DIRECTION('',(0.707571524237,-0.706641732484));
#2622 = ( GEOMETRIC_REPRESENTATION_CONTEXT(2) 
PARAMETRIC_REPRESENTATION_CONTEXT() REPRESENTATION_CONTEXT('2D SPACE',''
  ) );
#2623 = ORIENTED_EDGE('',*,*,#2624,.F.);
#2624 = EDGE_CURVE('',#2625,#2597,#2627,.T.);
#2625 = VERTEX_POINT('',#2626);
#2626 = CARTESIAN_POINT('',(90.175,30.675,0.));
#2627 = SURFACE_CURVE('',#2628,(#2632,#2639),.PCURVE_S1.);
#2628 = LINE('',#2629,#2630);
#2629 = CARTESIAN_POINT('',(90.175,30.675,0.));
#2630 = VECTOR('',#2631,1.);
#2631 = DIRECTION('',(0.,0.,1.));
#2632 = PCURVE('',#2572,#2633);
#2633 = DEFINITIONAL_REPRESENTATION('',(#2634),#2638);
#2634 = LINE('',#2635,#2636);
#2635 = CARTESIAN_POINT('',(26.887741165818,0.));
#2636 = VECTOR('',#2637,1.);
#2637 = DIRECTION('',(0.,-1.));
#2638 = ( GEOMETRIC_REPRESENTATION_CONTEXT(2) 
PARAMETRIC_REPRESENTATION_CONTEXT() REPRESENTATION_CONTEXT('2D SPACE',''
  ) );
#2639 = PCURVE('',#2640,#2645);
#2640 = PLANE('',#2641);
#2641 = AXIS2_PLACEMENT_3D('',#2642,#2643,#2644);
#2642 = CARTESIAN_POINT('',(90.175,30.675,0.));
#2643 = DIRECTION('',(-0.4472135955,0.894427191,0.));
#2644 = DIRECTION('',(0.894427191,0.4472135955,0.));
#2645 = DEFINITIONAL_REPRESENTATION('',(#2646),#2650);
#2646 = LINE('',#2647,#2648);
#2647 = CARTESIAN_POINT('',(0.,0.));
#2648 = VECTOR('',#2649,1.);
#2649 = DIRECTION('',(0.,-1.));
#2650 = ( GEOMETRIC_REPRESENTATION_CONTEXT(2) 
PARAMETRIC_REPRESENTATION_CONTEXT() REPRESENTATION_CONTEXT('2D SPACE',''
  ) );
#2651 = ORIENTED_EDGE('',*,*,#2652,.F.);
#2652 = EDGE_CURVE('',#2562,#2625,#2653,.T.);
#2653 = SURFACE_CURVE('',#2654,(#2658,#2665),.PCURVE_S1.);
#2654 = LINE('',#2655,#2656);
#2655 = CARTESIAN_POINT('',(71.15,49.675,0.));
#2656 = VECTOR('',#2657,1.);
#2657 = DIRECTION('',(0.707571524237,-0.706641732484,0.));
#2658 = PCURVE('',#2572,#2659);
#2659 = DEFINITIONAL_REPRESENTATION('',(#2660),#2664);
#2660 = LINE('',#2661,#2662);
#2661 = CARTESIAN_POINT('',(0.,0.));
#2662 = VECTOR('',#2663,1.);
#2663 = DIRECTION('',(1.,0.));
#2664 = ( GEOMETRIC_REPRESENTATION_CONTEXT(2) 
PARAMETRIC_REPRESENTATION_CONTEXT() REPRESENTATION_CONTEXT('2D SPACE',''
  ) );
#2665 = PCURVE('',#2666,#2671);
#2666 = PLANE('',#2667);
#2667 = AXIS2_PLACEMENT_3D('',#2668,#2669,#2670);
#2668 = CARTESIAN_POINT('',(86.937553361865,43.32072891996,0.));
#2669 = DIRECTION('',(0.,0.,1.));
#2670 = DIRECTION('',(1.,0.,0.));
#2671 = DEFINITIONAL_REPRESENTATION('',(#2672),#2676);
#2672 = LINE('',#2673,#2674);
#2673 = CARTESIAN_POINT('',(-15.78755336186,6.35427108004));
#2674 = VECTOR('',#2675,1.);
#2675 = DIRECTION('',(0.707571524237,-0.706641732484));
#2676 = ( GEOMETRIC_REPRESENTATION_CONTEXT(2) 
PARAMETRIC_REPRESENTATION_CONTEXT() REPRESENTATION_CONTEXT('2D SPACE',''
  ) );
#2677 = ADVANCED_FACE('',(#2678),#2640,.F.);
#2678 = FACE_BOUND('',#2679,.F.);
#2679 = EDGE_LOOP('',(#2680,#2681,#2704,#2732));
#2680 = ORIENTED_EDGE('',*,*,#2624,.T.);
#2681 = ORIENTED_EDGE('',*,*,#2682,.T.);
#2682 = EDGE_CURVE('',#2597,#2683,#2685,.T.);
#2683 = VERTEX_POINT('',#2684);
#2684 = CARTESIAN_POINT('',(102.725,36.95,8.));
#2685 = SURFACE_CURVE('',#2686,(#2690,#2697),.PCURVE_S1.);
#2686 = LINE('',#2687,#2688);
#2687 = CARTESIAN_POINT('',(90.175,30.675,8.));
#2688 = VECTOR('',#2689,1.);
#2689 = DIRECTION('',(0.894427191,0.4472135955,0.));
#2690 = PCURVE('',#2640,#2691);
#2691 = DEFINITIONAL_REPRESENTATION('',(#2692),#2696);
#2692 = LINE('',#2693,#2694);
#2693 = CARTESIAN_POINT('',(0.,-8.));
#2694 = VECTOR('',#2695,1.);
#2695 = DIRECTION('',(1.,0.));
#2696 = ( GEOMETRIC_REPRESENTATION_CONTEXT(2) 
PARAMETRIC_REPRESENTATION_CONTEXT() REPRESENTATION_CONTEXT('2D SPACE',''
  ) );
#2697 = PCURVE('',#2612,#2698);
#2698 = DEFINITIONAL_REPRESENTATION('',(#2699),#2703);
#2699 = LINE('',#2700,#2701);
#2700 = CARTESIAN_POINT('',(3.237446638135,-12.64572891996));
#2701 = VECTOR('',#2702,1.);
#2702 = DIRECTION('',(0.894427191,0.4472135955));
#2703 = ( GEOMETRIC_REPRESENTATION_CONTEXT(2) 
PARAMETRIC_REPRESENTATION_CONTEXT() REPRESENTATION_CONTEXT('2D SPACE',''
  ) );
#2704 = ORIENTED_EDGE('',*,*,#2705,.F.);
#2705 = EDGE_CURVE('',#2706,#2683,#2708,.T.);
#2706 = VERTEX_POINT('',#2707);
#2707 = CARTESIAN_POINT('',(102.725,36.95,0.));
#2708 = SURFACE_CURVE('',#2709,(#2713,#2720),.PCURVE_S1.);
#2709 = LINE('',#2710,#2711);
#2710 = CARTESIAN_POINT('',(102.725,36.95,0.));
#2711 = VECTOR('',#2712,1.);
#2712 = DIRECTION('',(0.,0.,1.));
#2713 = PCURVE('',#2640,#2714);
#2714 = DEFINITIONAL_REPRESENTATION('',(#2715),#2719);
#2715 = LINE('',#2716,#2717);
#2716 = CARTESIAN_POINT('',(14.031326558811,0.));
#2717 = VECTOR('',#2718,1.);
#2718 = DIRECTION('',(0.,-1.));
#2719 = ( GEOMETRIC_REPRESENTATION_CONTEXT(2) 
PARAMETRIC_REPRESENTATION_CONTEXT() REPRESENTATION_CONTEXT('2D SPACE',''
  ) );
#2720 = PCURVE('',#2721,#2726);
#2721 = PLANE('',#2722);
#2722 = AXIS2_PLACEMENT_3D('',#2723,#2724,#2725);
#2723 = CARTESIAN_POINT('',(102.725,36.95,0.));
#2724 = DIRECTION('',(-0.707106781187,-0.707106781187,0.));
#2725 = DIRECTION('',(-0.707106781187,0.707106781187,0.));
#2726 = DEFINITIONAL_REPRESENTATION('',(#2727),#2731);
#2727 = LINE('',#2728,#2729);
#2728 = CARTESIAN_POINT('',(0.,0.));
#2729 = VECTOR('',#2730,1.);
#2730 = DIRECTION('',(0.,-1.));
#2731 = ( GEOMETRIC_REPRESENTATION_CONTEXT(2) 
PARAMETRIC_REPRESENTATION_CONTEXT() REPRESENTATION_CONTEXT('2D SPACE',''
  ) );
#2732 = ORIENTED_EDGE('',*,*,#2733,.F.);
#2733 = EDGE_CURVE('',#2625,#2706,#2734,.T.);
#2734 = SURFACE_CURVE('',#2735,(#2739,#2746),.PCURVE_S1.);
#2735 = LINE('',#2736,#2737);
#2736 = CARTESIAN_POINT('',(90.175,30.675,0.));
#2737 = VECTOR('',#2738,1.);
#2738 = DIRECTION('',(0.894427191,0.4472135955,0.));
#2739 = PCURVE('',#2640,#2740);
#2740 = DEFINITIONAL_REPRESENTATION('',(#2741),#2745);
#2741 = LINE('',#2742,#2743);
#2742 = CARTESIAN_POINT('',(0.,0.));
#2743 = VECTOR('',#2744,1.);
#2744 = DIRECTION('',(1.,0.));
#2745 = ( GEOMETRIC_REPRESENTATION_CONTEXT(2) 
PARAMETRIC_REPRESENTATION_CONTEXT() REPRESENTATION_CONTEXT('2D SPACE',''
  ) );
#2746 = PCURVE('',#2666,#2747);
#2747 = DEFINITIONAL_REPRESENTATION('',(#2748),#2752);
#2748 = LINE('',#2749,#2750);
#2749 = CARTESIAN_POINT('',(3.237446638135,-12.64572891996));
#2750 = VECTOR('',#2751,1.);
#2751 = DIRECTION('',(0.894427191,0.4472135955));
#2752 = ( GEOMETRIC_REPRESENTATION_CONTEXT(2) 
PARAMETRIC_REPRESENTATION_CONTEXT() REPRESENTATION_CONTEXT('2D SPACE',''
  ) );
#2753 = ADVANCED_FACE('',(#2754),#2721,.F.);
#2754 = FACE_BOUND('',#2755,.F.);
#2755 = EDGE_LOOP('',(#2756,#2757,#2780,#2803));
#2756 = ORIENTED_EDGE('',*,*,#2705,.T.);
#2757 = ORIENTED_EDGE('',*,*,#2758,.T.);
#2758 = EDGE_CURVE('',#2683,#2759,#2761,.T.);
#2759 = VERTEX_POINT('',#2760);
#2760 = CARTESIAN_POINT('',(83.7,55.975,8.));
#2761 = SURFACE_CURVE('',#2762,(#2766,#2773),.PCURVE_S1.);
#2762 = LINE('',#2763,#2764);
#2763 = CARTESIAN_POINT('',(102.725,36.95,8.));
#2764 = VECTOR('',#2765,1.);
#2765 = DIRECTION('',(-0.707106781187,0.707106781187,0.));
#2766 = PCURVE('',#2721,#2767);
#2767 = DEFINITIONAL_REPRESENTATION('',(#2768),#2772);
#2768 = LINE('',#2769,#2770);
#2769 = CARTESIAN_POINT('',(0.,-8.));
#2770 = VECTOR('',#2771,1.);
#2771 = DIRECTION('',(1.,0.));
#2772 = ( GEOMETRIC_REPRESENTATION_CONTEXT(2) 
PARAMETRIC_REPRESENTATION_CONTEXT() REPRESENTATION_CONTEXT('2D SPACE',''
  ) );
#2773 = PCURVE('',#2612,#2774);
#2774 = DEFINITIONAL_REPRESENTATION('',(#2775),#2779);
#2775 = LINE('',#2776,#2777);
#2776 = CARTESIAN_POINT('',(15.787446638135,-6.37072891996));
#2777 = VECTOR('',#2778,1.);
#2778 = DIRECTION('',(-0.707106781187,0.707106781187));
#2779 = ( GEOMETRIC_REPRESENTATION_CONTEXT(2) 
PARAMETRIC_REPRESENTATION_CONTEXT() REPRESENTATION_CONTEXT('2D SPACE',''
  ) );
#2780 = ORIENTED_EDGE('',*,*,#2781,.F.);
#2781 = EDGE_CURVE('',#2782,#2759,#2784,.T.);
#2782 = VERTEX_POINT('',#2783);
#2783 = CARTESIAN_POINT('',(83.7,55.975,0.));
#2784 = SURFACE_CURVE('',#2785,(#2789,#2796),.PCURVE_S1.);
#2785 = LINE('',#2786,#2787);
#2786 = CARTESIAN_POINT('',(83.7,55.975,0.));
#2787 = VECTOR('',#2788,1.);
#2788 = DIRECTION('',(0.,0.,1.));
#2789 = PCURVE('',#2721,#2790);
#2790 = DEFINITIONAL_REPRESENTATION('',(#2791),#2795);
#2791 = LINE('',#2792,#2793);
#2792 = CARTESIAN_POINT('',(26.905413024148,0.));
#2793 = VECTOR('',#2794,1.);
#2794 = DIRECTION('',(0.,-1.));
#2795 = ( GEOMETRIC_REPRESENTATION_CONTEXT(2) 
PARAMETRIC_REPRESENTATION_CONTEXT() REPRESENTATION_CONTEXT('2D SPACE',''
  ) );
#2796 = PCURVE('',#2584,#2797);
#2797 = DEFINITIONAL_REPRESENTATION('',(#2798),#2802);
#2798 = LINE('',#2799,#2800);
#2799 = CARTESIAN_POINT('',(0.,0.));
#2800 = VECTOR('',#2801,1.);
#2801 = DIRECTION('',(0.,-1.));
#2802 = ( GEOMETRIC_REPRESENTATION_CONTEXT(2) 
PARAMETRIC_REPRESENTATION_CONTEXT() REPRESENTATION_CONTEXT('2D SPACE',''
  ) );
#2803 = ORIENTED_EDGE('',*,*,#2804,.F.);
#2804 = EDGE_CURVE('',#2706,#2782,#2805,.T.);
#2805 = SURFACE_CURVE('',#2806,(#2810,#2817),.PCURVE_S1.);
#2806 = LINE('',#2807,#2808);
#2807 = CARTESIAN_POINT('',(102.725,36.95,0.));
#2808 = VECTOR('',#2809,1.);
#2809 = DIRECTION('',(-0.707106781187,0.707106781187,0.));
#2810 = PCURVE('',#2721,#2811);
#2811 = DEFINITIONAL_REPRESENTATION('',(#2812),#2816);
#2812 = LINE('',#2813,#2814);
#2813 = CARTESIAN_POINT('',(0.,0.));
#2814 = VECTOR('',#2815,1.);
#2815 = DIRECTION('',(1.,0.));
#2816 = ( GEOMETRIC_REPRESENTATION_CONTEXT(2) 
PARAMETRIC_REPRESENTATION_CONTEXT() REPRESENTATION_CONTEXT('2D SPACE',''
  ) );
#2817 = PCURVE('',#2666,#2818);
#2818 = DEFINITIONAL_REPRESENTATION('',(#2819),#2823);
#2819 = LINE('',#2820,#2821);
#2820 = CARTESIAN_POINT('',(15.787446638135,-6.37072891996));
#2821 = VECTOR('',#2822,1.);
#2822 = DIRECTION('',(-0.707106781187,0.707106781187));
#2823 = ( GEOMETRIC_REPRESENTATION_CONTEXT(2) 
PARAMETRIC_REPRESENTATION_CONTEXT() REPRESENTATION_CONTEXT('2D SPACE',''
  ) );
#2824 = ADVANCED_FACE('',(#2825),#2584,.F.);
#2825 = FACE_BOUND('',#2826,.F.);
#2826 = EDGE_LOOP('',(#2827,#2828,#2849,#2850));
#2827 = ORIENTED_EDGE('',*,*,#2781,.T.);
#2828 = ORIENTED_EDGE('',*,*,#2829,.T.);
#2829 = EDGE_CURVE('',#2759,#2564,#2830,.T.);
#2830 = SURFACE_CURVE('',#2831,(#2835,#2842),.PCURVE_S1.);
#2831 = LINE('',#2832,#2833);
#2832 = CARTESIAN_POINT('',(83.7,55.975,8.));
#2833 = VECTOR('',#2834,1.);
#2834 = DIRECTION('',(-0.89371393439,-0.448637273837,0.));
#2835 = PCURVE('',#2584,#2836);
#2836 = DEFINITIONAL_REPRESENTATION('',(#2837),#2841);
#2837 = LINE('',#2838,#2839);
#2838 = CARTESIAN_POINT('',(0.,-8.));
#2839 = VECTOR('',#2840,1.);
#2840 = DIRECTION('',(1.,0.));
#2841 = ( GEOMETRIC_REPRESENTATION_CONTEXT(2) 
PARAMETRIC_REPRESENTATION_CONTEXT() REPRESENTATION_CONTEXT('2D SPACE',''
  ) );
#2842 = PCURVE('',#2612,#2843);
#2843 = DEFINITIONAL_REPRESENTATION('',(#2844),#2848);
#2844 = LINE('',#2845,#2846);
#2845 = CARTESIAN_POINT('',(-3.237553361865,12.65427108004));
#2846 = VECTOR('',#2847,1.);
#2847 = DIRECTION('',(-0.89371393439,-0.448637273837));
#2848 = ( GEOMETRIC_REPRESENTATION_CONTEXT(2) 
PARAMETRIC_REPRESENTATION_CONTEXT() REPRESENTATION_CONTEXT('2D SPACE',''
  ) );
#2849 = ORIENTED_EDGE('',*,*,#2561,.F.);
#2850 = ORIENTED_EDGE('',*,*,#2851,.F.);
#2851 = EDGE_CURVE('',#2782,#2562,#2852,.T.);
#2852 = SURFACE_CURVE('',#2853,(#2857,#2864),.PCURVE_S1.);
#2853 = LINE('',#2854,#2855);
#2854 = CARTESIAN_POINT('',(83.7,55.975,0.));
#2855 = VECTOR('',#2856,1.);
#2856 = DIRECTION('',(-0.89371393439,-0.448637273837,0.));
#2857 = PCURVE('',#2584,#2858);
#2858 = DEFINITIONAL_REPRESENTATION('',(#2859),#2863);
#2859 = LINE('',#2860,#2861);
#2860 = CARTESIAN_POINT('',(0.,0.));
#2861 = VECTOR('',#2862,1.);
#2862 = DIRECTION('',(1.,0.));
#2863 = ( GEOMETRIC_REPRESENTATION_CONTEXT(2) 
PARAMETRIC_REPRESENTATION_CONTEXT() REPRESENTATION_CONTEXT('2D SPACE',''
  ) );
#2864 = PCURVE('',#2666,#2865);
#2865 = DEFINITIONAL_REPRESENTATION('',(#2866),#2870);
#2866 = LINE('',#2867,#2868);
#2867 = CARTESIAN_POINT('',(-3.237553361865,12.65427108004));
#2868 = VECTOR('',#2869,1.);
#2869 = DIRECTION('',(-0.89371393439,-0.448637273837));
#2870 = ( GEOMETRIC_REPRESENTATION_CONTEXT(2) 
PARAMETRIC_REPRESENTATION_CONTEXT() REPRESENTATION_CONTEXT('2D SPACE',''
  ) );
#2871 = ADVANCED_FACE('',(#2872),#2666,.F.);
#2872 = FACE_BOUND('',#2873,.F.);
#2873 = EDGE_LOOP('',(#2874,#2875,#2876,#2877));
#2874 = ORIENTED_EDGE('',*,*,#2652,.T.);
#2875 = ORIENTED_EDGE('',*,*,#2733,.T.);
#2876 = ORIENTED_EDGE('',*,*,#2804,.T.);
#2877 = ORIENTED_EDGE('',*,*,#2851,.T.);
#2878 = ADVANCED_FACE('',(#2879),#2612,.T.);
#2879 = FACE_BOUND('',#2880,.T.);
#2880 = EDGE_LOOP('',(#2881,#2882,#2883,#2884));
#2881 = ORIENTED_EDGE('',*,*,#2596,.T.);
#2882 = ORIENTED_EDGE('',*,*,#2682,.T.);
#2883 = ORIENTED_EDGE('',*,*,#2758,.T.);
#2884 = ORIENTED_EDGE('',*,*,#2829,.T.);
#2885 = ( GEOMETRIC_REPRESENTATION_CONTEXT(3) 
GLOBAL_UNCERTAINTY_ASSIGNED_CONTEXT((#2889)) 
GLOBAL_UNIT_ASSIGNED_CONTEXT((#2886,#2887,#2888)) REPRESENTATION_CONTEXT
('Context #1','3D Context with UNIT and UNCERTAINTY') );
#2886 = ( LENGTH_UNIT() NAMED_UNIT(*) SI_UNIT(.MILLI.,.METRE.) );
#2887 = ( NAMED_UNIT(*) PLANE_ANGLE_UNIT() SI_UNIT($,.RADIAN.) );
#2888 = ( NAMED_UNIT(*) SI_UNIT($,.STERADIAN.) SOLID_ANGLE_UNIT() );
#2889 = UNCERTAINTY_MEASURE_WITH_UNIT(LENGTH_MEASURE(1.E-07),#2886,
  'distance_accuracy_value','confusion accuracy');
#2890 = CONTEXT_DEPENDENT_SHAPE_REPRESENTATION(#2891,#2893);
#2891 = ( REPRESENTATION_RELATIONSHIP('','',#2554,#10) 
REPRESENTATION_RELATIONSHIP_WITH_TRANSFORMATION(#2892) 
SHAPE_REPRESENTATION_RELATIONSHIP() );
#2892 = ITEM_DEFINED_TRANSFORMATION('','',#11,#39);
#2893 = PRODUCT_DEFINITION_SHAPE('Placement','Placement of an item',
  #2894);
#2894 = NEXT_ASSEMBLY_USAGE_OCCURRENCE('107','part_0032__04','',#5,#2549
  ,$);
#2895 = PRODUCT_RELATED_PRODUCT_CATEGORY('part',$,(#2551));
#2896 = SHAPE_DEFINITION_REPRESENTATION(#2897,#2903);
#2897 = PRODUCT_DEFINITION_SHAPE('','',#2898);
#2898 = PRODUCT_DEFINITION('design','',#2899,#2902);
#2899 = PRODUCT_DEFINITION_FORMATION('','',#2900);
#2900 = PRODUCT('part_0015__01','part_0015__01','',(#2901));
#2901 = PRODUCT_CONTEXT('',#2,'mechanical');
#2902 = PRODUCT_DEFINITION_CONTEXT('part definition',#2,'design');
#2903 = ADVANCED_BREP_SHAPE_REPRESENTATION('',(#11,#2904),#3468);
#2904 = MANIFOLD_SOLID_BREP('',#2905);
#2905 = CLOSED_SHELL('',(#2906,#3026,#3102,#3178,#3254,#3330,#3401,#3448
    ,#3458));
#2906 = ADVANCED_FACE('',(#2907),#2921,.F.);
#2907 = FACE_BOUND('',#2908,.F.);
#2908 = EDGE_LOOP('',(#2909,#2944,#2972,#3000));
#2909 = ORIENTED_EDGE('',*,*,#2910,.T.);
#2910 = EDGE_CURVE('',#2911,#2913,#2915,.T.);
#2911 = VERTEX_POINT('',#2912);
#2912 = CARTESIAN_POINT('',(131.725,30.675,0.));
#2913 = VERTEX_POINT('',#2914);
#2914 = CARTESIAN_POINT('',(131.725,30.675,8.));
#2915 = SURFACE_CURVE('',#2916,(#2920,#2932),.PCURVE_S1.);
#2916 = LINE('',#2917,#2918);
#2917 = CARTESIAN_POINT('',(131.725,30.675,0.));
#2918 = VECTOR('',#2919,1.);
#2919 = DIRECTION('',(0.,0.,1.));
#2920 = PCURVE('',#2921,#2926);
#2921 = PLANE('',#2922);
#2922 = AXIS2_PLACEMENT_3D('',#2923,#2924,#2925);
#2923 = CARTESIAN_POINT('',(131.725,30.675,0.));
#2924 = DIRECTION('',(0.,1.,0.));
#2925 = DIRECTION('',(1.,0.,0.));
#2926 = DEFINITIONAL_REPRESENTATION('',(#2927),#2931);
#2927 = LINE('',#2928,#2929);
#2928 = CARTESIAN_POINT('',(0.,0.));
#2929 = VECTOR('',#2930,1.);
#2930 = DIRECTION('',(0.,-1.));
#2931 = ( GEOMETRIC_REPRESENTATION_CONTEXT(2) 
PARAMETRIC_REPRESENTATION_CONTEXT() REPRESENTATION_CONTEXT('2D SPACE',''
  ) );
#2932 = PCURVE('',#2933,#2938);
#2933 = PLANE('',#2934);
#2934 = AXIS2_PLACEMENT_3D('',#2935,#2936,#2937);
#2935 = CARTESIAN_POINT('',(131.725,43.175,0.));
#2936 = DIRECTION('',(1.,0.,-0.));
#2937 = DIRECTION('',(0.,-1.,0.));
#2938 = DEFINITIONAL_REPRESENTATION('',(#2939),#2943);
#2939 = LINE('',#2940,#2941);
#2940 = CARTESIAN_POINT('',(12.5,0.));
#2941 = VECTOR('',#2942,1.);
#2942 = DIRECTION('',(0.,-1.));
#2943 = ( GEOMETRIC_REPRESENTATION_CONTEXT(2) 
PARAMETRIC_REPRESENTATION_CONTEXT() REPRESENTATION_CONTEXT('2D SPACE',''
  ) );
#2944 = ORIENTED_EDGE('',*,*,#2945,.T.);
#2945 = EDGE_CURVE('',#2913,#2946,#2948,.T.);
#2946 = VERTEX_POINT('',#2947);
#2947 = CARTESIAN_POINT('',(141.725,30.675,8.));
#2948 = SURFACE_CURVE('',#2949,(#2953,#2960),.PCURVE_S1.);
#2949 = LINE('',#2950,#2951);
#2950 = CARTESIAN_POINT('',(131.725,30.675,8.));
#2951 = VECTOR('',#2952,1.);
#2952 = DIRECTION('',(1.,0.,0.));
#2953 = PCURVE('',#2921,#2954);
#2954 = DEFINITIONAL_REPRESENTATION('',(#2955),#2959);
#2955 = LINE('',#2956,#2957);
#2956 = CARTESIAN_POINT('',(0.,-8.));
#2957 = VECTOR('',#2958,1.);
#2958 = DIRECTION('',(1.,0.));
#2959 = ( GEOMETRIC_REPRESENTATION_CONTEXT(2) 
PARAMETRIC_REPRESENTATION_CONTEXT() REPRESENTATION_CONTEXT('2D SPACE',''
  ) );
#2960 = PCURVE('',#2961,#2966);
#2961 = PLANE('',#2962);
#2962 = AXIS2_PLACEMENT_3D('',#2963,#2964,#2965);
#2963 = CARTESIAN_POINT('',(125.95922202355,43.994671317657,8.));
#2964 = DIRECTION('',(0.,0.,1.));
#2965 = DIRECTION('',(1.,0.,0.));
#2966 = DEFINITIONAL_REPRESENTATION('',(#2967),#2971);
#2967 = LINE('',#2968,#2969);
#2968 = CARTESIAN_POINT('',(5.765777976444,-13.31967131765));
#2969 = VECTOR('',#2970,1.);
#2970 = DIRECTION('',(1.,0.));
#2971 = ( GEOMETRIC_REPRESENTATION_CONTEXT(2) 
PARAMETRIC_REPRESENTATION_CONTEXT() REPRESENTATION_CONTEXT('2D SPACE',''
  ) );
#2972 = ORIENTED_EDGE('',*,*,#2973,.F.);
#2973 = EDGE_CURVE('',#2974,#2946,#2976,.T.);
#2974 = VERTEX_POINT('',#2975);
#2975 = CARTESIAN_POINT('',(141.725,30.675,0.));
#2976 = SURFACE_CURVE('',#2977,(#2981,#2988),.PCURVE_S1.);
#2977 = LINE('',#2978,#2979);
#2978 = CARTESIAN_POINT('',(141.725,30.675,0.));
#2979 = VECTOR('',#2980,1.);
#2980 = DIRECTION('',(0.,0.,1.));
#2981 = PCURVE('',#2921,#2982);
#2982 = DEFINITIONAL_REPRESENTATION('',(#2983),#2987);
#2983 = LINE('',#2984,#2985);
#2984 = CARTESIAN_POINT('',(10.,0.));
#2985 = VECTOR('',#2986,1.);
#2986 = DIRECTION('',(0.,-1.));
#2987 = ( GEOMETRIC_REPRESENTATION_CONTEXT(2) 
PARAMETRIC_REPRESENTATION_CONTEXT() REPRESENTATION_CONTEXT('2D SPACE',''
  ) );
#2988 = PCURVE('',#2989,#2994);
#2989 = PLANE('',#2990);
#2990 = AXIS2_PLACEMENT_3D('',#2991,#2992,#2993);
#2991 = CARTESIAN_POINT('',(141.725,30.675,0.));
#2992 = DIRECTION('',(-1.,0.,0.));
#2993 = DIRECTION('',(0.,1.,0.));
#2994 = DEFINITIONAL_REPRESENTATION('',(#2995),#2999);
#2995 = LINE('',#2996,#2997);
#2996 = CARTESIAN_POINT('',(0.,0.));
#2997 = VECTOR('',#2998,1.);
#2998 = DIRECTION('',(0.,-1.));
#2999 = ( GEOMETRIC_REPRESENTATION_CONTEXT(2) 
PARAMETRIC_REPRESENTATION_CONTEXT() REPRESENTATION_CONTEXT('2D SPACE',''
  ) );
#3000 = ORIENTED_EDGE('',*,*,#3001,.F.);
#3001 = EDGE_CURVE('',#2911,#2974,#3002,.T.);
#3002 = SURFACE_CURVE('',#3003,(#3007,#3014),.PCURVE_S1.);
#3003 = LINE('',#3004,#3005);
#3004 = CARTESIAN_POINT('',(131.725,30.675,0.));
#3005 = VECTOR('',#3006,1.);
#3006 = DIRECTION('',(1.,0.,0.));
#3007 = PCURVE('',#2921,#3008);
#3008 = DEFINITIONAL_REPRESENTATION('',(#3009),#3013);
#3009 = LINE('',#3010,#3011);
#3010 = CARTESIAN_POINT('',(0.,0.));
#3011 = VECTOR('',#3012,1.);
#3012 = DIRECTION('',(1.,0.));
#3013 = ( GEOMETRIC_REPRESENTATION_CONTEXT(2) 
PARAMETRIC_REPRESENTATION_CONTEXT() REPRESENTATION_CONTEXT('2D SPACE',''
  ) );
#3014 = PCURVE('',#3015,#3020);
#3015 = PLANE('',#3016);
#3016 = AXIS2_PLACEMENT_3D('',#3017,#3018,#3019);
#3017 = CARTESIAN_POINT('',(125.95922202355,43.994671317657,0.));
#3018 = DIRECTION('',(0.,0.,1.));
#3019 = DIRECTION('',(1.,0.,0.));
#3020 = DEFINITIONAL_REPRESENTATION('',(#3021),#3025);
#3021 = LINE('',#3022,#3023);
#3022 = CARTESIAN_POINT('',(5.765777976444,-13.31967131765));
#3023 = VECTOR('',#3024,1.);
#3024 = DIRECTION('',(1.,0.));
#3025 = ( GEOMETRIC_REPRESENTATION_CONTEXT(2) 
PARAMETRIC_REPRESENTATION_CONTEXT() REPRESENTATION_CONTEXT('2D SPACE',''
  ) );
#3026 = ADVANCED_FACE('',(#3027),#2989,.F.);
#3027 = FACE_BOUND('',#3028,.F.);
#3028 = EDGE_LOOP('',(#3029,#3030,#3053,#3081));
#3029 = ORIENTED_EDGE('',*,*,#2973,.T.);
#3030 = ORIENTED_EDGE('',*,*,#3031,.T.);
#3031 = EDGE_CURVE('',#2946,#3032,#3034,.T.);
#3032 = VERTEX_POINT('',#3033);
#3033 = CARTESIAN_POINT('',(141.725,43.175,8.));
#3034 = SURFACE_CURVE('',#3035,(#3039,#3046),.PCURVE_S1.);
#3035 = LINE('',#3036,#3037);
#3036 = CARTESIAN_POINT('',(141.725,30.675,8.));
#3037 = VECTOR('',#3038,1.);
#3038 = DIRECTION('',(0.,1.,0.));
#3039 = PCURVE('',#2989,#3040);
#3040 = DEFINITIONAL_REPRESENTATION('',(#3041),#3045);
#3041 = LINE('',#3042,#3043);
#3042 = CARTESIAN_POINT('',(0.,-8.));
#3043 = VECTOR('',#3044,1.);
#3044 = DIRECTION('',(1.,0.));
#3045 = ( GEOMETRIC_REPRESENTATION_CONTEXT(2) 
PARAMETRIC_REPRESENTATION_CONTEXT() REPRESENTATION_CONTEXT('2D SPACE',''
  ) );
#3046 = PCURVE('',#2961,#3047);
#3047 = DEFINITIONAL_REPRESENTATION('',(#3048),#3052);
#3048 = LINE('',#3049,#3050);
#3049 = CARTESIAN_POINT('',(15.765777976444,-13.31967131765));
#3050 = VECTOR('',#3051,1.);
#3051 = DIRECTION('',(0.,1.));
#3052 = ( GEOMETRIC_REPRESENTATION_CONTEXT(2) 
PARAMETRIC_REPRESENTATION_CONTEXT() REPRESENTATION_CONTEXT('2D SPACE',''
  ) );
#3053 = ORIENTED_EDGE('',*,*,#3054,.F.);
#3054 = EDGE_CURVE('',#3055,#3032,#3057,.T.);
#3055 = VERTEX_POINT('',#3056);
#3056 = CARTESIAN_POINT('',(141.725,43.175,0.));
#3057 = SURFACE_CURVE('',#3058,(#3062,#3069),.PCURVE_S1.);
#3058 = LINE('',#3059,#3060);
#3059 = CARTESIAN_POINT('',(141.725,43.175,0.));
#3060 = VECTOR('',#3061,1.);
#3061 = DIRECTION('',(0.,0.,1.));
#3062 = PCURVE('',#2989,#3063);
#3063 = DEFINITIONAL_REPRESENTATION('',(#3064),#3068);
#3064 = LINE('',#3065,#3066);
#3065 = CARTESIAN_POINT('',(12.5,0.));
#3066 = VECTOR('',#3067,1.);
#3067 = DIRECTION('',(0.,-1.));
#3068 = ( GEOMETRIC_REPRESENTATION_CONTEXT(2) 
PARAMETRIC_REPRESENTATION_CONTEXT() REPRESENTATION_CONTEXT('2D SPACE',''
  ) );
#3069 = PCURVE('',#3070,#3075);
#3070 = PLANE('',#3071);
#3071 = AXIS2_PLACEMENT_3D('',#3072,#3073,#3074);
#3072 = CARTESIAN_POINT('',(141.725,43.175,0.));
#3073 = DIRECTION('',(-0.707106781187,-0.707106781187,0.));
#3074 = DIRECTION('',(-0.707106781187,0.707106781187,0.));
#3075 = DEFINITIONAL_REPRESENTATION('',(#3076),#3080);
#3076 = LINE('',#3077,#3078);
#3077 = CARTESIAN_POINT('',(0.,0.));
#3078 = VECTOR('',#3079,1.);
#3079 = DIRECTION('',(0.,-1.));
#3080 = ( GEOMETRIC_REPRESENTATION_CONTEXT(2) 
PARAMETRIC_REPRESENTATION_CONTEXT() REPRESENTATION_CONTEXT('2D SPACE',''
  ) );
#3081 = ORIENTED_EDGE('',*,*,#3082,.F.);
#3082 = EDGE_CURVE('',#2974,#3055,#3083,.T.);
#3083 = SURFACE_CURVE('',#3084,(#3088,#3095),.PCURVE_S1.);
#3084 = LINE('',#3085,#3086);
#3085 = CARTESIAN_POINT('',(141.725,30.675,0.));
#3086 = VECTOR('',#3087,1.);
#3087 = DIRECTION('',(0.,1.,0.));
#3088 = PCURVE('',#2989,#3089);
#3089 = DEFINITIONAL_REPRESENTATION('',(#3090),#3094);
#3090 = LINE('',#3091,#3092);
#3091 = CARTESIAN_POINT('',(0.,0.));
#3092 = VECTOR('',#3093,1.);
#3093 = DIRECTION('',(1.,0.));
#3094 = ( GEOMETRIC_REPRESENTATION_CONTEXT(2) 
PARAMETRIC_REPRESENTATION_CONTEXT() REPRESENTATION_CONTEXT('2D SPACE',''
  ) );
#3095 = PCURVE('',#3015,#3096);
#3096 = DEFINITIONAL_REPRESENTATION('',(#3097),#3101);
#3097 = LINE('',#3098,#3099);
#3098 = CARTESIAN_POINT('',(15.765777976444,-13.31967131765));
#3099 = VECTOR('',#3100,1.);
#3100 = DIRECTION('',(0.,1.));
#3101 = ( GEOMETRIC_REPRESENTATION_CONTEXT(2) 
PARAMETRIC_REPRESENTATION_CONTEXT() REPRESENTATION_CONTEXT('2D SPACE',''
  ) );
#3102 = ADVANCED_FACE('',(#3103),#3070,.F.);
#3103 = FACE_BOUND('',#3104,.F.);
#3104 = EDGE_LOOP('',(#3105,#3106,#3129,#3157));
#3105 = ORIENTED_EDGE('',*,*,#3054,.T.);
#3106 = ORIENTED_EDGE('',*,*,#3107,.T.);
#3107 = EDGE_CURVE('',#3032,#3108,#3110,.T.);
#3108 = VERTEX_POINT('',#3109);
#3109 = CARTESIAN_POINT('',(131.725,53.175,8.));
#3110 = SURFACE_CURVE('',#3111,(#3115,#3122),.PCURVE_S1.);
#3111 = LINE('',#3112,#3113);
#3112 = CARTESIAN_POINT('',(141.725,43.175,8.));
#3113 = VECTOR('',#3114,1.);
#3114 = DIRECTION('',(-0.707106781187,0.707106781187,0.));
#3115 = PCURVE('',#3070,#3116);
#3116 = DEFINITIONAL_REPRESENTATION('',(#3117),#3121);
#3117 = LINE('',#3118,#3119);
#3118 = CARTESIAN_POINT('',(0.,-8.));
#3119 = VECTOR('',#3120,1.);
#3120 = DIRECTION('',(1.,0.));
#3121 = ( GEOMETRIC_REPRESENTATION_CONTEXT(2) 
PARAMETRIC_REPRESENTATION_CONTEXT() REPRESENTATION_CONTEXT('2D SPACE',''
  ) );
#3122 = PCURVE('',#2961,#3123);
#3123 = DEFINITIONAL_REPRESENTATION('',(#3124),#3128);
#3124 = LINE('',#3125,#3126);
#3125 = CARTESIAN_POINT('',(15.765777976444,-0.819671317657));
#3126 = VECTOR('',#3127,1.);
#3127 = DIRECTION('',(-0.707106781187,0.707106781187));
#3128 = ( GEOMETRIC_REPRESENTATION_CONTEXT(2) 
PARAMETRIC_REPRESENTATION_CONTEXT() REPRESENTATION_CONTEXT('2D SPACE',''
  ) );
#3129 = ORIENTED_EDGE('',*,*,#3130,.F.);
#3130 = EDGE_CURVE('',#3131,#3108,#3133,.T.);
#3131 = VERTEX_POINT('',#3132);
#3132 = CARTESIAN_POINT('',(131.725,53.175,0.));
#3133 = SURFACE_CURVE('',#3134,(#3138,#3145),.PCURVE_S1.);
#3134 = LINE('',#3135,#3136);
#3135 = CARTESIAN_POINT('',(131.725,53.175,0.));
#3136 = VECTOR('',#3137,1.);
#3137 = DIRECTION('',(0.,0.,1.));
#3138 = PCURVE('',#3070,#3139);
#3139 = DEFINITIONAL_REPRESENTATION('',(#3140),#3144);
#3140 = LINE('',#3141,#3142);
#3141 = CARTESIAN_POINT('',(14.142135623731,0.));
#3142 = VECTOR('',#3143,1.);
#3143 = DIRECTION('',(0.,-1.));
#3144 = ( GEOMETRIC_REPRESENTATION_CONTEXT(2) 
PARAMETRIC_REPRESENTATION_CONTEXT() REPRESENTATION_CONTEXT('2D SPACE',''
  ) );
#3145 = PCURVE('',#3146,#3151);
#3146 = PLANE('',#3147);
#3147 = AXIS2_PLACEMENT_3D('',#3148,#3149,#3150);
#3148 = CARTESIAN_POINT('',(131.725,53.175,0.));
#3149 = DIRECTION('',(0.,-1.,0.));
#3150 = DIRECTION('',(-1.,0.,0.));
#3151 = DEFINITIONAL_REPRESENTATION('',(#3152),#3156);
#3152 = LINE('',#3153,#3154);
#3153 = CARTESIAN_POINT('',(0.,-0.));
#3154 = VECTOR('',#3155,1.);
#3155 = DIRECTION('',(0.,-1.));
#3156 = ( GEOMETRIC_REPRESENTATION_CONTEXT(2) 
PARAMETRIC_REPRESENTATION_CONTEXT() REPRESENTATION_CONTEXT('2D SPACE',''
  ) );
#3157 = ORIENTED_EDGE('',*,*,#3158,.F.);
#3158 = EDGE_CURVE('',#3055,#3131,#3159,.T.);
#3159 = SURFACE_CURVE('',#3160,(#3164,#3171),.PCURVE_S1.);
#3160 = LINE('',#3161,#3162);
#3161 = CARTESIAN_POINT('',(141.725,43.175,0.));
#3162 = VECTOR('',#3163,1.);
#3163 = DIRECTION('',(-0.707106781187,0.707106781187,0.));
#3164 = PCURVE('',#3070,#3165);
#3165 = DEFINITIONAL_REPRESENTATION('',(#3166),#3170);
#3166 = LINE('',#3167,#3168);
#3167 = CARTESIAN_POINT('',(0.,0.));
#3168 = VECTOR('',#3169,1.);
#3169 = DIRECTION('',(1.,0.));
#3170 = ( GEOMETRIC_REPRESENTATION_CONTEXT(2) 
PARAMETRIC_REPRESENTATION_CONTEXT() REPRESENTATION_CONTEXT('2D SPACE',''
  ) );
#3171 = PCURVE('',#3015,#3172);
#3172 = DEFINITIONAL_REPRESENTATION('',(#3173),#3177);
#3173 = LINE('',#3174,#3175);
#3174 = CARTESIAN_POINT('',(15.765777976444,-0.819671317657));
#3175 = VECTOR('',#3176,1.);
#3176 = DIRECTION('',(-0.707106781187,0.707106781187));
#3177 = ( GEOMETRIC_REPRESENTATION_CONTEXT(2) 
PARAMETRIC_REPRESENTATION_CONTEXT() REPRESENTATION_CONTEXT('2D SPACE',''
  ) );
#3178 = ADVANCED_FACE('',(#3179),#3146,.F.);
#3179 = FACE_BOUND('',#3180,.F.);
#3180 = EDGE_LOOP('',(#3181,#3182,#3205,#3233));
#3181 = ORIENTED_EDGE('',*,*,#3130,.T.);
#3182 = ORIENTED_EDGE('',*,*,#3183,.T.);
#3183 = EDGE_CURVE('',#3108,#3184,#3186,.T.);
#3184 = VERTEX_POINT('',#3185);
#3185 = CARTESIAN_POINT('',(106.725,53.175,8.));
#3186 = SURFACE_CURVE('',#3187,(#3191,#3198),.PCURVE_S1.);
#3187 = LINE('',#3188,#3189);
#3188 = CARTESIAN_POINT('',(131.725,53.175,8.));
#3189 = VECTOR('',#3190,1.);
#3190 = DIRECTION('',(-1.,0.,0.));
#3191 = PCURVE('',#3146,#3192);
#3192 = DEFINITIONAL_REPRESENTATION('',(#3193),#3197);
#3193 = LINE('',#3194,#3195);
#3194 = CARTESIAN_POINT('',(0.,-8.));
#3195 = VECTOR('',#3196,1.);
#3196 = DIRECTION('',(1.,0.));
#3197 = ( GEOMETRIC_REPRESENTATION_CONTEXT(2) 
PARAMETRIC_REPRESENTATION_CONTEXT() REPRESENTATION_CONTEXT('2D SPACE',''
  ) );
#3198 = PCURVE('',#2961,#3199);
#3199 = DEFINITIONAL_REPRESENTATION('',(#3200),#3204);
#3200 = LINE('',#3201,#3202);
#3201 = CARTESIAN_POINT('',(5.765777976444,9.180328682343));
#3202 = VECTOR('',#3203,1.);
#3203 = DIRECTION('',(-1.,0.));
#3204 = ( GEOMETRIC_REPRESENTATION_CONTEXT(2) 
PARAMETRIC_REPRESENTATION_CONTEXT() REPRESENTATION_CONTEXT('2D SPACE',''
  ) );
#3205 = ORIENTED_EDGE('',*,*,#3206,.F.);
#3206 = EDGE_CURVE('',#3207,#3184,#3209,.T.);
#3207 = VERTEX_POINT('',#3208);
#3208 = CARTESIAN_POINT('',(106.725,53.175,0.));
#3209 = SURFACE_CURVE('',#3210,(#3214,#3221),.PCURVE_S1.);
#3210 = LINE('',#3211,#3212);
#3211 = CARTESIAN_POINT('',(106.725,53.175,0.));
#3212 = VECTOR('',#3213,1.);
#3213 = DIRECTION('',(0.,0.,1.));
#3214 = PCURVE('',#3146,#3215);
#3215 = DEFINITIONAL_REPRESENTATION('',(#3216),#3220);
#3216 = LINE('',#3217,#3218);
#3217 = CARTESIAN_POINT('',(25.,0.));
#3218 = VECTOR('',#3219,1.);
#3219 = DIRECTION('',(0.,-1.));
#3220 = ( GEOMETRIC_REPRESENTATION_CONTEXT(2) 
PARAMETRIC_REPRESENTATION_CONTEXT() REPRESENTATION_CONTEXT('2D SPACE',''
  ) );
#3221 = PCURVE('',#3222,#3227);
#3222 = PLANE('',#3223);
#3223 = AXIS2_PLACEMENT_3D('',#3224,#3225,#3226);
#3224 = CARTESIAN_POINT('',(106.725,53.175,0.));
#3225 = DIRECTION('',(1.,0.,-0.));
#3226 = DIRECTION('',(0.,-1.,0.));
#3227 = DEFINITIONAL_REPRESENTATION('',(#3228),#3232);
#3228 = LINE('',#3229,#3230);
#3229 = CARTESIAN_POINT('',(0.,0.));
#3230 = VECTOR('',#3231,1.);
#3231 = DIRECTION('',(0.,-1.));
#3232 = ( GEOMETRIC_REPRESENTATION_CONTEXT(2) 
PARAMETRIC_REPRESENTATION_CONTEXT() REPRESENTATION_CONTEXT('2D SPACE',''
  ) );
#3233 = ORIENTED_EDGE('',*,*,#3234,.F.);
#3234 = EDGE_CURVE('',#3131,#3207,#3235,.T.);
#3235 = SURFACE_CURVE('',#3236,(#3240,#3247),.PCURVE_S1.);
#3236 = LINE('',#3237,#3238);
#3237 = CARTESIAN_POINT('',(131.725,53.175,0.));
#3238 = VECTOR('',#3239,1.);
#3239 = DIRECTION('',(-1.,0.,0.));
#3240 = PCURVE('',#3146,#3241);
#3241 = DEFINITIONAL_REPRESENTATION('',(#3242),#3246);
#3242 = LINE('',#3243,#3244);
#3243 = CARTESIAN_POINT('',(0.,-0.));
#3244 = VECTOR('',#3245,1.);
#3245 = DIRECTION('',(1.,0.));
#3246 = ( GEOMETRIC_REPRESENTATION_CONTEXT(2) 
PARAMETRIC_REPRESENTATION_CONTEXT() REPRESENTATION_CONTEXT('2D SPACE',''
  ) );
#3247 = PCURVE('',#3015,#3248);
#3248 = DEFINITIONAL_REPRESENTATION('',(#3249),#3253);
#3249 = LINE('',#3250,#3251);
#3250 = CARTESIAN_POINT('',(5.765777976444,9.180328682343));
#3251 = VECTOR('',#3252,1.);
#3252 = DIRECTION('',(-1.,0.));
#3253 = ( GEOMETRIC_REPRESENTATION_CONTEXT(2) 
PARAMETRIC_REPRESENTATION_CONTEXT() REPRESENTATION_CONTEXT('2D SPACE',''
  ) );
#3254 = ADVANCED_FACE('',(#3255),#3222,.F.);
#3255 = FACE_BOUND('',#3256,.F.);
#3256 = EDGE_LOOP('',(#3257,#3258,#3281,#3309));
#3257 = ORIENTED_EDGE('',*,*,#3206,.T.);
#3258 = ORIENTED_EDGE('',*,*,#3259,.T.);
#3259 = EDGE_CURVE('',#3184,#3260,#3262,.T.);
#3260 = VERTEX_POINT('',#3261);
#3261 = CARTESIAN_POINT('',(106.725,43.175,8.));
#3262 = SURFACE_CURVE('',#3263,(#3267,#3274),.PCURVE_S1.);
#3263 = LINE('',#3264,#3265);
#3264 = CARTESIAN_POINT('',(106.725,53.175,8.));
#3265 = VECTOR('',#3266,1.);
#3266 = DIRECTION('',(0.,-1.,0.));
#3267 = PCURVE('',#3222,#3268);
#3268 = DEFINITIONAL_REPRESENTATION('',(#3269),#3273);
#3269 = LINE('',#3270,#3271);
#3270 = CARTESIAN_POINT('',(0.,-8.));
#3271 = VECTOR('',#3272,1.);
#3272 = DIRECTION('',(1.,0.));
#3273 = ( GEOMETRIC_REPRESENTATION_CONTEXT(2) 
PARAMETRIC_REPRESENTATION_CONTEXT() REPRESENTATION_CONTEXT('2D SPACE',''
  ) );
#3274 = PCURVE('',#2961,#3275);
#3275 = DEFINITIONAL_REPRESENTATION('',(#3276),#3280);
#3276 = LINE('',#3277,#3278);
#3277 = CARTESIAN_POINT('',(-19.23422202355,9.180328682343));
#3278 = VECTOR('',#3279,1.);
#3279 = DIRECTION('',(0.,-1.));
#3280 = ( GEOMETRIC_REPRESENTATION_CONTEXT(2) 
PARAMETRIC_REPRESENTATION_CONTEXT() REPRESENTATION_CONTEXT('2D SPACE',''
  ) );
#3281 = ORIENTED_EDGE('',*,*,#3282,.F.);
#3282 = EDGE_CURVE('',#3283,#3260,#3285,.T.);
#3283 = VERTEX_POINT('',#3284);
#3284 = CARTESIAN_POINT('',(106.725,43.175,0.));
#3285 = SURFACE_CURVE('',#3286,(#3290,#3297),.PCURVE_S1.);
#3286 = LINE('',#3287,#3288);
#3287 = CARTESIAN_POINT('',(106.725,43.175,0.));
#3288 = VECTOR('',#3289,1.);
#3289 = DIRECTION('',(0.,0.,1.));
#3290 = PCURVE('',#3222,#3291);
#3291 = DEFINITIONAL_REPRESENTATION('',(#3292),#3296);
#3292 = LINE('',#3293,#3294);
#3293 = CARTESIAN_POINT('',(10.,0.));
#3294 = VECTOR('',#3295,1.);
#3295 = DIRECTION('',(0.,-1.));
#3296 = ( GEOMETRIC_REPRESENTATION_CONTEXT(2) 
PARAMETRIC_REPRESENTATION_CONTEXT() REPRESENTATION_CONTEXT('2D SPACE',''
  ) );
#3297 = PCURVE('',#3298,#3303);
#3298 = PLANE('',#3299);
#3299 = AXIS2_PLACEMENT_3D('',#3300,#3301,#3302);
#3300 = CARTESIAN_POINT('',(106.725,43.175,0.));
#3301 = DIRECTION('',(0.,1.,0.));
#3302 = DIRECTION('',(1.,0.,0.));
#3303 = DEFINITIONAL_REPRESENTATION('',(#3304),#3308);
#3304 = LINE('',#3305,#3306);
#3305 = CARTESIAN_POINT('',(0.,0.));
#3306 = VECTOR('',#3307,1.);
#3307 = DIRECTION('',(0.,-1.));
#3308 = ( GEOMETRIC_REPRESENTATION_CONTEXT(2) 
PARAMETRIC_REPRESENTATION_CONTEXT() REPRESENTATION_CONTEXT('2D SPACE',''
  ) );
#3309 = ORIENTED_EDGE('',*,*,#3310,.F.);
#3310 = EDGE_CURVE('',#3207,#3283,#3311,.T.);
#3311 = SURFACE_CURVE('',#3312,(#3316,#3323),.PCURVE_S1.);
#3312 = LINE('',#3313,#3314);
#3313 = CARTESIAN_POINT('',(106.725,53.175,0.));
#3314 = VECTOR('',#3315,1.);
#3315 = DIRECTION('',(0.,-1.,0.));
#3316 = PCURVE('',#3222,#3317);
#3317 = DEFINITIONAL_REPRESENTATION('',(#3318),#3322);
#3318 = LINE('',#3319,#3320);
#3319 = CARTESIAN_POINT('',(0.,0.));
#3320 = VECTOR('',#3321,1.);
#3321 = DIRECTION('',(1.,0.));
#3322 = ( GEOMETRIC_REPRESENTATION_CONTEXT(2) 
PARAMETRIC_REPRESENTATION_CONTEXT() REPRESENTATION_CONTEXT('2D SPACE',''
  ) );
#3323 = PCURVE('',#3015,#3324);
#3324 = DEFINITIONAL_REPRESENTATION('',(#3325),#3329);
#3325 = LINE('',#3326,#3327);
#3326 = CARTESIAN_POINT('',(-19.23422202355,9.180328682343));
#3327 = VECTOR('',#3328,1.);
#3328 = DIRECTION('',(0.,-1.));
#3329 = ( GEOMETRIC_REPRESENTATION_CONTEXT(2) 
PARAMETRIC_REPRESENTATION_CONTEXT() REPRESENTATION_CONTEXT('2D SPACE',''
  ) );
#3330 = ADVANCED_FACE('',(#3331),#3298,.F.);
#3331 = FACE_BOUND('',#3332,.F.);
#3332 = EDGE_LOOP('',(#3333,#3334,#3357,#3380));
#3333 = ORIENTED_EDGE('',*,*,#3282,.T.);
#3334 = ORIENTED_EDGE('',*,*,#3335,.T.);
#3335 = EDGE_CURVE('',#3260,#3336,#3338,.T.);
#3336 = VERTEX_POINT('',#3337);
#3337 = CARTESIAN_POINT('',(131.725,43.175,8.));
#3338 = SURFACE_CURVE('',#3339,(#3343,#3350),.PCURVE_S1.);
#3339 = LINE('',#3340,#3341);
#3340 = CARTESIAN_POINT('',(106.725,43.175,8.));
#3341 = VECTOR('',#3342,1.);
#3342 = DIRECTION('',(1.,0.,0.));
#3343 = PCURVE('',#3298,#3344);
#3344 = DEFINITIONAL_REPRESENTATION('',(#3345),#3349);
#3345 = LINE('',#3346,#3347);
#3346 = CARTESIAN_POINT('',(0.,-8.));
#3347 = VECTOR('',#3348,1.);
#3348 = DIRECTION('',(1.,0.));
#3349 = ( GEOMETRIC_REPRESENTATION_CONTEXT(2) 
PARAMETRIC_REPRESENTATION_CONTEXT() REPRESENTATION_CONTEXT('2D SPACE',''
  ) );
#3350 = PCURVE('',#2961,#3351);
#3351 = DEFINITIONAL_REPRESENTATION('',(#3352),#3356);
#3352 = LINE('',#3353,#3354);
#3353 = CARTESIAN_POINT('',(-19.23422202355,-0.819671317657));
#3354 = VECTOR('',#3355,1.);
#3355 = DIRECTION('',(1.,0.));
#3356 = ( GEOMETRIC_REPRESENTATION_CONTEXT(2) 
PARAMETRIC_REPRESENTATION_CONTEXT() REPRESENTATION_CONTEXT('2D SPACE',''
  ) );
#3357 = ORIENTED_EDGE('',*,*,#3358,.F.);
#3358 = EDGE_CURVE('',#3359,#3336,#3361,.T.);
#3359 = VERTEX_POINT('',#3360);
#3360 = CARTESIAN_POINT('',(131.725,43.175,0.));
#3361 = SURFACE_CURVE('',#3362,(#3366,#3373),.PCURVE_S1.);
#3362 = LINE('',#3363,#3364);
#3363 = CARTESIAN_POINT('',(131.725,43.175,0.));
#3364 = VECTOR('',#3365,1.);
#3365 = DIRECTION('',(0.,0.,1.));
#3366 = PCURVE('',#3298,#3367);
#3367 = DEFINITIONAL_REPRESENTATION('',(#3368),#3372);
#3368 = LINE('',#3369,#3370);
#3369 = CARTESIAN_POINT('',(25.,0.));
#3370 = VECTOR('',#3371,1.);
#3371 = DIRECTION('',(0.,-1.));
#3372 = ( GEOMETRIC_REPRESENTATION_CONTEXT(2) 
PARAMETRIC_REPRESENTATION_CONTEXT() REPRESENTATION_CONTEXT('2D SPACE',''
  ) );
#3373 = PCURVE('',#2933,#3374);
#3374 = DEFINITIONAL_REPRESENTATION('',(#3375),#3379);
#3375 = LINE('',#3376,#3377);
#3376 = CARTESIAN_POINT('',(0.,0.));
#3377 = VECTOR('',#3378,1.);
#3378 = DIRECTION('',(0.,-1.));
#3379 = ( GEOMETRIC_REPRESENTATION_CONTEXT(2) 
PARAMETRIC_REPRESENTATION_CONTEXT() REPRESENTATION_CONTEXT('2D SPACE',''
  ) );
#3380 = ORIENTED_EDGE('',*,*,#3381,.F.);
#3381 = EDGE_CURVE('',#3283,#3359,#3382,.T.);
#3382 = SURFACE_CURVE('',#3383,(#3387,#3394),.PCURVE_S1.);
#3383 = LINE('',#3384,#3385);
#3384 = CARTESIAN_POINT('',(106.725,43.175,0.));
#3385 = VECTOR('',#3386,1.);
#3386 = DIRECTION('',(1.,0.,0.));
#3387 = PCURVE('',#3298,#3388);
#3388 = DEFINITIONAL_REPRESENTATION('',(#3389),#3393);
#3389 = LINE('',#3390,#3391);
#3390 = CARTESIAN_POINT('',(0.,0.));
#3391 = VECTOR('',#3392,1.);
#3392 = DIRECTION('',(1.,0.));
#3393 = ( GEOMETRIC_REPRESENTATION_CONTEXT(2) 
PARAMETRIC_REPRESENTATION_CONTEXT() REPRESENTATION_CONTEXT('2D SPACE',''
  ) );
#3394 = PCURVE('',#3015,#3395);
#3395 = DEFINITIONAL_REPRESENTATION('',(#3396),#3400);
#3396 = LINE('',#3397,#3398);
#3397 = CARTESIAN_POINT('',(-19.23422202355,-0.819671317657));
#3398 = VECTOR('',#3399,1.);
#3399 = DIRECTION('',(1.,0.));
#3400 = ( GEOMETRIC_REPRESENTATION_CONTEXT(2) 
PARAMETRIC_REPRESENTATION_CONTEXT() REPRESENTATION_CONTEXT('2D SPACE',''
  ) );
#3401 = ADVANCED_FACE('',(#3402),#2933,.F.);
#3402 = FACE_BOUND('',#3403,.F.);
#3403 = EDGE_LOOP('',(#3404,#3405,#3426,#3427));
#3404 = ORIENTED_EDGE('',*,*,#3358,.T.);
#3405 = ORIENTED_EDGE('',*,*,#3406,.T.);
#3406 = EDGE_CURVE('',#3336,#2913,#3407,.T.);
#3407 = SURFACE_CURVE('',#3408,(#3412,#3419),.PCURVE_S1.);
#3408 = LINE('',#3409,#3410);
#3409 = CARTESIAN_POINT('',(131.725,43.175,8.));
#3410 = VECTOR('',#3411,1.);
#3411 = DIRECTION('',(0.,-1.,0.));
#3412 = PCURVE('',#2933,#3413);
#3413 = DEFINITIONAL_REPRESENTATION('',(#3414),#3418);
#3414 = LINE('',#3415,#3416);
#3415 = CARTESIAN_POINT('',(0.,-8.));
#3416 = VECTOR('',#3417,1.);
#3417 = DIRECTION('',(1.,0.));
#3418 = ( GEOMETRIC_REPRESENTATION_CONTEXT(2) 
PARAMETRIC_REPRESENTATION_CONTEXT() REPRESENTATION_CONTEXT('2D SPACE',''
  ) );
#3419 = PCURVE('',#2961,#3420);
#3420 = DEFINITIONAL_REPRESENTATION('',(#3421),#3425);
#3421 = LINE('',#3422,#3423);
#3422 = CARTESIAN_POINT('',(5.765777976444,-0.819671317657));
#3423 = VECTOR('',#3424,1.);
#3424 = DIRECTION('',(0.,-1.));
#3425 = ( GEOMETRIC_REPRESENTATION_CONTEXT(2) 
PARAMETRIC_REPRESENTATION_CONTEXT() REPRESENTATION_CONTEXT('2D SPACE',''
  ) );
#3426 = ORIENTED_EDGE('',*,*,#2910,.F.);
#3427 = ORIENTED_EDGE('',*,*,#3428,.F.);
#3428 = EDGE_CURVE('',#3359,#2911,#3429,.T.);
#3429 = SURFACE_CURVE('',#3430,(#3434,#3441),.PCURVE_S1.);
#3430 = LINE('',#3431,#3432);
#3431 = CARTESIAN_POINT('',(131.725,43.175,0.));
#3432 = VECTOR('',#3433,1.);
#3433 = DIRECTION('',(0.,-1.,0.));
#3434 = PCURVE('',#2933,#3435);
#3435 = DEFINITIONAL_REPRESENTATION('',(#3436),#3440);
#3436 = LINE('',#3437,#3438);
#3437 = CARTESIAN_POINT('',(0.,0.));
#3438 = VECTOR('',#3439,1.);
#3439 = DIRECTION('',(1.,0.));
#3440 = ( GEOMETRIC_REPRESENTATION_CONTEXT(2) 
PARAMETRIC_REPRESENTATION_CONTEXT() REPRESENTATION_CONTEXT('2D SPACE',''
  ) );
#3441 = PCURVE('',#3015,#3442);
#3442 = DEFINITIONAL_REPRESENTATION('',(#3443),#3447);
#3443 = LINE('',#3444,#3445);
#3444 = CARTESIAN_POINT('',(5.765777976444,-0.819671317657));
#3445 = VECTOR('',#3446,1.);
#3446 = DIRECTION('',(0.,-1.));
#3447 = ( GEOMETRIC_REPRESENTATION_CONTEXT(2) 
PARAMETRIC_REPRESENTATION_CONTEXT() REPRESENTATION_CONTEXT('2D SPACE',''
  ) );
#3448 = ADVANCED_FACE('',(#3449),#3015,.F.);
#3449 = FACE_BOUND('',#3450,.F.);
#3450 = EDGE_LOOP('',(#3451,#3452,#3453,#3454,#3455,#3456,#3457));
#3451 = ORIENTED_EDGE('',*,*,#3001,.T.);
#3452 = ORIENTED_EDGE('',*,*,#3082,.T.);
#3453 = ORIENTED_EDGE('',*,*,#3158,.T.);
#3454 = ORIENTED_EDGE('',*,*,#3234,.T.);
#3455 = ORIENTED_EDGE('',*,*,#3310,.T.);
#3456 = ORIENTED_EDGE('',*,*,#3381,.T.);
#3457 = ORIENTED_EDGE('',*,*,#3428,.T.);
#3458 = ADVANCED_FACE('',(#3459),#2961,.T.);
#3459 = FACE_BOUND('',#3460,.T.);
#3460 = EDGE_LOOP('',(#3461,#3462,#3463,#3464,#3465,#3466,#3467));
#3461 = ORIENTED_EDGE('',*,*,#2945,.T.);
#3462 = ORIENTED_EDGE('',*,*,#3031,.T.);
#3463 = ORIENTED_EDGE('',*,*,#3107,.T.);
#3464 = ORIENTED_EDGE('',*,*,#3183,.T.);
#3465 = ORIENTED_EDGE('',*,*,#3259,.T.);
#3466 = ORIENTED_EDGE('',*,*,#3335,.T.);
#3467 = ORIENTED_EDGE('',*,*,#3406,.T.);
#3468 = ( GEOMETRIC_REPRESENTATION_CONTEXT(3) 
GLOBAL_UNCERTAINTY_ASSIGNED_CONTEXT((#3472)) 
GLOBAL_UNIT_ASSIGNED_CONTEXT((#3469,#3470,#3471)) REPRESENTATION_CONTEXT
('Context #1','3D Context with UNIT and UNCERTAINTY') );
#3469 = ( LENGTH_UNIT() NAMED_UNIT(*) SI_UNIT(.MILLI.,.METRE.) );
#3470 = ( NAMED_UNIT(*) PLANE_ANGLE_UNIT() SI_UNIT($,.RADIAN.) );
#3471 = ( NAMED_UNIT(*) SI_UNIT($,.STERADIAN.) SOLID_ANGLE_UNIT() );
#3472 = UNCERTAINTY_MEASURE_WITH_UNIT(LENGTH_MEASURE(1.E-07),#3469,
  'distance_accuracy_value','confusion accuracy');
#3473 = CONTEXT_DEPENDENT_SHAPE_REPRESENTATION(#3474,#3476);
#3474 = ( REPRESENTATION_RELATIONSHIP('','',#2903,#10) 
REPRESENTATION_RELATIONSHIP_WITH_TRANSFORMATION(#3475) 
SHAPE_REPRESENTATION_RELATIONSHIP() );
#3475 = ITEM_DEFINED_TRANSFORMATION('','',#11,#43);
#3476 = PRODUCT_DEFINITION_SHAPE('Placement','Placement of an item',
  #3477);
#3477 = NEXT_ASSEMBLY_USAGE_OCCURRENCE('108','part_0015__01','',#5,#2898
  ,$);
#3478 = PRODUCT_RELATED_PRODUCT_CATEGORY('part',$,(#2900));
#3479 = SHAPE_DEFINITION_REPRESENTATION(#3480,#3486);
#3480 = PRODUCT_DEFINITION_SHAPE('','',#3481);
#3481 = PRODUCT_DEFINITION('design','',#3482,#3485);
#3482 = PRODUCT_DEFINITION_FORMATION('','',#3483);
#3483 = PRODUCT('part_0021__01','part_0021__01','',(#3484));
#3484 = PRODUCT_CONTEXT('',#2,'mechanical');
#3485 = PRODUCT_DEFINITION_CONTEXT('part definition',#2,'design');
#3486 = ADVANCED_BREP_SHAPE_REPRESENTATION('',(#11,#3487),#3817);
#3487 = MANIFOLD_SOLID_BREP('',#3488);
#3488 = CLOSED_SHELL('',(#3489,#3609,#3685,#3756,#3803,#3810));
#3489 = ADVANCED_FACE('',(#3490),#3504,.T.);
#3490 = FACE_BOUND('',#3491,.T.);
#3491 = EDGE_LOOP('',(#3492,#3527,#3555,#3583));
#3492 = ORIENTED_EDGE('',*,*,#3493,.T.);
#3493 = EDGE_CURVE('',#3494,#3496,#3498,.T.);
#3494 = VERTEX_POINT('',#3495);
#3495 = CARTESIAN_POINT('',(145.725,45.675,0.));
#3496 = VERTEX_POINT('',#3497);
#3497 = CARTESIAN_POINT('',(145.725,45.675,8.));
#3498 = SURFACE_CURVE('',#3499,(#3503,#3515),.PCURVE_S1.);
#3499 = LINE('',#3500,#3501);
#3500 = CARTESIAN_POINT('',(145.725,45.675,0.));
#3501 = VECTOR('',#3502,1.);
#3502 = DIRECTION('',(0.,0.,1.));
#3503 = PCURVE('',#3504,#3509);
#3504 = PLANE('',#3505);
#3505 = AXIS2_PLACEMENT_3D('',#3506,#3507,#3508);
#3506 = CARTESIAN_POINT('',(145.725,45.675,0.));
#3507 = DIRECTION('',(0.,1.,0.));
#3508 = DIRECTION('',(1.,0.,0.));
#3509 = DEFINITIONAL_REPRESENTATION('',(#3510),#3514);
#3510 = LINE('',#3511,#3512);
#3511 = CARTESIAN_POINT('',(0.,0.));
#3512 = VECTOR('',#3513,1.);
#3513 = DIRECTION('',(0.,-1.));
#3514 = ( GEOMETRIC_REPRESENTATION_CONTEXT(2) 
PARAMETRIC_REPRESENTATION_CONTEXT() REPRESENTATION_CONTEXT('2D SPACE',''
  ) );
#3515 = PCURVE('',#3516,#3521);
#3516 = PLANE('',#3517);
#3517 = AXIS2_PLACEMENT_3D('',#3518,#3519,#3520);
#3518 = CARTESIAN_POINT('',(145.725,30.675,0.));
#3519 = DIRECTION('',(-1.,0.,0.));
#3520 = DIRECTION('',(0.,1.,0.));
#3521 = DEFINITIONAL_REPRESENTATION('',(#3522),#3526);
#3522 = LINE('',#3523,#3524);
#3523 = CARTESIAN_POINT('',(15.,0.));
#3524 = VECTOR('',#3525,1.);
#3525 = DIRECTION('',(0.,-1.));
#3526 = ( GEOMETRIC_REPRESENTATION_CONTEXT(2) 
PARAMETRIC_REPRESENTATION_CONTEXT() REPRESENTATION_CONTEXT('2D SPACE',''
  ) );
#3527 = ORIENTED_EDGE('',*,*,#3528,.T.);
#3528 = EDGE_CURVE('',#3496,#3529,#3531,.T.);
#3529 = VERTEX_POINT('',#3530);
#3530 = CARTESIAN_POINT('',(155.725,45.675,8.));
#3531 = SURFACE_CURVE('',#3532,(#3536,#3543),.PCURVE_S1.);
#3532 = LINE('',#3533,#3534);
#3533 = CARTESIAN_POINT('',(145.725,45.675,8.));
#3534 = VECTOR('',#3535,1.);
#3535 = DIRECTION('',(1.,0.,0.));
#3536 = PCURVE('',#3504,#3537);
#3537 = DEFINITIONAL_REPRESENTATION('',(#3538),#3542);
#3538 = LINE('',#3539,#3540);
#3539 = CARTESIAN_POINT('',(0.,-8.));
#3540 = VECTOR('',#3541,1.);
#3541 = DIRECTION('',(1.,0.));
#3542 = ( GEOMETRIC_REPRESENTATION_CONTEXT(2) 
PARAMETRIC_REPRESENTATION_CONTEXT() REPRESENTATION_CONTEXT('2D SPACE',''
  ) );
#3543 = PCURVE('',#3544,#3549);
#3544 = PLANE('',#3545);
#3545 = AXIS2_PLACEMENT_3D('',#3546,#3547,#3548);
#3546 = CARTESIAN_POINT('',(150.725,38.175,8.));
#3547 = DIRECTION('',(-0.,-0.,-1.));
#3548 = DIRECTION('',(-1.,0.,0.));
#3549 = DEFINITIONAL_REPRESENTATION('',(#3550),#3554);
#3550 = LINE('',#3551,#3552);
#3551 = CARTESIAN_POINT('',(5.,7.5));
#3552 = VECTOR('',#3553,1.);
#3553 = DIRECTION('',(-1.,0.));
#3554 = ( GEOMETRIC_REPRESENTATION_CONTEXT(2) 
PARAMETRIC_REPRESENTATION_CONTEXT() REPRESENTATION_CONTEXT('2D SPACE',''
  ) );
#3555 = ORIENTED_EDGE('',*,*,#3556,.F.);
#3556 = EDGE_CURVE('',#3557,#3529,#3559,.T.);
#3557 = VERTEX_POINT('',#3558);
#3558 = CARTESIAN_POINT('',(155.725,45.675,0.));
#3559 = SURFACE_CURVE('',#3560,(#3564,#3571),.PCURVE_S1.);
#3560 = LINE('',#3561,#3562);
#3561 = CARTESIAN_POINT('',(155.725,45.675,0.));
#3562 = VECTOR('',#3563,1.);
#3563 = DIRECTION('',(0.,0.,1.));
#3564 = PCURVE('',#3504,#3565);
#3565 = DEFINITIONAL_REPRESENTATION('',(#3566),#3570);
#3566 = LINE('',#3567,#3568);
#3567 = CARTESIAN_POINT('',(10.,0.));
#3568 = VECTOR('',#3569,1.);
#3569 = DIRECTION('',(0.,-1.));
#3570 = ( GEOMETRIC_REPRESENTATION_CONTEXT(2) 
PARAMETRIC_REPRESENTATION_CONTEXT() REPRESENTATION_CONTEXT('2D SPACE',''
  ) );
#3571 = PCURVE('',#3572,#3577);
#3572 = PLANE('',#3573);
#3573 = AXIS2_PLACEMENT_3D('',#3574,#3575,#3576);
#3574 = CARTESIAN_POINT('',(155.725,45.675,0.));
#3575 = DIRECTION('',(1.,0.,-0.));
#3576 = DIRECTION('',(0.,-1.,0.));
#3577 = DEFINITIONAL_REPRESENTATION('',(#3578),#3582);
#3578 = LINE('',#3579,#3580);
#3579 = CARTESIAN_POINT('',(0.,0.));
#3580 = VECTOR('',#3581,1.);
#3581 = DIRECTION('',(0.,-1.));
#3582 = ( GEOMETRIC_REPRESENTATION_CONTEXT(2) 
PARAMETRIC_REPRESENTATION_CONTEXT() REPRESENTATION_CONTEXT('2D SPACE',''
  ) );
#3583 = ORIENTED_EDGE('',*,*,#3584,.F.);
#3584 = EDGE_CURVE('',#3494,#3557,#3585,.T.);
#3585 = SURFACE_CURVE('',#3586,(#3590,#3597),.PCURVE_S1.);
#3586 = LINE('',#3587,#3588);
#3587 = CARTESIAN_POINT('',(145.725,45.675,0.));
#3588 = VECTOR('',#3589,1.);
#3589 = DIRECTION('',(1.,0.,0.));
#3590 = PCURVE('',#3504,#3591);
#3591 = DEFINITIONAL_REPRESENTATION('',(#3592),#3596);
#3592 = LINE('',#3593,#3594);
#3593 = CARTESIAN_POINT('',(0.,0.));
#3594 = VECTOR('',#3595,1.);
#3595 = DIRECTION('',(1.,0.));
#3596 = ( GEOMETRIC_REPRESENTATION_CONTEXT(2) 
PARAMETRIC_REPRESENTATION_CONTEXT() REPRESENTATION_CONTEXT('2D SPACE',''
  ) );
#3597 = PCURVE('',#3598,#3603);
#3598 = PLANE('',#3599);
#3599 = AXIS2_PLACEMENT_3D('',#3600,#3601,#3602);
#3600 = CARTESIAN_POINT('',(150.725,38.175,0.));
#3601 = DIRECTION('',(-0.,-0.,-1.));
#3602 = DIRECTION('',(-1.,0.,0.));
#3603 = DEFINITIONAL_REPRESENTATION('',(#3604),#3608);
#3604 = LINE('',#3605,#3606);
#3605 = CARTESIAN_POINT('',(5.,7.5));
#3606 = VECTOR('',#3607,1.);
#3607 = DIRECTION('',(-1.,0.));
#3608 = ( GEOMETRIC_REPRESENTATION_CONTEXT(2) 
PARAMETRIC_REPRESENTATION_CONTEXT() REPRESENTATION_CONTEXT('2D SPACE',''
  ) );
#3609 = ADVANCED_FACE('',(#3610),#3572,.T.);
#3610 = FACE_BOUND('',#3611,.T.);
#3611 = EDGE_LOOP('',(#3612,#3613,#3636,#3664));
#3612 = ORIENTED_EDGE('',*,*,#3556,.T.);
#3613 = ORIENTED_EDGE('',*,*,#3614,.T.);
#3614 = EDGE_CURVE('',#3529,#3615,#3617,.T.);
#3615 = VERTEX_POINT('',#3616);
#3616 = CARTESIAN_POINT('',(155.725,30.675,8.));
#3617 = SURFACE_CURVE('',#3618,(#3622,#3629),.PCURVE_S1.);
#3618 = LINE('',#3619,#3620);
#3619 = CARTESIAN_POINT('',(155.725,45.675,8.));
#3620 = VECTOR('',#3621,1.);
#3621 = DIRECTION('',(0.,-1.,0.));
#3622 = PCURVE('',#3572,#3623);
#3623 = DEFINITIONAL_REPRESENTATION('',(#3624),#3628);
#3624 = LINE('',#3625,#3626);
#3625 = CARTESIAN_POINT('',(0.,-8.));
#3626 = VECTOR('',#3627,1.);
#3627 = DIRECTION('',(1.,0.));
#3628 = ( GEOMETRIC_REPRESENTATION_CONTEXT(2) 
PARAMETRIC_REPRESENTATION_CONTEXT() REPRESENTATION_CONTEXT('2D SPACE',''
  ) );
#3629 = PCURVE('',#3544,#3630);
#3630 = DEFINITIONAL_REPRESENTATION('',(#3631),#3635);
#3631 = LINE('',#3632,#3633);
#3632 = CARTESIAN_POINT('',(-5.,7.5));
#3633 = VECTOR('',#3634,1.);
#3634 = DIRECTION('',(0.,-1.));
#3635 = ( GEOMETRIC_REPRESENTATION_CONTEXT(2) 
PARAMETRIC_REPRESENTATION_CONTEXT() REPRESENTATION_CONTEXT('2D SPACE',''
  ) );
#3636 = ORIENTED_EDGE('',*,*,#3637,.F.);
#3637 = EDGE_CURVE('',#3638,#3615,#3640,.T.);
#3638 = VERTEX_POINT('',#3639);
#3639 = CARTESIAN_POINT('',(155.725,30.675,0.));
#3640 = SURFACE_CURVE('',#3641,(#3645,#3652),.PCURVE_S1.);
#3641 = LINE('',#3642,#3643);
#3642 = CARTESIAN_POINT('',(155.725,30.675,0.));
#3643 = VECTOR('',#3644,1.);
#3644 = DIRECTION('',(0.,0.,1.));
#3645 = PCURVE('',#3572,#3646);
#3646 = DEFINITIONAL_REPRESENTATION('',(#3647),#3651);
#3647 = LINE('',#3648,#3649);
#3648 = CARTESIAN_POINT('',(15.,0.));
#3649 = VECTOR('',#3650,1.);
#3650 = DIRECTION('',(0.,-1.));
#3651 = ( GEOMETRIC_REPRESENTATION_CONTEXT(2) 
PARAMETRIC_REPRESENTATION_CONTEXT() REPRESENTATION_CONTEXT('2D SPACE',''
  ) );
#3652 = PCURVE('',#3653,#3658);
#3653 = PLANE('',#3654);
#3654 = AXIS2_PLACEMENT_3D('',#3655,#3656,#3657);
#3655 = CARTESIAN_POINT('',(155.725,30.675,0.));
#3656 = DIRECTION('',(0.,-1.,0.));
#3657 = DIRECTION('',(-1.,0.,0.));
#3658 = DEFINITIONAL_REPRESENTATION('',(#3659),#3663);
#3659 = LINE('',#3660,#3661);
#3660 = CARTESIAN_POINT('',(0.,-0.));
#3661 = VECTOR('',#3662,1.);
#3662 = DIRECTION('',(0.,-1.));
#3663 = ( GEOMETRIC_REPRESENTATION_CONTEXT(2) 
PARAMETRIC_REPRESENTATION_CONTEXT() REPRESENTATION_CONTEXT('2D SPACE',''
  ) );
#3664 = ORIENTED_EDGE('',*,*,#3665,.F.);
#3665 = EDGE_CURVE('',#3557,#3638,#3666,.T.);
#3666 = SURFACE_CURVE('',#3667,(#3671,#3678),.PCURVE_S1.);
#3667 = LINE('',#3668,#3669);
#3668 = CARTESIAN_POINT('',(155.725,45.675,0.));
#3669 = VECTOR('',#3670,1.);
#3670 = DIRECTION('',(0.,-1.,0.));
#3671 = PCURVE('',#3572,#3672);
#3672 = DEFINITIONAL_REPRESENTATION('',(#3673),#3677);
#3673 = LINE('',#3674,#3675);
#3674 = CARTESIAN_POINT('',(0.,0.));
#3675 = VECTOR('',#3676,1.);
#3676 = DIRECTION('',(1.,0.));
#3677 = ( GEOMETRIC_REPRESENTATION_CONTEXT(2) 
PARAMETRIC_REPRESENTATION_CONTEXT() REPRESENTATION_CONTEXT('2D SPACE',''
  ) );
#3678 = PCURVE('',#3598,#3679);
#3679 = DEFINITIONAL_REPRESENTATION('',(#3680),#3684);
#3680 = LINE('',#3681,#3682);
#3681 = CARTESIAN_POINT('',(-5.,7.5));
#3682 = VECTOR('',#3683,1.);
#3683 = DIRECTION('',(0.,-1.));
#3684 = ( GEOMETRIC_REPRESENTATION_CONTEXT(2) 
PARAMETRIC_REPRESENTATION_CONTEXT() REPRESENTATION_CONTEXT('2D SPACE',''
  ) );
#3685 = ADVANCED_FACE('',(#3686),#3653,.T.);
#3686 = FACE_BOUND('',#3687,.T.);
#3687 = EDGE_LOOP('',(#3688,#3689,#3712,#3735));
#3688 = ORIENTED_EDGE('',*,*,#3637,.T.);
#3689 = ORIENTED_EDGE('',*,*,#3690,.T.);
#3690 = EDGE_CURVE('',#3615,#3691,#3693,.T.);
#3691 = VERTEX_POINT('',#3692);
#3692 = CARTESIAN_POINT('',(145.725,30.675,8.));
#3693 = SURFACE_CURVE('',#3694,(#3698,#3705),.PCURVE_S1.);
#3694 = LINE('',#3695,#3696);
#3695 = CARTESIAN_POINT('',(155.725,30.675,8.));
#3696 = VECTOR('',#3697,1.);
#3697 = DIRECTION('',(-1.,0.,0.));
#3698 = PCURVE('',#3653,#3699);
#3699 = DEFINITIONAL_REPRESENTATION('',(#3700),#3704);
#3700 = LINE('',#3701,#3702);
#3701 = CARTESIAN_POINT('',(0.,-8.));
#3702 = VECTOR('',#3703,1.);
#3703 = DIRECTION('',(1.,0.));
#3704 = ( GEOMETRIC_REPRESENTATION_CONTEXT(2) 
PARAMETRIC_REPRESENTATION_CONTEXT() REPRESENTATION_CONTEXT('2D SPACE',''
  ) );
#3705 = PCURVE('',#3544,#3706);
#3706 = DEFINITIONAL_REPRESENTATION('',(#3707),#3711);
#3707 = LINE('',#3708,#3709);
#3708 = CARTESIAN_POINT('',(-5.,-7.5));
#3709 = VECTOR('',#3710,1.);
#3710 = DIRECTION('',(1.,0.));
#3711 = ( GEOMETRIC_REPRESENTATION_CONTEXT(2) 
PARAMETRIC_REPRESENTATION_CONTEXT() REPRESENTATION_CONTEXT('2D SPACE',''
  ) );
#3712 = ORIENTED_EDGE('',*,*,#3713,.F.);
#3713 = EDGE_CURVE('',#3714,#3691,#3716,.T.);
#3714 = VERTEX_POINT('',#3715);
#3715 = CARTESIAN_POINT('',(145.725,30.675,0.));
#3716 = SURFACE_CURVE('',#3717,(#3721,#3728),.PCURVE_S1.);
#3717 = LINE('',#3718,#3719);
#3718 = CARTESIAN_POINT('',(145.725,30.675,0.));
#3719 = VECTOR('',#3720,1.);
#3720 = DIRECTION('',(0.,0.,1.));
#3721 = PCURVE('',#3653,#3722);
#3722 = DEFINITIONAL_REPRESENTATION('',(#3723),#3727);
#3723 = LINE('',#3724,#3725);
#3724 = CARTESIAN_POINT('',(10.,0.));
#3725 = VECTOR('',#3726,1.);
#3726 = DIRECTION('',(0.,-1.));
#3727 = ( GEOMETRIC_REPRESENTATION_CONTEXT(2) 
PARAMETRIC_REPRESENTATION_CONTEXT() REPRESENTATION_CONTEXT('2D SPACE',''
  ) );
#3728 = PCURVE('',#3516,#3729);
#3729 = DEFINITIONAL_REPRESENTATION('',(#3730),#3734);
#3730 = LINE('',#3731,#3732);
#3731 = CARTESIAN_POINT('',(0.,0.));
#3732 = VECTOR('',#3733,1.);
#3733 = DIRECTION('',(0.,-1.));
#3734 = ( GEOMETRIC_REPRESENTATION_CONTEXT(2) 
PARAMETRIC_REPRESENTATION_CONTEXT() REPRESENTATION_CONTEXT('2D SPACE',''
  ) );
#3735 = ORIENTED_EDGE('',*,*,#3736,.F.);
#3736 = EDGE_CURVE('',#3638,#3714,#3737,.T.);
#3737 = SURFACE_CURVE('',#3738,(#3742,#3749),.PCURVE_S1.);
#3738 = LINE('',#3739,#3740);
#3739 = CARTESIAN_POINT('',(155.725,30.675,0.));
#3740 = VECTOR('',#3741,1.);
#3741 = DIRECTION('',(-1.,0.,0.));
#3742 = PCURVE('',#3653,#3743);
#3743 = DEFINITIONAL_REPRESENTATION('',(#3744),#3748);
#3744 = LINE('',#3745,#3746);
#3745 = CARTESIAN_POINT('',(0.,-0.));
#3746 = VECTOR('',#3747,1.);
#3747 = DIRECTION('',(1.,0.));
#3748 = ( GEOMETRIC_REPRESENTATION_CONTEXT(2) 
PARAMETRIC_REPRESENTATION_CONTEXT() REPRESENTATION_CONTEXT('2D SPACE',''
  ) );
#3749 = PCURVE('',#3598,#3750);
#3750 = DEFINITIONAL_REPRESENTATION('',(#3751),#3755);
#3751 = LINE('',#3752,#3753);
#3752 = CARTESIAN_POINT('',(-5.,-7.5));
#3753 = VECTOR('',#3754,1.);
#3754 = DIRECTION('',(1.,0.));
#3755 = ( GEOMETRIC_REPRESENTATION_CONTEXT(2) 
PARAMETRIC_REPRESENTATION_CONTEXT() REPRESENTATION_CONTEXT('2D SPACE',''
  ) );
#3756 = ADVANCED_FACE('',(#3757),#3516,.T.);
#3757 = FACE_BOUND('',#3758,.T.);
#3758 = EDGE_LOOP('',(#3759,#3760,#3781,#3782));
#3759 = ORIENTED_EDGE('',*,*,#3713,.T.);
#3760 = ORIENTED_EDGE('',*,*,#3761,.T.);
#3761 = EDGE_CURVE('',#3691,#3496,#3762,.T.);
#3762 = SURFACE_CURVE('',#3763,(#3767,#3774),.PCURVE_S1.);
#3763 = LINE('',#3764,#3765);
#3764 = CARTESIAN_POINT('',(145.725,30.675,8.));
#3765 = VECTOR('',#3766,1.);
#3766 = DIRECTION('',(0.,1.,0.));
#3767 = PCURVE('',#3516,#3768);
#3768 = DEFINITIONAL_REPRESENTATION('',(#3769),#3773);
#3769 = LINE('',#3770,#3771);
#3770 = CARTESIAN_POINT('',(0.,-8.));
#3771 = VECTOR('',#3772,1.);
#3772 = DIRECTION('',(1.,0.));
#3773 = ( GEOMETRIC_REPRESENTATION_CONTEXT(2) 
PARAMETRIC_REPRESENTATION_CONTEXT() REPRESENTATION_CONTEXT('2D SPACE',''
  ) );
#3774 = PCURVE('',#3544,#3775);
#3775 = DEFINITIONAL_REPRESENTATION('',(#3776),#3780);
#3776 = LINE('',#3777,#3778);
#3777 = CARTESIAN_POINT('',(5.,-7.5));
#3778 = VECTOR('',#3779,1.);
#3779 = DIRECTION('',(0.,1.));
#3780 = ( GEOMETRIC_REPRESENTATION_CONTEXT(2) 
PARAMETRIC_REPRESENTATION_CONTEXT() REPRESENTATION_CONTEXT('2D SPACE',''
  ) );
#3781 = ORIENTED_EDGE('',*,*,#3493,.F.);
#3782 = ORIENTED_EDGE('',*,*,#3783,.F.);
#3783 = EDGE_CURVE('',#3714,#3494,#3784,.T.);
#3784 = SURFACE_CURVE('',#3785,(#3789,#3796),.PCURVE_S1.);
#3785 = LINE('',#3786,#3787);
#3786 = CARTESIAN_POINT('',(145.725,30.675,0.));
#3787 = VECTOR('',#3788,1.);
#3788 = DIRECTION('',(0.,1.,0.));
#3789 = PCURVE('',#3516,#3790);
#3790 = DEFINITIONAL_REPRESENTATION('',(#3791),#3795);
#3791 = LINE('',#3792,#3793);
#3792 = CARTESIAN_POINT('',(0.,0.));
#3793 = VECTOR('',#3794,1.);
#3794 = DIRECTION('',(1.,0.));
#3795 = ( GEOMETRIC_REPRESENTATION_CONTEXT(2) 
PARAMETRIC_REPRESENTATION_CONTEXT() REPRESENTATION_CONTEXT('2D SPACE',''
  ) );
#3796 = PCURVE('',#3598,#3797);
#3797 = DEFINITIONAL_REPRESENTATION('',(#3798),#3802);
#3798 = LINE('',#3799,#3800);
#3799 = CARTESIAN_POINT('',(5.,-7.5));
#3800 = VECTOR('',#3801,1.);
#3801 = DIRECTION('',(0.,1.));
#3802 = ( GEOMETRIC_REPRESENTATION_CONTEXT(2) 
PARAMETRIC_REPRESENTATION_CONTEXT() REPRESENTATION_CONTEXT('2D SPACE',''
  ) );
#3803 = ADVANCED_FACE('',(#3804),#3598,.T.);
#3804 = FACE_BOUND('',#3805,.T.);
#3805 = EDGE_LOOP('',(#3806,#3807,#3808,#3809));
#3806 = ORIENTED_EDGE('',*,*,#3584,.T.);
#3807 = ORIENTED_EDGE('',*,*,#3665,.T.);
#3808 = ORIENTED_EDGE('',*,*,#3736,.T.);
#3809 = ORIENTED_EDGE('',*,*,#3783,.T.);
#3810 = ADVANCED_FACE('',(#3811),#3544,.F.);
#3811 = FACE_BOUND('',#3812,.F.);
#3812 = EDGE_LOOP('',(#3813,#3814,#3815,#3816));
#3813 = ORIENTED_EDGE('',*,*,#3528,.T.);
#3814 = ORIENTED_EDGE('',*,*,#3614,.T.);
#3815 = ORIENTED_EDGE('',*,*,#3690,.T.);
#3816 = ORIENTED_EDGE('',*,*,#3761,.T.);
#3817 = ( GEOMETRIC_REPRESENTATION_CONTEXT(3) 
GLOBAL_UNCERTAINTY_ASSIGNED_CONTEXT((#3821)) 
GLOBAL_UNIT_ASSIGNED_CONTEXT((#3818,#3819,#3820)) REPRESENTATION_CONTEXT
('Context #1','3D Context with UNIT and UNCERTAINTY') );
#3818 = ( LENGTH_UNIT() NAMED_UNIT(*) SI_UNIT(.MILLI.,.METRE.) );
#3819 = ( NAMED_UNIT(*) PLANE_ANGLE_UNIT() SI_UNIT($,.RADIAN.) );
#3820 = ( NAMED_UNIT(*) SI_UNIT($,.STERADIAN.) SOLID_ANGLE_UNIT() );
#3821 = UNCERTAINTY_MEASURE_WITH_UNIT(LENGTH_MEASURE(1.E-07),#3818,
  'distance_accuracy_value','confusion accuracy');
#3822 = CONTEXT_DEPENDENT_SHAPE_REPRESENTATION(#3823,#3825);
#3823 = ( REPRESENTATION_RELATIONSHIP('','',#3486,#10) 
REPRESENTATION_RELATIONSHIP_WITH_TRANSFORMATION(#3824) 
SHAPE_REPRESENTATION_RELATIONSHIP() );
#3824 = ITEM_DEFINED_TRANSFORMATION('','',#11,#47);
#3825 = PRODUCT_DEFINITION_SHAPE('Placement','Placement of an item',
  #3826);
#3826 = NEXT_ASSEMBLY_USAGE_OCCURRENCE('109','part_0021__01','',#5,#3481
  ,$);
#3827 = PRODUCT_RELATED_PRODUCT_CATEGORY('part',$,(#3483));
#3828 = SHAPE_DEFINITION_REPRESENTATION(#3829,#3835);
#3829 = PRODUCT_DEFINITION_SHAPE('','',#3830);
#3830 = PRODUCT_DEFINITION('design','',#3831,#3834);
#3831 = PRODUCT_DEFINITION_FORMATION('','',#3832);
#3832 = PRODUCT('part_0021__02','part_0021__02','',(#3833));
#3833 = PRODUCT_CONTEXT('',#2,'mechanical');
#3834 = PRODUCT_DEFINITION_CONTEXT('part definition',#2,'design');
#3835 = ADVANCED_BREP_SHAPE_REPRESENTATION('',(#11,#3836),#4166);
#3836 = MANIFOLD_SOLID_BREP('',#3837);
#3837 = CLOSED_SHELL('',(#3838,#3958,#4034,#4105,#4152,#4159));
#3838 = ADVANCED_FACE('',(#3839),#3853,.T.);
#3839 = FACE_BOUND('',#3840,.T.);
#3840 = EDGE_LOOP('',(#3841,#3876,#3904,#3932));
#3841 = ORIENTED_EDGE('',*,*,#3842,.T.);
#3842 = EDGE_CURVE('',#3843,#3845,#3847,.T.);
#3843 = VERTEX_POINT('',#3844);
#3844 = CARTESIAN_POINT('',(159.725,45.675,0.));
#3845 = VERTEX_POINT('',#3846);
#3846 = CARTESIAN_POINT('',(159.725,45.675,8.));
#3847 = SURFACE_CURVE('',#3848,(#3852,#3864),.PCURVE_S1.);
#3848 = LINE('',#3849,#3850);
#3849 = CARTESIAN_POINT('',(159.725,45.675,0.));
#3850 = VECTOR('',#3851,1.);
#3851 = DIRECTION('',(0.,0.,1.));
#3852 = PCURVE('',#3853,#3858);
#3853 = PLANE('',#3854);
#3854 = AXIS2_PLACEMENT_3D('',#3855,#3856,#3857);
#3855 = CARTESIAN_POINT('',(159.725,45.675,0.));
#3856 = DIRECTION('',(0.,1.,0.));
#3857 = DIRECTION('',(1.,0.,0.));
#3858 = DEFINITIONAL_REPRESENTATION('',(#3859),#3863);
#3859 = LINE('',#3860,#3861);
#3860 = CARTESIAN_POINT('',(0.,0.));
#3861 = VECTOR('',#3862,1.);
#3862 = DIRECTION('',(0.,-1.));
#3863 = ( GEOMETRIC_REPRESENTATION_CONTEXT(2) 
PARAMETRIC_REPRESENTATION_CONTEXT() REPRESENTATION_CONTEXT('2D SPACE',''
  ) );
#3864 = PCURVE('',#3865,#3870);
#3865 = PLANE('',#3866);
#3866 = AXIS2_PLACEMENT_3D('',#3867,#3868,#3869);
#3867 = CARTESIAN_POINT('',(159.725,30.675,0.));
#3868 = DIRECTION('',(-1.,0.,0.));
#3869 = DIRECTION('',(0.,1.,0.));
#3870 = DEFINITIONAL_REPRESENTATION('',(#3871),#3875);
#3871 = LINE('',#3872,#3873);
#3872 = CARTESIAN_POINT('',(15.,0.));
#3873 = VECTOR('',#3874,1.);
#3874 = DIRECTION('',(0.,-1.));
#3875 = ( GEOMETRIC_REPRESENTATION_CONTEXT(2) 
PARAMETRIC_REPRESENTATION_CONTEXT() REPRESENTATION_CONTEXT('2D SPACE',''
  ) );
#3876 = ORIENTED_EDGE('',*,*,#3877,.T.);
#3877 = EDGE_CURVE('',#3845,#3878,#3880,.T.);
#3878 = VERTEX_POINT('',#3879);
#3879 = CARTESIAN_POINT('',(169.725,45.675,8.));
#3880 = SURFACE_CURVE('',#3881,(#3885,#3892),.PCURVE_S1.);
#3881 = LINE('',#3882,#3883);
#3882 = CARTESIAN_POINT('',(159.725,45.675,8.));
#3883 = VECTOR('',#3884,1.);
#3884 = DIRECTION('',(1.,0.,0.));
#3885 = PCURVE('',#3853,#3886);
#3886 = DEFINITIONAL_REPRESENTATION('',(#3887),#3891);
#3887 = LINE('',#3888,#3889);
#3888 = CARTESIAN_POINT('',(0.,-8.));
#3889 = VECTOR('',#3890,1.);
#3890 = DIRECTION('',(1.,0.));
#3891 = ( GEOMETRIC_REPRESENTATION_CONTEXT(2) 
PARAMETRIC_REPRESENTATION_CONTEXT() REPRESENTATION_CONTEXT('2D SPACE',''
  ) );
#3892 = PCURVE('',#3893,#3898);
#3893 = PLANE('',#3894);
#3894 = AXIS2_PLACEMENT_3D('',#3895,#3896,#3897);
#3895 = CARTESIAN_POINT('',(164.725,38.175,8.));
#3896 = DIRECTION('',(-0.,-0.,-1.));
#3897 = DIRECTION('',(-1.,0.,0.));
#3898 = DEFINITIONAL_REPRESENTATION('',(#3899),#3903);
#3899 = LINE('',#3900,#3901);
#3900 = CARTESIAN_POINT('',(5.,7.5));
#3901 = VECTOR('',#3902,1.);
#3902 = DIRECTION('',(-1.,0.));
#3903 = ( GEOMETRIC_REPRESENTATION_CONTEXT(2) 
PARAMETRIC_REPRESENTATION_CONTEXT() REPRESENTATION_CONTEXT('2D SPACE',''
  ) );
#3904 = ORIENTED_EDGE('',*,*,#3905,.F.);
#3905 = EDGE_CURVE('',#3906,#3878,#3908,.T.);
#3906 = VERTEX_POINT('',#3907);
#3907 = CARTESIAN_POINT('',(169.725,45.675,0.));
#3908 = SURFACE_CURVE('',#3909,(#3913,#3920),.PCURVE_S1.);
#3909 = LINE('',#3910,#3911);
#3910 = CARTESIAN_POINT('',(169.725,45.675,0.));
#3911 = VECTOR('',#3912,1.);
#3912 = DIRECTION('',(0.,0.,1.));
#3913 = PCURVE('',#3853,#3914);
#3914 = DEFINITIONAL_REPRESENTATION('',(#3915),#3919);
#3915 = LINE('',#3916,#3917);
#3916 = CARTESIAN_POINT('',(10.,0.));
#3917 = VECTOR('',#3918,1.);
#3918 = DIRECTION('',(0.,-1.));
#3919 = ( GEOMETRIC_REPRESENTATION_CONTEXT(2) 
PARAMETRIC_REPRESENTATION_CONTEXT() REPRESENTATION_CONTEXT('2D SPACE',''
  ) );
#3920 = PCURVE('',#3921,#3926);
#3921 = PLANE('',#3922);
#3922 = AXIS2_PLACEMENT_3D('',#3923,#3924,#3925);
#3923 = CARTESIAN_POINT('',(169.725,45.675,0.));
#3924 = DIRECTION('',(1.,0.,-0.));
#3925 = DIRECTION('',(0.,-1.,0.));
#3926 = DEFINITIONAL_REPRESENTATION('',(#3927),#3931);
#3927 = LINE('',#3928,#3929);
#3928 = CARTESIAN_POINT('',(0.,0.));
#3929 = VECTOR('',#3930,1.);
#3930 = DIRECTION('',(0.,-1.));
#3931 = ( GEOMETRIC_REPRESENTATION_CONTEXT(2) 
PARAMETRIC_REPRESENTATION_CONTEXT() REPRESENTATION_CONTEXT('2D SPACE',''
  ) );
#3932 = ORIENTED_EDGE('',*,*,#3933,.F.);
#3933 = EDGE_CURVE('',#3843,#3906,#3934,.T.);
#3934 = SURFACE_CURVE('',#3935,(#3939,#3946),.PCURVE_S1.);
#3935 = LINE('',#3936,#3937);
#3936 = CARTESIAN_POINT('',(159.725,45.675,0.));
#3937 = VECTOR('',#3938,1.);
#3938 = DIRECTION('',(1.,0.,0.));
#3939 = PCURVE('',#3853,#3940);
#3940 = DEFINITIONAL_REPRESENTATION('',(#3941),#3945);
#3941 = LINE('',#3942,#3943);
#3942 = CARTESIAN_POINT('',(0.,0.));
#3943 = VECTOR('',#3944,1.);
#3944 = DIRECTION('',(1.,0.));
#3945 = ( GEOMETRIC_REPRESENTATION_CONTEXT(2) 
PARAMETRIC_REPRESENTATION_CONTEXT() REPRESENTATION_CONTEXT('2D SPACE',''
  ) );
#3946 = PCURVE('',#3947,#3952);
#3947 = PLANE('',#3948);
#3948 = AXIS2_PLACEMENT_3D('',#3949,#3950,#3951);
#3949 = CARTESIAN_POINT('',(164.725,38.175,0.));
#3950 = DIRECTION('',(-0.,-0.,-1.));
#3951 = DIRECTION('',(-1.,0.,0.));
#3952 = DEFINITIONAL_REPRESENTATION('',(#3953),#3957);
#3953 = LINE('',#3954,#3955);
#3954 = CARTESIAN_POINT('',(5.,7.5));
#3955 = VECTOR('',#3956,1.);
#3956 = DIRECTION('',(-1.,0.));
#3957 = ( GEOMETRIC_REPRESENTATION_CONTEXT(2) 
PARAMETRIC_REPRESENTATION_CONTEXT() REPRESENTATION_CONTEXT('2D SPACE',''
  ) );
#3958 = ADVANCED_FACE('',(#3959),#3921,.T.);
#3959 = FACE_BOUND('',#3960,.T.);
#3960 = EDGE_LOOP('',(#3961,#3962,#3985,#4013));
#3961 = ORIENTED_EDGE('',*,*,#3905,.T.);
#3962 = ORIENTED_EDGE('',*,*,#3963,.T.);
#3963 = EDGE_CURVE('',#3878,#3964,#3966,.T.);
#3964 = VERTEX_POINT('',#3965);
#3965 = CARTESIAN_POINT('',(169.725,30.675,8.));
#3966 = SURFACE_CURVE('',#3967,(#3971,#3978),.PCURVE_S1.);
#3967 = LINE('',#3968,#3969);
#3968 = CARTESIAN_POINT('',(169.725,45.675,8.));
#3969 = VECTOR('',#3970,1.);
#3970 = DIRECTION('',(0.,-1.,0.));
#3971 = PCURVE('',#3921,#3972);
#3972 = DEFINITIONAL_REPRESENTATION('',(#3973),#3977);
#3973 = LINE('',#3974,#3975);
#3974 = CARTESIAN_POINT('',(0.,-8.));
#3975 = VECTOR('',#3976,1.);
#3976 = DIRECTION('',(1.,0.));
#3977 = ( GEOMETRIC_REPRESENTATION_CONTEXT(2) 
PARAMETRIC_REPRESENTATION_CONTEXT() REPRESENTATION_CONTEXT('2D SPACE',''
  ) );
#3978 = PCURVE('',#3893,#3979);
#3979 = DEFINITIONAL_REPRESENTATION('',(#3980),#3984);
#3980 = LINE('',#3981,#3982);
#3981 = CARTESIAN_POINT('',(-5.,7.5));
#3982 = VECTOR('',#3983,1.);
#3983 = DIRECTION('',(0.,-1.));
#3984 = ( GEOMETRIC_REPRESENTATION_CONTEXT(2) 
PARAMETRIC_REPRESENTATION_CONTEXT() REPRESENTATION_CONTEXT('2D SPACE',''
  ) );
#3985 = ORIENTED_EDGE('',*,*,#3986,.F.);
#3986 = EDGE_CURVE('',#3987,#3964,#3989,.T.);
#3987 = VERTEX_POINT('',#3988);
#3988 = CARTESIAN_POINT('',(169.725,30.675,0.));
#3989 = SURFACE_CURVE('',#3990,(#3994,#4001),.PCURVE_S1.);
#3990 = LINE('',#3991,#3992);
#3991 = CARTESIAN_POINT('',(169.725,30.675,0.));
#3992 = VECTOR('',#3993,1.);
#3993 = DIRECTION('',(0.,0.,1.));
#3994 = PCURVE('',#3921,#3995);
#3995 = DEFINITIONAL_REPRESENTATION('',(#3996),#4000);
#3996 = LINE('',#3997,#3998);
#3997 = CARTESIAN_POINT('',(15.,0.));
#3998 = VECTOR('',#3999,1.);
#3999 = DIRECTION('',(0.,-1.));
#4000 = ( GEOMETRIC_REPRESENTATION_CONTEXT(2) 
PARAMETRIC_REPRESENTATION_CONTEXT() REPRESENTATION_CONTEXT('2D SPACE',''
  ) );
#4001 = PCURVE('',#4002,#4007);
#4002 = PLANE('',#4003);
#4003 = AXIS2_PLACEMENT_3D('',#4004,#4005,#4006);
#4004 = CARTESIAN_POINT('',(169.725,30.675,0.));
#4005 = DIRECTION('',(0.,-1.,0.));
#4006 = DIRECTION('',(-1.,0.,0.));
#4007 = DEFINITIONAL_REPRESENTATION('',(#4008),#4012);
#4008 = LINE('',#4009,#4010);
#4009 = CARTESIAN_POINT('',(0.,-0.));
#4010 = VECTOR('',#4011,1.);
#4011 = DIRECTION('',(0.,-1.));
#4012 = ( GEOMETRIC_REPRESENTATION_CONTEXT(2) 
PARAMETRIC_REPRESENTATION_CONTEXT() REPRESENTATION_CONTEXT('2D SPACE',''
  ) );
#4013 = ORIENTED_EDGE('',*,*,#4014,.F.);
#4014 = EDGE_CURVE('',#3906,#3987,#4015,.T.);
#4015 = SURFACE_CURVE('',#4016,(#4020,#4027),.PCURVE_S1.);
#4016 = LINE('',#4017,#4018);
#4017 = CARTESIAN_POINT('',(169.725,45.675,0.));
#4018 = VECTOR('',#4019,1.);
#4019 = DIRECTION('',(0.,-1.,0.));
#4020 = PCURVE('',#3921,#4021);
#4021 = DEFINITIONAL_REPRESENTATION('',(#4022),#4026);
#4022 = LINE('',#4023,#4024);
#4023 = CARTESIAN_POINT('',(0.,0.));
#4024 = VECTOR('',#4025,1.);
#4025 = DIRECTION('',(1.,0.));
#4026 = ( GEOMETRIC_REPRESENTATION_CONTEXT(2) 
PARAMETRIC_REPRESENTATION_CONTEXT() REPRESENTATION_CONTEXT('2D SPACE',''
  ) );
#4027 = PCURVE('',#3947,#4028);
#4028 = DEFINITIONAL_REPRESENTATION('',(#4029),#4033);
#4029 = LINE('',#4030,#4031);
#4030 = CARTESIAN_POINT('',(-5.,7.5));
#4031 = VECTOR('',#4032,1.);
#4032 = DIRECTION('',(0.,-1.));
#4033 = ( GEOMETRIC_REPRESENTATION_CONTEXT(2) 
PARAMETRIC_REPRESENTATION_CONTEXT() REPRESENTATION_CONTEXT('2D SPACE',''
  ) );
#4034 = ADVANCED_FACE('',(#4035),#4002,.T.);
#4035 = FACE_BOUND('',#4036,.T.);
#4036 = EDGE_LOOP('',(#4037,#4038,#4061,#4084));
#4037 = ORIENTED_EDGE('',*,*,#3986,.T.);
#4038 = ORIENTED_EDGE('',*,*,#4039,.T.);
#4039 = EDGE_CURVE('',#3964,#4040,#4042,.T.);
#4040 = VERTEX_POINT('',#4041);
#4041 = CARTESIAN_POINT('',(159.725,30.675,8.));
#4042 = SURFACE_CURVE('',#4043,(#4047,#4054),.PCURVE_S1.);
#4043 = LINE('',#4044,#4045);
#4044 = CARTESIAN_POINT('',(169.725,30.675,8.));
#4045 = VECTOR('',#4046,1.);
#4046 = DIRECTION('',(-1.,0.,0.));
#4047 = PCURVE('',#4002,#4048);
#4048 = DEFINITIONAL_REPRESENTATION('',(#4049),#4053);
#4049 = LINE('',#4050,#4051);
#4050 = CARTESIAN_POINT('',(0.,-8.));
#4051 = VECTOR('',#4052,1.);
#4052 = DIRECTION('',(1.,0.));
#4053 = ( GEOMETRIC_REPRESENTATION_CONTEXT(2) 
PARAMETRIC_REPRESENTATION_CONTEXT() REPRESENTATION_CONTEXT('2D SPACE',''
  ) );
#4054 = PCURVE('',#3893,#4055);
#4055 = DEFINITIONAL_REPRESENTATION('',(#4056),#4060);
#4056 = LINE('',#4057,#4058);
#4057 = CARTESIAN_POINT('',(-5.,-7.5));
#4058 = VECTOR('',#4059,1.);
#4059 = DIRECTION('',(1.,0.));
#4060 = ( GEOMETRIC_REPRESENTATION_CONTEXT(2) 
PARAMETRIC_REPRESENTATION_CONTEXT() REPRESENTATION_CONTEXT('2D SPACE',''
  ) );
#4061 = ORIENTED_EDGE('',*,*,#4062,.F.);
#4062 = EDGE_CURVE('',#4063,#4040,#4065,.T.);
#4063 = VERTEX_POINT('',#4064);
#4064 = CARTESIAN_POINT('',(159.725,30.675,0.));
#4065 = SURFACE_CURVE('',#4066,(#4070,#4077),.PCURVE_S1.);
#4066 = LINE('',#4067,#4068);
#4067 = CARTESIAN_POINT('',(159.725,30.675,0.));
#4068 = VECTOR('',#4069,1.);
#4069 = DIRECTION('',(0.,0.,1.));
#4070 = PCURVE('',#4002,#4071);
#4071 = DEFINITIONAL_REPRESENTATION('',(#4072),#4076);
#4072 = LINE('',#4073,#4074);
#4073 = CARTESIAN_POINT('',(10.,0.));
#4074 = VECTOR('',#4075,1.);
#4075 = DIRECTION('',(0.,-1.));
#4076 = ( GEOMETRIC_REPRESENTATION_CONTEXT(2) 
PARAMETRIC_REPRESENTATION_CONTEXT() REPRESENTATION_CONTEXT('2D SPACE',''
  ) );
#4077 = PCURVE('',#3865,#4078);
#4078 = DEFINITIONAL_REPRESENTATION('',(#4079),#4083);
#4079 = LINE('',#4080,#4081);
#4080 = CARTESIAN_POINT('',(0.,0.));
#4081 = VECTOR('',#4082,1.);
#4082 = DIRECTION('',(0.,-1.));
#4083 = ( GEOMETRIC_REPRESENTATION_CONTEXT(2) 
PARAMETRIC_REPRESENTATION_CONTEXT() REPRESENTATION_CONTEXT('2D SPACE',''
  ) );
#4084 = ORIENTED_EDGE('',*,*,#4085,.F.);
#4085 = EDGE_CURVE('',#3987,#4063,#4086,.T.);
#4086 = SURFACE_CURVE('',#4087,(#4091,#4098),.PCURVE_S1.);
#4087 = LINE('',#4088,#4089);
#4088 = CARTESIAN_POINT('',(169.725,30.675,0.));
#4089 = VECTOR('',#4090,1.);
#4090 = DIRECTION('',(-1.,0.,0.));
#4091 = PCURVE('',#4002,#4092);
#4092 = DEFINITIONAL_REPRESENTATION('',(#4093),#4097);
#4093 = LINE('',#4094,#4095);
#4094 = CARTESIAN_POINT('',(0.,-0.));
#4095 = VECTOR('',#4096,1.);
#4096 = DIRECTION('',(1.,0.));
#4097 = ( GEOMETRIC_REPRESENTATION_CONTEXT(2) 
PARAMETRIC_REPRESENTATION_CONTEXT() REPRESENTATION_CONTEXT('2D SPACE',''
  ) );
#4098 = PCURVE('',#3947,#4099);
#4099 = DEFINITIONAL_REPRESENTATION('',(#4100),#4104);
#4100 = LINE('',#4101,#4102);
#4101 = CARTESIAN_POINT('',(-5.,-7.5));
#4102 = VECTOR('',#4103,1.);
#4103 = DIRECTION('',(1.,0.));
#4104 = ( GEOMETRIC_REPRESENTATION_CONTEXT(2) 
PARAMETRIC_REPRESENTATION_CONTEXT() REPRESENTATION_CONTEXT('2D SPACE',''
  ) );
#4105 = ADVANCED_FACE('',(#4106),#3865,.T.);
#4106 = FACE_BOUND('',#4107,.T.);
#4107 = EDGE_LOOP('',(#4108,#4109,#4130,#4131));
#4108 = ORIENTED_EDGE('',*,*,#4062,.T.);
#4109 = ORIENTED_EDGE('',*,*,#4110,.T.);
#4110 = EDGE_CURVE('',#4040,#3845,#4111,.T.);
#4111 = SURFACE_CURVE('',#4112,(#4116,#4123),.PCURVE_S1.);
#4112 = LINE('',#4113,#4114);
#4113 = CARTESIAN_POINT('',(159.725,30.675,8.));
#4114 = VECTOR('',#4115,1.);
#4115 = DIRECTION('',(0.,1.,0.));
#4116 = PCURVE('',#3865,#4117);
#4117 = DEFINITIONAL_REPRESENTATION('',(#4118),#4122);
#4118 = LINE('',#4119,#4120);
#4119 = CARTESIAN_POINT('',(0.,-8.));
#4120 = VECTOR('',#4121,1.);
#4121 = DIRECTION('',(1.,0.));
#4122 = ( GEOMETRIC_REPRESENTATION_CONTEXT(2) 
PARAMETRIC_REPRESENTATION_CONTEXT() REPRESENTATION_CONTEXT('2D SPACE',''
  ) );
#4123 = PCURVE('',#3893,#4124);
#4124 = DEFINITIONAL_REPRESENTATION('',(#4125),#4129);
#4125 = LINE('',#4126,#4127);
#4126 = CARTESIAN_POINT('',(5.,-7.5));
#4127 = VECTOR('',#4128,1.);
#4128 = DIRECTION('',(0.,1.));
#4129 = ( GEOMETRIC_REPRESENTATION_CONTEXT(2) 
PARAMETRIC_REPRESENTATION_CONTEXT() REPRESENTATION_CONTEXT('2D SPACE',''
  ) );
#4130 = ORIENTED_EDGE('',*,*,#3842,.F.);
#4131 = ORIENTED_EDGE('',*,*,#4132,.F.);
#4132 = EDGE_CURVE('',#4063,#3843,#4133,.T.);
#4133 = SURFACE_CURVE('',#4134,(#4138,#4145),.PCURVE_S1.);
#4134 = LINE('',#4135,#4136);
#4135 = CARTESIAN_POINT('',(159.725,30.675,0.));
#4136 = VECTOR('',#4137,1.);
#4137 = DIRECTION('',(0.,1.,0.));
#4138 = PCURVE('',#3865,#4139);
#4139 = DEFINITIONAL_REPRESENTATION('',(#4140),#4144);
#4140 = LINE('',#4141,#4142);
#4141 = CARTESIAN_POINT('',(0.,0.));
#4142 = VECTOR('',#4143,1.);
#4143 = DIRECTION('',(1.,0.));
#4144 = ( GEOMETRIC_REPRESENTATION_CONTEXT(2) 
PARAMETRIC_REPRESENTATION_CONTEXT() REPRESENTATION_CONTEXT('2D SPACE',''
  ) );
#4145 = PCURVE('',#3947,#4146);
#4146 = DEFINITIONAL_REPRESENTATION('',(#4147),#4151);
#4147 = LINE('',#4148,#4149);
#4148 = CARTESIAN_POINT('',(5.,-7.5));
#4149 = VECTOR('',#4150,1.);
#4150 = DIRECTION('',(0.,1.));
#4151 = ( GEOMETRIC_REPRESENTATION_CONTEXT(2) 
PARAMETRIC_REPRESENTATION_CONTEXT() REPRESENTATION_CONTEXT('2D SPACE',''
  ) );
#4152 = ADVANCED_FACE('',(#4153),#3947,.T.);
#4153 = FACE_BOUND('',#4154,.T.);
#4154 = EDGE_LOOP('',(#4155,#4156,#4157,#4158));
#4155 = ORIENTED_EDGE('',*,*,#3933,.T.);
#4156 = ORIENTED_EDGE('',*,*,#4014,.T.);
#4157 = ORIENTED_EDGE('',*,*,#4085,.T.);
#4158 = ORIENTED_EDGE('',*,*,#4132,.T.);
#4159 = ADVANCED_FACE('',(#4160),#3893,.F.);
#4160 = FACE_BOUND('',#4161,.F.);
#4161 = EDGE_LOOP('',(#4162,#4163,#4164,#4165));
#4162 = ORIENTED_EDGE('',*,*,#3877,.T.);
#4163 = ORIENTED_EDGE('',*,*,#3963,.T.);
#4164 = ORIENTED_EDGE('',*,*,#4039,.T.);
#4165 = ORIENTED_EDGE('',*,*,#4110,.T.);
#4166 = ( GEOMETRIC_REPRESENTATION_CONTEXT(3) 
GLOBAL_UNCERTAINTY_ASSIGNED_CONTEXT((#4170)) 
GLOBAL_UNIT_ASSIGNED_CONTEXT((#4167,#4168,#4169)) REPRESENTATION_CONTEXT
('Context #1','3D Context with UNIT and UNCERTAINTY') );
#4167 = ( LENGTH_UNIT() NAMED_UNIT(*) SI_UNIT(.MILLI.,.METRE.) );
#4168 = ( NAMED_UNIT(*) PLANE_ANGLE_UNIT() SI_UNIT($,.RADIAN.) );
#4169 = ( NAMED_UNIT(*) SI_UNIT($,.STERADIAN.) SOLID_ANGLE_UNIT() );
#4170 = UNCERTAINTY_MEASURE_WITH_UNIT(LENGTH_MEASURE(1.E-07),#4167,
  'distance_accuracy_value','confusion accuracy');
#4171 = CONTEXT_DEPENDENT_SHAPE_REPRESENTATION(#4172,#4174);
#4172 = ( REPRESENTATION_RELATIONSHIP('','',#3835,#10) 
REPRESENTATION_RELATIONSHIP_WITH_TRANSFORMATION(#4173) 
SHAPE_REPRESENTATION_RELATIONSHIP() );
#4173 = ITEM_DEFINED_TRANSFORMATION('','',#11,#51);
#4174 = PRODUCT_DEFINITION_SHAPE('Placement','Placement of an item',
  #4175);
#4175 = NEXT_ASSEMBLY_USAGE_OCCURRENCE('110','part_0021__02','',#5,#3830
  ,$);
#4176 = PRODUCT_RELATED_PRODUCT_CATEGORY('part',$,(#3832));
#4177 = SHAPE_DEFINITION_REPRESENTATION(#4178,#4184);
#4178 = PRODUCT_DEFINITION_SHAPE('','',#4179);
#4179 = PRODUCT_DEFINITION('design','',#4180,#4183);
#4180 = PRODUCT_DEFINITION_FORMATION('','',#4181);
#4181 = PRODUCT('part_0021__03','part_0021__03','',(#4182));
#4182 = PRODUCT_CONTEXT('',#2,'mechanical');
#4183 = PRODUCT_DEFINITION_CONTEXT('part definition',#2,'design');
#4184 = ADVANCED_BREP_SHAPE_REPRESENTATION('',(#11,#4185),#4515);
#4185 = MANIFOLD_SOLID_BREP('',#4186);
#4186 = CLOSED_SHELL('',(#4187,#4307,#4383,#4454,#4501,#4508));
#4187 = ADVANCED_FACE('',(#4188),#4202,.T.);
#4188 = FACE_BOUND('',#4189,.T.);
#4189 = EDGE_LOOP('',(#4190,#4225,#4253,#4281));
#4190 = ORIENTED_EDGE('',*,*,#4191,.T.);
#4191 = EDGE_CURVE('',#4192,#4194,#4196,.T.);
#4192 = VERTEX_POINT('',#4193);
#4193 = CARTESIAN_POINT('',(0.,74.975,0.));
#4194 = VERTEX_POINT('',#4195);
#4195 = CARTESIAN_POINT('',(0.,74.975,8.));
#4196 = SURFACE_CURVE('',#4197,(#4201,#4213),.PCURVE_S1.);
#4197 = LINE('',#4198,#4199);
#4198 = CARTESIAN_POINT('',(0.,74.975,0.));
#4199 = VECTOR('',#4200,1.);
#4200 = DIRECTION('',(0.,0.,1.));
#4201 = PCURVE('',#4202,#4207);
#4202 = PLANE('',#4203);
#4203 = AXIS2_PLACEMENT_3D('',#4204,#4205,#4206);
#4204 = CARTESIAN_POINT('',(0.,74.975,0.));
#4205 = DIRECTION('',(0.,1.,0.));
#4206 = DIRECTION('',(1.,0.,0.));
#4207 = DEFINITIONAL_REPRESENTATION('',(#4208),#4212);
#4208 = LINE('',#4209,#4210);
#4209 = CARTESIAN_POINT('',(0.,0.));
#4210 = VECTOR('',#4211,1.);
#4211 = DIRECTION('',(0.,-1.));
#4212 = ( GEOMETRIC_REPRESENTATION_CONTEXT(2) 
PARAMETRIC_REPRESENTATION_CONTEXT() REPRESENTATION_CONTEXT('2D SPACE',''
  ) );
#4213 = PCURVE('',#4214,#4219);
#4214 = PLANE('',#4215);
#4215 = AXIS2_PLACEMENT_3D('',#4216,#4217,#4218);
#4216 = CARTESIAN_POINT('',(0.,59.975,0.));
#4217 = DIRECTION('',(-1.,0.,0.));
#4218 = DIRECTION('',(0.,1.,0.));
#4219 = DEFINITIONAL_REPRESENTATION('',(#4220),#4224);
#4220 = LINE('',#4221,#4222);
#4221 = CARTESIAN_POINT('',(15.,0.));
#4222 = VECTOR('',#4223,1.);
#4223 = DIRECTION('',(0.,-1.));
#4224 = ( GEOMETRIC_REPRESENTATION_CONTEXT(2) 
PARAMETRIC_REPRESENTATION_CONTEXT() REPRESENTATION_CONTEXT('2D SPACE',''
  ) );
#4225 = ORIENTED_EDGE('',*,*,#4226,.T.);
#4226 = EDGE_CURVE('',#4194,#4227,#4229,.T.);
#4227 = VERTEX_POINT('',#4228);
#4228 = CARTESIAN_POINT('',(10.,74.975,8.));
#4229 = SURFACE_CURVE('',#4230,(#4234,#4241),.PCURVE_S1.);
#4230 = LINE('',#4231,#4232);
#4231 = CARTESIAN_POINT('',(0.,74.975,8.));
#4232 = VECTOR('',#4233,1.);
#4233 = DIRECTION('',(1.,0.,0.));
#4234 = PCURVE('',#4202,#4235);
#4235 = DEFINITIONAL_REPRESENTATION('',(#4236),#4240);
#4236 = LINE('',#4237,#4238);
#4237 = CARTESIAN_POINT('',(0.,-8.));
#4238 = VECTOR('',#4239,1.);
#4239 = DIRECTION('',(1.,0.));
#4240 = ( GEOMETRIC_REPRESENTATION_CONTEXT(2) 
PARAMETRIC_REPRESENTATION_CONTEXT() REPRESENTATION_CONTEXT('2D SPACE',''
  ) );
#4241 = PCURVE('',#4242,#4247);
#4242 = PLANE('',#4243);
#4243 = AXIS2_PLACEMENT_3D('',#4244,#4245,#4246);
#4244 = CARTESIAN_POINT('',(5.,67.475,8.));
#4245 = DIRECTION('',(-0.,-0.,-1.));
#4246 = DIRECTION('',(-1.,0.,0.));
#4247 = DEFINITIONAL_REPRESENTATION('',(#4248),#4252);
#4248 = LINE('',#4249,#4250);
#4249 = CARTESIAN_POINT('',(5.,7.5));
#4250 = VECTOR('',#4251,1.);
#4251 = DIRECTION('',(-1.,0.));
#4252 = ( GEOMETRIC_REPRESENTATION_CONTEXT(2) 
PARAMETRIC_REPRESENTATION_CONTEXT() REPRESENTATION_CONTEXT('2D SPACE',''
  ) );
#4253 = ORIENTED_EDGE('',*,*,#4254,.F.);
#4254 = EDGE_CURVE('',#4255,#4227,#4257,.T.);
#4255 = VERTEX_POINT('',#4256);
#4256 = CARTESIAN_POINT('',(10.,74.975,0.));
#4257 = SURFACE_CURVE('',#4258,(#4262,#4269),.PCURVE_S1.);
#4258 = LINE('',#4259,#4260);
#4259 = CARTESIAN_POINT('',(10.,74.975,0.));
#4260 = VECTOR('',#4261,1.);
#4261 = DIRECTION('',(0.,0.,1.));
#4262 = PCURVE('',#4202,#4263);
#4263 = DEFINITIONAL_REPRESENTATION('',(#4264),#4268);
#4264 = LINE('',#4265,#4266);
#4265 = CARTESIAN_POINT('',(10.,0.));
#4266 = VECTOR('',#4267,1.);
#4267 = DIRECTION('',(0.,-1.));
#4268 = ( GEOMETRIC_REPRESENTATION_CONTEXT(2) 
PARAMETRIC_REPRESENTATION_CONTEXT() REPRESENTATION_CONTEXT('2D SPACE',''
  ) );
#4269 = PCURVE('',#4270,#4275);
#4270 = PLANE('',#4271);
#4271 = AXIS2_PLACEMENT_3D('',#4272,#4273,#4274);
#4272 = CARTESIAN_POINT('',(10.,74.975,0.));
#4273 = DIRECTION('',(1.,0.,-0.));
#4274 = DIRECTION('',(0.,-1.,0.));
#4275 = DEFINITIONAL_REPRESENTATION('',(#4276),#4280);
#4276 = LINE('',#4277,#4278);
#4277 = CARTESIAN_POINT('',(0.,0.));
#4278 = VECTOR('',#4279,1.);
#4279 = DIRECTION('',(0.,-1.));
#4280 = ( GEOMETRIC_REPRESENTATION_CONTEXT(2) 
PARAMETRIC_REPRESENTATION_CONTEXT() REPRESENTATION_CONTEXT('2D SPACE',''
  ) );
#4281 = ORIENTED_EDGE('',*,*,#4282,.F.);
#4282 = EDGE_CURVE('',#4192,#4255,#4283,.T.);
#4283 = SURFACE_CURVE('',#4284,(#4288,#4295),.PCURVE_S1.);
#4284 = LINE('',#4285,#4286);
#4285 = CARTESIAN_POINT('',(0.,74.975,0.));
#4286 = VECTOR('',#4287,1.);
#4287 = DIRECTION('',(1.,0.,0.));
#4288 = PCURVE('',#4202,#4289);
#4289 = DEFINITIONAL_REPRESENTATION('',(#4290),#4294);
#4290 = LINE('',#4291,#4292);
#4291 = CARTESIAN_POINT('',(0.,0.));
#4292 = VECTOR('',#4293,1.);
#4293 = DIRECTION('',(1.,0.));
#4294 = ( GEOMETRIC_REPRESENTATION_CONTEXT(2) 
PARAMETRIC_REPRESENTATION_CONTEXT() REPRESENTATION_CONTEXT('2D SPACE',''
  ) );
#4295 = PCURVE('',#4296,#4301);
#4296 = PLANE('',#4297);
#4297 = AXIS2_PLACEMENT_3D('',#4298,#4299,#4300);
#4298 = CARTESIAN_POINT('',(5.,67.475,0.));
#4299 = DIRECTION('',(-0.,-0.,-1.));
#4300 = DIRECTION('',(-1.,0.,0.));
#4301 = DEFINITIONAL_REPRESENTATION('',(#4302),#4306);
#4302 = LINE('',#4303,#4304);
#4303 = CARTESIAN_POINT('',(5.,7.5));
#4304 = VECTOR('',#4305,1.);
#4305 = DIRECTION('',(-1.,0.));
#4306 = ( GEOMETRIC_REPRESENTATION_CONTEXT(2) 
PARAMETRIC_REPRESENTATION_CONTEXT() REPRESENTATION_CONTEXT('2D SPACE',''
  ) );
#4307 = ADVANCED_FACE('',(#4308),#4270,.T.);
#4308 = FACE_BOUND('',#4309,.T.);
#4309 = EDGE_LOOP('',(#4310,#4311,#4334,#4362));
#4310 = ORIENTED_EDGE('',*,*,#4254,.T.);
#4311 = ORIENTED_EDGE('',*,*,#4312,.T.);
#4312 = EDGE_CURVE('',#4227,#4313,#4315,.T.);
#4313 = VERTEX_POINT('',#4314);
#4314 = CARTESIAN_POINT('',(10.,59.975,8.));
#4315 = SURFACE_CURVE('',#4316,(#4320,#4327),.PCURVE_S1.);
#4316 = LINE('',#4317,#4318);
#4317 = CARTESIAN_POINT('',(10.,74.975,8.));
#4318 = VECTOR('',#4319,1.);
#4319 = DIRECTION('',(0.,-1.,0.));
#4320 = PCURVE('',#4270,#4321);
#4321 = DEFINITIONAL_REPRESENTATION('',(#4322),#4326);
#4322 = LINE('',#4323,#4324);
#4323 = CARTESIAN_POINT('',(0.,-8.));
#4324 = VECTOR('',#4325,1.);
#4325 = DIRECTION('',(1.,0.));
#4326 = ( GEOMETRIC_REPRESENTATION_CONTEXT(2) 
PARAMETRIC_REPRESENTATION_CONTEXT() REPRESENTATION_CONTEXT('2D SPACE',''
  ) );
#4327 = PCURVE('',#4242,#4328);
#4328 = DEFINITIONAL_REPRESENTATION('',(#4329),#4333);
#4329 = LINE('',#4330,#4331);
#4330 = CARTESIAN_POINT('',(-5.,7.5));
#4331 = VECTOR('',#4332,1.);
#4332 = DIRECTION('',(0.,-1.));
#4333 = ( GEOMETRIC_REPRESENTATION_CONTEXT(2) 
PARAMETRIC_REPRESENTATION_CONTEXT() REPRESENTATION_CONTEXT('2D SPACE',''
  ) );
#4334 = ORIENTED_EDGE('',*,*,#4335,.F.);
#4335 = EDGE_CURVE('',#4336,#4313,#4338,.T.);
#4336 = VERTEX_POINT('',#4337);
#4337 = CARTESIAN_POINT('',(10.,59.975,0.));
#4338 = SURFACE_CURVE('',#4339,(#4343,#4350),.PCURVE_S1.);
#4339 = LINE('',#4340,#4341);
#4340 = CARTESIAN_POINT('',(10.,59.975,0.));
#4341 = VECTOR('',#4342,1.);
#4342 = DIRECTION('',(0.,0.,1.));
#4343 = PCURVE('',#4270,#4344);
#4344 = DEFINITIONAL_REPRESENTATION('',(#4345),#4349);
#4345 = LINE('',#4346,#4347);
#4346 = CARTESIAN_POINT('',(15.,0.));
#4347 = VECTOR('',#4348,1.);
#4348 = DIRECTION('',(0.,-1.));
#4349 = ( GEOMETRIC_REPRESENTATION_CONTEXT(2) 
PARAMETRIC_REPRESENTATION_CONTEXT() REPRESENTATION_CONTEXT('2D SPACE',''
  ) );
#4350 = PCURVE('',#4351,#4356);
#4351 = PLANE('',#4352);
#4352 = AXIS2_PLACEMENT_3D('',#4353,#4354,#4355);
#4353 = CARTESIAN_POINT('',(10.,59.975,0.));
#4354 = DIRECTION('',(0.,-1.,0.));
#4355 = DIRECTION('',(-1.,0.,0.));
#4356 = DEFINITIONAL_REPRESENTATION('',(#4357),#4361);
#4357 = LINE('',#4358,#4359);
#4358 = CARTESIAN_POINT('',(0.,-0.));
#4359 = VECTOR('',#4360,1.);
#4360 = DIRECTION('',(0.,-1.));
#4361 = ( GEOMETRIC_REPRESENTATION_CONTEXT(2) 
PARAMETRIC_REPRESENTATION_CONTEXT() REPRESENTATION_CONTEXT('2D SPACE',''
  ) );
#4362 = ORIENTED_EDGE('',*,*,#4363,.F.);
#4363 = EDGE_CURVE('',#4255,#4336,#4364,.T.);
#4364 = SURFACE_CURVE('',#4365,(#4369,#4376),.PCURVE_S1.);
#4365 = LINE('',#4366,#4367);
#4366 = CARTESIAN_POINT('',(10.,74.975,0.));
#4367 = VECTOR('',#4368,1.);
#4368 = DIRECTION('',(0.,-1.,0.));
#4369 = PCURVE('',#4270,#4370);
#4370 = DEFINITIONAL_REPRESENTATION('',(#4371),#4375);
#4371 = LINE('',#4372,#4373);
#4372 = CARTESIAN_POINT('',(0.,0.));
#4373 = VECTOR('',#4374,1.);
#4374 = DIRECTION('',(1.,0.));
#4375 = ( GEOMETRIC_REPRESENTATION_CONTEXT(2) 
PARAMETRIC_REPRESENTATION_CONTEXT() REPRESENTATION_CONTEXT('2D SPACE',''
  ) );
#4376 = PCURVE('',#4296,#4377);
#4377 = DEFINITIONAL_REPRESENTATION('',(#4378),#4382);
#4378 = LINE('',#4379,#4380);
#4379 = CARTESIAN_POINT('',(-5.,7.5));
#4380 = VECTOR('',#4381,1.);
#4381 = DIRECTION('',(0.,-1.));
#4382 = ( GEOMETRIC_REPRESENTATION_CONTEXT(2) 
PARAMETRIC_REPRESENTATION_CONTEXT() REPRESENTATION_CONTEXT('2D SPACE',''
  ) );
#4383 = ADVANCED_FACE('',(#4384),#4351,.T.);
#4384 = FACE_BOUND('',#4385,.T.);
#4385 = EDGE_LOOP('',(#4386,#4387,#4410,#4433));
#4386 = ORIENTED_EDGE('',*,*,#4335,.T.);
#4387 = ORIENTED_EDGE('',*,*,#4388,.T.);
#4388 = EDGE_CURVE('',#4313,#4389,#4391,.T.);
#4389 = VERTEX_POINT('',#4390);
#4390 = CARTESIAN_POINT('',(0.,59.975,8.));
#4391 = SURFACE_CURVE('',#4392,(#4396,#4403),.PCURVE_S1.);
#4392 = LINE('',#4393,#4394);
#4393 = CARTESIAN_POINT('',(10.,59.975,8.));
#4394 = VECTOR('',#4395,1.);
#4395 = DIRECTION('',(-1.,0.,0.));
#4396 = PCURVE('',#4351,#4397);
#4397 = DEFINITIONAL_REPRESENTATION('',(#4398),#4402);
#4398 = LINE('',#4399,#4400);
#4399 = CARTESIAN_POINT('',(0.,-8.));
#4400 = VECTOR('',#4401,1.);
#4401 = DIRECTION('',(1.,0.));
#4402 = ( GEOMETRIC_REPRESENTATION_CONTEXT(2) 
PARAMETRIC_REPRESENTATION_CONTEXT() REPRESENTATION_CONTEXT('2D SPACE',''
  ) );
#4403 = PCURVE('',#4242,#4404);
#4404 = DEFINITIONAL_REPRESENTATION('',(#4405),#4409);
#4405 = LINE('',#4406,#4407);
#4406 = CARTESIAN_POINT('',(-5.,-7.5));
#4407 = VECTOR('',#4408,1.);
#4408 = DIRECTION('',(1.,0.));
#4409 = ( GEOMETRIC_REPRESENTATION_CONTEXT(2) 
PARAMETRIC_REPRESENTATION_CONTEXT() REPRESENTATION_CONTEXT('2D SPACE',''
  ) );
#4410 = ORIENTED_EDGE('',*,*,#4411,.F.);
#4411 = EDGE_CURVE('',#4412,#4389,#4414,.T.);
#4412 = VERTEX_POINT('',#4413);
#4413 = CARTESIAN_POINT('',(0.,59.975,0.));
#4414 = SURFACE_CURVE('',#4415,(#4419,#4426),.PCURVE_S1.);
#4415 = LINE('',#4416,#4417);
#4416 = CARTESIAN_POINT('',(0.,59.975,0.));
#4417 = VECTOR('',#4418,1.);
#4418 = DIRECTION('',(0.,0.,1.));
#4419 = PCURVE('',#4351,#4420);
#4420 = DEFINITIONAL_REPRESENTATION('',(#4421),#4425);
#4421 = LINE('',#4422,#4423);
#4422 = CARTESIAN_POINT('',(10.,0.));
#4423 = VECTOR('',#4424,1.);
#4424 = DIRECTION('',(0.,-1.));
#4425 = ( GEOMETRIC_REPRESENTATION_CONTEXT(2) 
PARAMETRIC_REPRESENTATION_CONTEXT() REPRESENTATION_CONTEXT('2D SPACE',''
  ) );
#4426 = PCURVE('',#4214,#4427);
#4427 = DEFINITIONAL_REPRESENTATION('',(#4428),#4432);
#4428 = LINE('',#4429,#4430);
#4429 = CARTESIAN_POINT('',(0.,0.));
#4430 = VECTOR('',#4431,1.);
#4431 = DIRECTION('',(0.,-1.));
#4432 = ( GEOMETRIC_REPRESENTATION_CONTEXT(2) 
PARAMETRIC_REPRESENTATION_CONTEXT() REPRESENTATION_CONTEXT('2D SPACE',''
  ) );
#4433 = ORIENTED_EDGE('',*,*,#4434,.F.);
#4434 = EDGE_CURVE('',#4336,#4412,#4435,.T.);
#4435 = SURFACE_CURVE('',#4436,(#4440,#4447),.PCURVE_S1.);
#4436 = LINE('',#4437,#4438);
#4437 = CARTESIAN_POINT('',(10.,59.975,0.));
#4438 = VECTOR('',#4439,1.);
#4439 = DIRECTION('',(-1.,0.,0.));
#4440 = PCURVE('',#4351,#4441);
#4441 = DEFINITIONAL_REPRESENTATION('',(#4442),#4446);
#4442 = LINE('',#4443,#4444);
#4443 = CARTESIAN_POINT('',(0.,-0.));
#4444 = VECTOR('',#4445,1.);
#4445 = DIRECTION('',(1.,0.));
#4446 = ( GEOMETRIC_REPRESENTATION_CONTEXT(2) 
PARAMETRIC_REPRESENTATION_CONTEXT() REPRESENTATION_CONTEXT('2D SPACE',''
  ) );
#4447 = PCURVE('',#4296,#4448);
#4448 = DEFINITIONAL_REPRESENTATION('',(#4449),#4453);
#4449 = LINE('',#4450,#4451);
#4450 = CARTESIAN_POINT('',(-5.,-7.5));
#4451 = VECTOR('',#4452,1.);
#4452 = DIRECTION('',(1.,0.));
#4453 = ( GEOMETRIC_REPRESENTATION_CONTEXT(2) 
PARAMETRIC_REPRESENTATION_CONTEXT() REPRESENTATION_CONTEXT('2D SPACE',''
  ) );
#4454 = ADVANCED_FACE('',(#4455),#4214,.T.);
#4455 = FACE_BOUND('',#4456,.T.);
#4456 = EDGE_LOOP('',(#4457,#4458,#4479,#4480));
#4457 = ORIENTED_EDGE('',*,*,#4411,.T.);
#4458 = ORIENTED_EDGE('',*,*,#4459,.T.);
#4459 = EDGE_CURVE('',#4389,#4194,#4460,.T.);
#4460 = SURFACE_CURVE('',#4461,(#4465,#4472),.PCURVE_S1.);
#4461 = LINE('',#4462,#4463);
#4462 = CARTESIAN_POINT('',(0.,59.975,8.));
#4463 = VECTOR('',#4464,1.);
#4464 = DIRECTION('',(0.,1.,0.));
#4465 = PCURVE('',#4214,#4466);
#4466 = DEFINITIONAL_REPRESENTATION('',(#4467),#4471);
#4467 = LINE('',#4468,#4469);
#4468 = CARTESIAN_POINT('',(0.,-8.));
#4469 = VECTOR('',#4470,1.);
#4470 = DIRECTION('',(1.,0.));
#4471 = ( GEOMETRIC_REPRESENTATION_CONTEXT(2) 
PARAMETRIC_REPRESENTATION_CONTEXT() REPRESENTATION_CONTEXT('2D SPACE',''
  ) );
#4472 = PCURVE('',#4242,#4473);
#4473 = DEFINITIONAL_REPRESENTATION('',(#4474),#4478);
#4474 = LINE('',#4475,#4476);
#4475 = CARTESIAN_POINT('',(5.,-7.5));
#4476 = VECTOR('',#4477,1.);
#4477 = DIRECTION('',(0.,1.));
#4478 = ( GEOMETRIC_REPRESENTATION_CONTEXT(2) 
PARAMETRIC_REPRESENTATION_CONTEXT() REPRESENTATION_CONTEXT('2D SPACE',''
  ) );
#4479 = ORIENTED_EDGE('',*,*,#4191,.F.);
#4480 = ORIENTED_EDGE('',*,*,#4481,.F.);
#4481 = EDGE_CURVE('',#4412,#4192,#4482,.T.);
#4482 = SURFACE_CURVE('',#4483,(#4487,#4494),.PCURVE_S1.);
#4483 = LINE('',#4484,#4485);
#4484 = CARTESIAN_POINT('',(0.,59.975,0.));
#4485 = VECTOR('',#4486,1.);
#4486 = DIRECTION('',(0.,1.,0.));
#4487 = PCURVE('',#4214,#4488);
#4488 = DEFINITIONAL_REPRESENTATION('',(#4489),#4493);
#4489 = LINE('',#4490,#4491);
#4490 = CARTESIAN_POINT('',(0.,0.));
#4491 = VECTOR('',#4492,1.);
#4492 = DIRECTION('',(1.,0.));
#4493 = ( GEOMETRIC_REPRESENTATION_CONTEXT(2) 
PARAMETRIC_REPRESENTATION_CONTEXT() REPRESENTATION_CONTEXT('2D SPACE',''
  ) );
#4494 = PCURVE('',#4296,#4495);
#4495 = DEFINITIONAL_REPRESENTATION('',(#4496),#4500);
#4496 = LINE('',#4497,#4498);
#4497 = CARTESIAN_POINT('',(5.,-7.5));
#4498 = VECTOR('',#4499,1.);
#4499 = DIRECTION('',(0.,1.));
#4500 = ( GEOMETRIC_REPRESENTATION_CONTEXT(2) 
PARAMETRIC_REPRESENTATION_CONTEXT() REPRESENTATION_CONTEXT('2D SPACE',''
  ) );
#4501 = ADVANCED_FACE('',(#4502),#4296,.T.);
#4502 = FACE_BOUND('',#4503,.T.);
#4503 = EDGE_LOOP('',(#4504,#4505,#4506,#4507));
#4504 = ORIENTED_EDGE('',*,*,#4282,.T.);
#4505 = ORIENTED_EDGE('',*,*,#4363,.T.);
#4506 = ORIENTED_EDGE('',*,*,#4434,.T.);
#4507 = ORIENTED_EDGE('',*,*,#4481,.T.);
#4508 = ADVANCED_FACE('',(#4509),#4242,.F.);
#4509 = FACE_BOUND('',#4510,.F.);
#4510 = EDGE_LOOP('',(#4511,#4512,#4513,#4514));
#4511 = ORIENTED_EDGE('',*,*,#4226,.T.);
#4512 = ORIENTED_EDGE('',*,*,#4312,.T.);
#4513 = ORIENTED_EDGE('',*,*,#4388,.T.);
#4514 = ORIENTED_EDGE('',*,*,#4459,.T.);
#4515 = ( GEOMETRIC_REPRESENTATION_CONTEXT(3) 
GLOBAL_UNCERTAINTY_ASSIGNED_CONTEXT((#4519)) 
GLOBAL_UNIT_ASSIGNED_CONTEXT((#4516,#4517,#4518)) REPRESENTATION_CONTEXT
('Context #1','3D Context with UNIT and UNCERTAINTY') );
#4516 = ( LENGTH_UNIT() NAMED_UNIT(*) SI_UNIT(.MILLI.,.METRE.) );
#4517 = ( NAMED_UNIT(*) PLANE_ANGLE_UNIT() SI_UNIT($,.RADIAN.) );
#4518 = ( NAMED_UNIT(*) SI_UNIT($,.STERADIAN.) SOLID_ANGLE_UNIT() );
#4519 = UNCERTAINTY_MEASURE_WITH_UNIT(LENGTH_MEASURE(1.E-07),#4516,
  'distance_accuracy_value','confusion accuracy');
#4520 = CONTEXT_DEPENDENT_SHAPE_REPRESENTATION(#4521,#4523);
#4521 = ( REPRESENTATION_RELATIONSHIP('','',#4184,#10) 
REPRESENTATION_RELATIONSHIP_WITH_TRANSFORMATION(#4522) 
SHAPE_REPRESENTATION_RELATIONSHIP() );
#4522 = ITEM_DEFINED_TRANSFORMATION('','',#11,#55);
#4523 = PRODUCT_DEFINITION_SHAPE('Placement','Placement of an item',
  #4524);
#4524 = NEXT_ASSEMBLY_USAGE_OCCURRENCE('111','part_0021__03','',#5,#4179
  ,$);
#4525 = PRODUCT_RELATED_PRODUCT_CATEGORY('part',$,(#4181));
#4526 = SHAPE_DEFINITION_REPRESENTATION(#4527,#4533);
#4527 = PRODUCT_DEFINITION_SHAPE('','',#4528);
#4528 = PRODUCT_DEFINITION('design','',#4529,#4532);
#4529 = PRODUCT_DEFINITION_FORMATION('','',#4530);
#4530 = PRODUCT('part_0021__04','part_0021__04','',(#4531));
#4531 = PRODUCT_CONTEXT('',#2,'mechanical');
#4532 = PRODUCT_DEFINITION_CONTEXT('part definition',#2,'design');
#4533 = ADVANCED_BREP_SHAPE_REPRESENTATION('',(#11,#4534),#4864);
#4534 = MANIFOLD_SOLID_BREP('',#4535);
#4535 = CLOSED_SHELL('',(#4536,#4656,#4732,#4803,#4850,#4857));
#4536 = ADVANCED_FACE('',(#4537),#4551,.T.);
#4537 = FACE_BOUND('',#4538,.T.);
#4538 = EDGE_LOOP('',(#4539,#4574,#4602,#4630));
#4539 = ORIENTED_EDGE('',*,*,#4540,.T.);
#4540 = EDGE_CURVE('',#4541,#4543,#4545,.T.);
#4541 = VERTEX_POINT('',#4542);
#4542 = CARTESIAN_POINT('',(14.,74.975,0.));
#4543 = VERTEX_POINT('',#4544);
#4544 = CARTESIAN_POINT('',(14.,74.975,8.));
#4545 = SURFACE_CURVE('',#4546,(#4550,#4562),.PCURVE_S1.);
#4546 = LINE('',#4547,#4548);
#4547 = CARTESIAN_POINT('',(14.,74.975,0.));
#4548 = VECTOR('',#4549,1.);
#4549 = DIRECTION('',(0.,0.,1.));
#4550 = PCURVE('',#4551,#4556);
#4551 = PLANE('',#4552);
#4552 = AXIS2_PLACEMENT_3D('',#4553,#4554,#4555);
#4553 = CARTESIAN_POINT('',(14.,74.975,0.));
#4554 = DIRECTION('',(0.,1.,0.));
#4555 = DIRECTION('',(1.,0.,0.));
#4556 = DEFINITIONAL_REPRESENTATION('',(#4557),#4561);
#4557 = LINE('',#4558,#4559);
#4558 = CARTESIAN_POINT('',(0.,0.));
#4559 = VECTOR('',#4560,1.);
#4560 = DIRECTION('',(0.,-1.));
#4561 = ( GEOMETRIC_REPRESENTATION_CONTEXT(2) 
PARAMETRIC_REPRESENTATION_CONTEXT() REPRESENTATION_CONTEXT('2D SPACE',''
  ) );
#4562 = PCURVE('',#4563,#4568);
#4563 = PLANE('',#4564);
#4564 = AXIS2_PLACEMENT_3D('',#4565,#4566,#4567);
#4565 = CARTESIAN_POINT('',(14.,59.975,0.));
#4566 = DIRECTION('',(-1.,0.,0.));
#4567 = DIRECTION('',(0.,1.,0.));
#4568 = DEFINITIONAL_REPRESENTATION('',(#4569),#4573);
#4569 = LINE('',#4570,#4571);
#4570 = CARTESIAN_POINT('',(15.,0.));
#4571 = VECTOR('',#4572,1.);
#4572 = DIRECTION('',(0.,-1.));
#4573 = ( GEOMETRIC_REPRESENTATION_CONTEXT(2) 
PARAMETRIC_REPRESENTATION_CONTEXT() REPRESENTATION_CONTEXT('2D SPACE',''
  ) );
#4574 = ORIENTED_EDGE('',*,*,#4575,.T.);
#4575 = EDGE_CURVE('',#4543,#4576,#4578,.T.);
#4576 = VERTEX_POINT('',#4577);
#4577 = CARTESIAN_POINT('',(24.,74.975,8.));
#4578 = SURFACE_CURVE('',#4579,(#4583,#4590),.PCURVE_S1.);
#4579 = LINE('',#4580,#4581);
#4580 = CARTESIAN_POINT('',(14.,74.975,8.));
#4581 = VECTOR('',#4582,1.);
#4582 = DIRECTION('',(1.,0.,0.));
#4583 = PCURVE('',#4551,#4584);
#4584 = DEFINITIONAL_REPRESENTATION('',(#4585),#4589);
#4585 = LINE('',#4586,#4587);
#4586 = CARTESIAN_POINT('',(0.,-8.));
#4587 = VECTOR('',#4588,1.);
#4588 = DIRECTION('',(1.,0.));
#4589 = ( GEOMETRIC_REPRESENTATION_CONTEXT(2) 
PARAMETRIC_REPRESENTATION_CONTEXT() REPRESENTATION_CONTEXT('2D SPACE',''
  ) );
#4590 = PCURVE('',#4591,#4596);
#4591 = PLANE('',#4592);
#4592 = AXIS2_PLACEMENT_3D('',#4593,#4594,#4595);
#4593 = CARTESIAN_POINT('',(19.,67.475,8.));
#4594 = DIRECTION('',(-0.,-0.,-1.));
#4595 = DIRECTION('',(-1.,0.,0.));
#4596 = DEFINITIONAL_REPRESENTATION('',(#4597),#4601);
#4597 = LINE('',#4598,#4599);
#4598 = CARTESIAN_POINT('',(5.,7.5));
#4599 = VECTOR('',#4600,1.);
#4600 = DIRECTION('',(-1.,0.));
#4601 = ( GEOMETRIC_REPRESENTATION_CONTEXT(2) 
PARAMETRIC_REPRESENTATION_CONTEXT() REPRESENTATION_CONTEXT('2D SPACE',''
  ) );
#4602 = ORIENTED_EDGE('',*,*,#4603,.F.);
#4603 = EDGE_CURVE('',#4604,#4576,#4606,.T.);
#4604 = VERTEX_POINT('',#4605);
#4605 = CARTESIAN_POINT('',(24.,74.975,0.));
#4606 = SURFACE_CURVE('',#4607,(#4611,#4618),.PCURVE_S1.);
#4607 = LINE('',#4608,#4609);
#4608 = CARTESIAN_POINT('',(24.,74.975,0.));
#4609 = VECTOR('',#4610,1.);
#4610 = DIRECTION('',(0.,0.,1.));
#4611 = PCURVE('',#4551,#4612);
#4612 = DEFINITIONAL_REPRESENTATION('',(#4613),#4617);
#4613 = LINE('',#4614,#4615);
#4614 = CARTESIAN_POINT('',(10.,0.));
#4615 = VECTOR('',#4616,1.);
#4616 = DIRECTION('',(0.,-1.));
#4617 = ( GEOMETRIC_REPRESENTATION_CONTEXT(2) 
PARAMETRIC_REPRESENTATION_CONTEXT() REPRESENTATION_CONTEXT('2D SPACE',''
  ) );
#4618 = PCURVE('',#4619,#4624);
#4619 = PLANE('',#4620);
#4620 = AXIS2_PLACEMENT_3D('',#4621,#4622,#4623);
#4621 = CARTESIAN_POINT('',(24.,74.975,0.));
#4622 = DIRECTION('',(1.,0.,-0.));
#4623 = DIRECTION('',(0.,-1.,0.));
#4624 = DEFINITIONAL_REPRESENTATION('',(#4625),#4629);
#4625 = LINE('',#4626,#4627);
#4626 = CARTESIAN_POINT('',(0.,0.));
#4627 = VECTOR('',#4628,1.);
#4628 = DIRECTION('',(0.,-1.));
#4629 = ( GEOMETRIC_REPRESENTATION_CONTEXT(2) 
PARAMETRIC_REPRESENTATION_CONTEXT() REPRESENTATION_CONTEXT('2D SPACE',''
  ) );
#4630 = ORIENTED_EDGE('',*,*,#4631,.F.);
#4631 = EDGE_CURVE('',#4541,#4604,#4632,.T.);
#4632 = SURFACE_CURVE('',#4633,(#4637,#4644),.PCURVE_S1.);
#4633 = LINE('',#4634,#4635);
#4634 = CARTESIAN_POINT('',(14.,74.975,0.));
#4635 = VECTOR('',#4636,1.);
#4636 = DIRECTION('',(1.,0.,0.));
#4637 = PCURVE('',#4551,#4638);
#4638 = DEFINITIONAL_REPRESENTATION('',(#4639),#4643);
#4639 = LINE('',#4640,#4641);
#4640 = CARTESIAN_POINT('',(0.,0.));
#4641 = VECTOR('',#4642,1.);
#4642 = DIRECTION('',(1.,0.));
#4643 = ( GEOMETRIC_REPRESENTATION_CONTEXT(2) 
PARAMETRIC_REPRESENTATION_CONTEXT() REPRESENTATION_CONTEXT('2D SPACE',''
  ) );
#4644 = PCURVE('',#4645,#4650);
#4645 = PLANE('',#4646);
#4646 = AXIS2_PLACEMENT_3D('',#4647,#4648,#4649);
#4647 = CARTESIAN_POINT('',(19.,67.475,0.));
#4648 = DIRECTION('',(-0.,-0.,-1.));
#4649 = DIRECTION('',(-1.,0.,0.));
#4650 = DEFINITIONAL_REPRESENTATION('',(#4651),#4655);
#4651 = LINE('',#4652,#4653);
#4652 = CARTESIAN_POINT('',(5.,7.5));
#4653 = VECTOR('',#4654,1.);
#4654 = DIRECTION('',(-1.,0.));
#4655 = ( GEOMETRIC_REPRESENTATION_CONTEXT(2) 
PARAMETRIC_REPRESENTATION_CONTEXT() REPRESENTATION_CONTEXT('2D SPACE',''
  ) );
#4656 = ADVANCED_FACE('',(#4657),#4619,.T.);
#4657 = FACE_BOUND('',#4658,.T.);
#4658 = EDGE_LOOP('',(#4659,#4660,#4683,#4711));
#4659 = ORIENTED_EDGE('',*,*,#4603,.T.);
#4660 = ORIENTED_EDGE('',*,*,#4661,.T.);
#4661 = EDGE_CURVE('',#4576,#4662,#4664,.T.);
#4662 = VERTEX_POINT('',#4663);
#4663 = CARTESIAN_POINT('',(24.,59.975,8.));
#4664 = SURFACE_CURVE('',#4665,(#4669,#4676),.PCURVE_S1.);
#4665 = LINE('',#4666,#4667);
#4666 = CARTESIAN_POINT('',(24.,74.975,8.));
#4667 = VECTOR('',#4668,1.);
#4668 = DIRECTION('',(0.,-1.,0.));
#4669 = PCURVE('',#4619,#4670);
#4670 = DEFINITIONAL_REPRESENTATION('',(#4671),#4675);
#4671 = LINE('',#4672,#4673);
#4672 = CARTESIAN_POINT('',(0.,-8.));
#4673 = VECTOR('',#4674,1.);
#4674 = DIRECTION('',(1.,0.));
#4675 = ( GEOMETRIC_REPRESENTATION_CONTEXT(2) 
PARAMETRIC_REPRESENTATION_CONTEXT() REPRESENTATION_CONTEXT('2D SPACE',''
  ) );
#4676 = PCURVE('',#4591,#4677);
#4677 = DEFINITIONAL_REPRESENTATION('',(#4678),#4682);
#4678 = LINE('',#4679,#4680);
#4679 = CARTESIAN_POINT('',(-5.,7.5));
#4680 = VECTOR('',#4681,1.);
#4681 = DIRECTION('',(0.,-1.));
#4682 = ( GEOMETRIC_REPRESENTATION_CONTEXT(2) 
PARAMETRIC_REPRESENTATION_CONTEXT() REPRESENTATION_CONTEXT('2D SPACE',''
  ) );
#4683 = ORIENTED_EDGE('',*,*,#4684,.F.);
#4684 = EDGE_CURVE('',#4685,#4662,#4687,.T.);
#4685 = VERTEX_POINT('',#4686);
#4686 = CARTESIAN_POINT('',(24.,59.975,0.));
#4687 = SURFACE_CURVE('',#4688,(#4692,#4699),.PCURVE_S1.);
#4688 = LINE('',#4689,#4690);
#4689 = CARTESIAN_POINT('',(24.,59.975,0.));
#4690 = VECTOR('',#4691,1.);
#4691 = DIRECTION('',(0.,0.,1.));
#4692 = PCURVE('',#4619,#4693);
#4693 = DEFINITIONAL_REPRESENTATION('',(#4694),#4698);
#4694 = LINE('',#4695,#4696);
#4695 = CARTESIAN_POINT('',(15.,0.));
#4696 = VECTOR('',#4697,1.);
#4697 = DIRECTION('',(0.,-1.));
#4698 = ( GEOMETRIC_REPRESENTATION_CONTEXT(2) 
PARAMETRIC_REPRESENTATION_CONTEXT() REPRESENTATION_CONTEXT('2D SPACE',''
  ) );
#4699 = PCURVE('',#4700,#4705);
#4700 = PLANE('',#4701);
#4701 = AXIS2_PLACEMENT_3D('',#4702,#4703,#4704);
#4702 = CARTESIAN_POINT('',(24.,59.975,0.));
#4703 = DIRECTION('',(0.,-1.,0.));
#4704 = DIRECTION('',(-1.,0.,0.));
#4705 = DEFINITIONAL_REPRESENTATION('',(#4706),#4710);
#4706 = LINE('',#4707,#4708);
#4707 = CARTESIAN_POINT('',(0.,-0.));
#4708 = VECTOR('',#4709,1.);
#4709 = DIRECTION('',(0.,-1.));
#4710 = ( GEOMETRIC_REPRESENTATION_CONTEXT(2) 
PARAMETRIC_REPRESENTATION_CONTEXT() REPRESENTATION_CONTEXT('2D SPACE',''
  ) );
#4711 = ORIENTED_EDGE('',*,*,#4712,.F.);
#4712 = EDGE_CURVE('',#4604,#4685,#4713,.T.);
#4713 = SURFACE_CURVE('',#4714,(#4718,#4725),.PCURVE_S1.);
#4714 = LINE('',#4715,#4716);
#4715 = CARTESIAN_POINT('',(24.,74.975,0.));
#4716 = VECTOR('',#4717,1.);
#4717 = DIRECTION('',(0.,-1.,0.));
#4718 = PCURVE('',#4619,#4719);
#4719 = DEFINITIONAL_REPRESENTATION('',(#4720),#4724);
#4720 = LINE('',#4721,#4722);
#4721 = CARTESIAN_POINT('',(0.,0.));
#4722 = VECTOR('',#4723,1.);
#4723 = DIRECTION('',(1.,0.));
#4724 = ( GEOMETRIC_REPRESENTATION_CONTEXT(2) 
PARAMETRIC_REPRESENTATION_CONTEXT() REPRESENTATION_CONTEXT('2D SPACE',''
  ) );
#4725 = PCURVE('',#4645,#4726);
#4726 = DEFINITIONAL_REPRESENTATION('',(#4727),#4731);
#4727 = LINE('',#4728,#4729);
#4728 = CARTESIAN_POINT('',(-5.,7.5));
#4729 = VECTOR('',#4730,1.);
#4730 = DIRECTION('',(0.,-1.));
#4731 = ( GEOMETRIC_REPRESENTATION_CONTEXT(2) 
PARAMETRIC_REPRESENTATION_CONTEXT() REPRESENTATION_CONTEXT('2D SPACE',''
  ) );
#4732 = ADVANCED_FACE('',(#4733),#4700,.T.);
#4733 = FACE_BOUND('',#4734,.T.);
#4734 = EDGE_LOOP('',(#4735,#4736,#4759,#4782));
#4735 = ORIENTED_EDGE('',*,*,#4684,.T.);
#4736 = ORIENTED_EDGE('',*,*,#4737,.T.);
#4737 = EDGE_CURVE('',#4662,#4738,#4740,.T.);
#4738 = VERTEX_POINT('',#4739);
#4739 = CARTESIAN_POINT('',(14.,59.975,8.));
#4740 = SURFACE_CURVE('',#4741,(#4745,#4752),.PCURVE_S1.);
#4741 = LINE('',#4742,#4743);
#4742 = CARTESIAN_POINT('',(24.,59.975,8.));
#4743 = VECTOR('',#4744,1.);
#4744 = DIRECTION('',(-1.,0.,0.));
#4745 = PCURVE('',#4700,#4746);
#4746 = DEFINITIONAL_REPRESENTATION('',(#4747),#4751);
#4747 = LINE('',#4748,#4749);
#4748 = CARTESIAN_POINT('',(0.,-8.));
#4749 = VECTOR('',#4750,1.);
#4750 = DIRECTION('',(1.,0.));
#4751 = ( GEOMETRIC_REPRESENTATION_CONTEXT(2) 
PARAMETRIC_REPRESENTATION_CONTEXT() REPRESENTATION_CONTEXT('2D SPACE',''
  ) );
#4752 = PCURVE('',#4591,#4753);
#4753 = DEFINITIONAL_REPRESENTATION('',(#4754),#4758);
#4754 = LINE('',#4755,#4756);
#4755 = CARTESIAN_POINT('',(-5.,-7.5));
#4756 = VECTOR('',#4757,1.);
#4757 = DIRECTION('',(1.,0.));
#4758 = ( GEOMETRIC_REPRESENTATION_CONTEXT(2) 
PARAMETRIC_REPRESENTATION_CONTEXT() REPRESENTATION_CONTEXT('2D SPACE',''
  ) );
#4759 = ORIENTED_EDGE('',*,*,#4760,.F.);
#4760 = EDGE_CURVE('',#4761,#4738,#4763,.T.);
#4761 = VERTEX_POINT('',#4762);
#4762 = CARTESIAN_POINT('',(14.,59.975,0.));
#4763 = SURFACE_CURVE('',#4764,(#4768,#4775),.PCURVE_S1.);
#4764 = LINE('',#4765,#4766);
#4765 = CARTESIAN_POINT('',(14.,59.975,0.));
#4766 = VECTOR('',#4767,1.);
#4767 = DIRECTION('',(0.,0.,1.));
#4768 = PCURVE('',#4700,#4769);
#4769 = DEFINITIONAL_REPRESENTATION('',(#4770),#4774);
#4770 = LINE('',#4771,#4772);
#4771 = CARTESIAN_POINT('',(10.,0.));
#4772 = VECTOR('',#4773,1.);
#4773 = DIRECTION('',(0.,-1.));
#4774 = ( GEOMETRIC_REPRESENTATION_CONTEXT(2) 
PARAMETRIC_REPRESENTATION_CONTEXT() REPRESENTATION_CONTEXT('2D SPACE',''
  ) );
#4775 = PCURVE('',#4563,#4776);
#4776 = DEFINITIONAL_REPRESENTATION('',(#4777),#4781);
#4777 = LINE('',#4778,#4779);
#4778 = CARTESIAN_POINT('',(0.,0.));
#4779 = VECTOR('',#4780,1.);
#4780 = DIRECTION('',(0.,-1.));
#4781 = ( GEOMETRIC_REPRESENTATION_CONTEXT(2) 
PARAMETRIC_REPRESENTATION_CONTEXT() REPRESENTATION_CONTEXT('2D SPACE',''
  ) );
#4782 = ORIENTED_EDGE('',*,*,#4783,.F.);
#4783 = EDGE_CURVE('',#4685,#4761,#4784,.T.);
#4784 = SURFACE_CURVE('',#4785,(#4789,#4796),.PCURVE_S1.);
#4785 = LINE('',#4786,#4787);
#4786 = CARTESIAN_POINT('',(24.,59.975,0.));
#4787 = VECTOR('',#4788,1.);
#4788 = DIRECTION('',(-1.,0.,0.));
#4789 = PCURVE('',#4700,#4790);
#4790 = DEFINITIONAL_REPRESENTATION('',(#4791),#4795);
#4791 = LINE('',#4792,#4793);
#4792 = CARTESIAN_POINT('',(0.,-0.));
#4793 = VECTOR('',#4794,1.);
#4794 = DIRECTION('',(1.,0.));
#4795 = ( GEOMETRIC_REPRESENTATION_CONTEXT(2) 
PARAMETRIC_REPRESENTATION_CONTEXT() REPRESENTATION_CONTEXT('2D SPACE',''
  ) );
#4796 = PCURVE('',#4645,#4797);
#4797 = DEFINITIONAL_REPRESENTATION('',(#4798),#4802);
#4798 = LINE('',#4799,#4800);
#4799 = CARTESIAN_POINT('',(-5.,-7.5));
#4800 = VECTOR('',#4801,1.);
#4801 = DIRECTION('',(1.,0.));
#4802 = ( GEOMETRIC_REPRESENTATION_CONTEXT(2) 
PARAMETRIC_REPRESENTATION_CONTEXT() REPRESENTATION_CONTEXT('2D SPACE',''
  ) );
#4803 = ADVANCED_FACE('',(#4804),#4563,.T.);
#4804 = FACE_BOUND('',#4805,.T.);
#4805 = EDGE_LOOP('',(#4806,#4807,#4828,#4829));
#4806 = ORIENTED_EDGE('',*,*,#4760,.T.);
#4807 = ORIENTED_EDGE('',*,*,#4808,.T.);
#4808 = EDGE_CURVE('',#4738,#4543,#4809,.T.);
#4809 = SURFACE_CURVE('',#4810,(#4814,#4821),.PCURVE_S1.);
#4810 = LINE('',#4811,#4812);
#4811 = CARTESIAN_POINT('',(14.,59.975,8.));
#4812 = VECTOR('',#4813,1.);
#4813 = DIRECTION('',(0.,1.,0.));
#4814 = PCURVE('',#4563,#4815);
#4815 = DEFINITIONAL_REPRESENTATION('',(#4816),#4820);
#4816 = LINE('',#4817,#4818);
#4817 = CARTESIAN_POINT('',(0.,-8.));
#4818 = VECTOR('',#4819,1.);
#4819 = DIRECTION('',(1.,0.));
#4820 = ( GEOMETRIC_REPRESENTATION_CONTEXT(2) 
PARAMETRIC_REPRESENTATION_CONTEXT() REPRESENTATION_CONTEXT('2D SPACE',''
  ) );
#4821 = PCURVE('',#4591,#4822);
#4822 = DEFINITIONAL_REPRESENTATION('',(#4823),#4827);
#4823 = LINE('',#4824,#4825);
#4824 = CARTESIAN_POINT('',(5.,-7.5));
#4825 = VECTOR('',#4826,1.);
#4826 = DIRECTION('',(0.,1.));
#4827 = ( GEOMETRIC_REPRESENTATION_CONTEXT(2) 
PARAMETRIC_REPRESENTATION_CONTEXT() REPRESENTATION_CONTEXT('2D SPACE',''
  ) );
#4828 = ORIENTED_EDGE('',*,*,#4540,.F.);
#4829 = ORIENTED_EDGE('',*,*,#4830,.F.);
#4830 = EDGE_CURVE('',#4761,#4541,#4831,.T.);
#4831 = SURFACE_CURVE('',#4832,(#4836,#4843),.PCURVE_S1.);
#4832 = LINE('',#4833,#4834);
#4833 = CARTESIAN_POINT('',(14.,59.975,0.));
#4834 = VECTOR('',#4835,1.);
#4835 = DIRECTION('',(0.,1.,0.));
#4836 = PCURVE('',#4563,#4837);
#4837 = DEFINITIONAL_REPRESENTATION('',(#4838),#4842);
#4838 = LINE('',#4839,#4840);
#4839 = CARTESIAN_POINT('',(0.,0.));
#4840 = VECTOR('',#4841,1.);
#4841 = DIRECTION('',(1.,0.));
#4842 = ( GEOMETRIC_REPRESENTATION_CONTEXT(2) 
PARAMETRIC_REPRESENTATION_CONTEXT() REPRESENTATION_CONTEXT('2D SPACE',''
  ) );
#4843 = PCURVE('',#4645,#4844);
#4844 = DEFINITIONAL_REPRESENTATION('',(#4845),#4849);
#4845 = LINE('',#4846,#4847);
#4846 = CARTESIAN_POINT('',(5.,-7.5));
#4847 = VECTOR('',#4848,1.);
#4848 = DIRECTION('',(0.,1.));
#4849 = ( GEOMETRIC_REPRESENTATION_CONTEXT(2) 
PARAMETRIC_REPRESENTATION_CONTEXT() REPRESENTATION_CONTEXT('2D SPACE',''
  ) );
#4850 = ADVANCED_FACE('',(#4851),#4645,.T.);
#4851 = FACE_BOUND('',#4852,.T.);
#4852 = EDGE_LOOP('',(#4853,#4854,#4855,#4856));
#4853 = ORIENTED_EDGE('',*,*,#4631,.T.);
#4854 = ORIENTED_EDGE('',*,*,#4712,.T.);
#4855 = ORIENTED_EDGE('',*,*,#4783,.T.);
#4856 = ORIENTED_EDGE('',*,*,#4830,.T.);
#4857 = ADVANCED_FACE('',(#4858),#4591,.F.);
#4858 = FACE_BOUND('',#4859,.F.);
#4859 = EDGE_LOOP('',(#4860,#4861,#4862,#4863));
#4860 = ORIENTED_EDGE('',*,*,#4575,.T.);
#4861 = ORIENTED_EDGE('',*,*,#4661,.T.);
#4862 = ORIENTED_EDGE('',*,*,#4737,.T.);
#4863 = ORIENTED_EDGE('',*,*,#4808,.T.);
#4864 = ( GEOMETRIC_REPRESENTATION_CONTEXT(3) 
GLOBAL_UNCERTAINTY_ASSIGNED_CONTEXT((#4868)) 
GLOBAL_UNIT_ASSIGNED_CONTEXT((#4865,#4866,#4867)) REPRESENTATION_CONTEXT
('Context #1','3D Context with UNIT and UNCERTAINTY') );
#4865 = ( LENGTH_UNIT() NAMED_UNIT(*) SI_UNIT(.MILLI.,.METRE.) );
#4866 = ( NAMED_UNIT(*) PLANE_ANGLE_UNIT() SI_UNIT($,.RADIAN.) );
#4867 = ( NAMED_UNIT(*) SI_UNIT($,.STERADIAN.) SOLID_ANGLE_UNIT() );
#4868 = UNCERTAINTY_MEASURE_WITH_UNIT(LENGTH_MEASURE(1.E-07),#4865,
  'distance_accuracy_value','confusion accuracy');
#4869 = CONTEXT_DEPENDENT_SHAPE_REPRESENTATION(#4870,#4872);
#4870 = ( REPRESENTATION_RELATIONSHIP('','',#4533,#10) 
REPRESENTATION_RELATIONSHIP_WITH_TRANSFORMATION(#4871) 
SHAPE_REPRESENTATION_RELATIONSHIP() );
#4871 = ITEM_DEFINED_TRANSFORMATION('','',#11,#59);
#4872 = PRODUCT_DEFINITION_SHAPE('Placement','Placement of an item',
  #4873);
#4873 = NEXT_ASSEMBLY_USAGE_OCCURRENCE('112','part_0021__04','',#5,#4528
  ,$);
#4874 = PRODUCT_RELATED_PRODUCT_CATEGORY('part',$,(#4530));
#4875 = SHAPE_DEFINITION_REPRESENTATION(#4876,#4882);
#4876 = PRODUCT_DEFINITION_SHAPE('','',#4877);
#4877 = PRODUCT_DEFINITION('design','',#4878,#4881);
#4878 = PRODUCT_DEFINITION_FORMATION('','',#4879);
#4879 = PRODUCT('part_0021__05','part_0021__05','',(#4880));
#4880 = PRODUCT_CONTEXT('',#2,'mechanical');
#4881 = PRODUCT_DEFINITION_CONTEXT('part definition',#2,'design');
#4882 = ADVANCED_BREP_SHAPE_REPRESENTATION('',(#11,#4883),#5213);
#4883 = MANIFOLD_SOLID_BREP('',#4884);
#4884 = CLOSED_SHELL('',(#4885,#5005,#5081,#5152,#5199,#5206));
#4885 = ADVANCED_FACE('',(#4886),#4900,.T.);
#4886 = FACE_BOUND('',#4887,.T.);
#4887 = EDGE_LOOP('',(#4888,#4923,#4951,#4979));
#4888 = ORIENTED_EDGE('',*,*,#4889,.T.);
#4889 = EDGE_CURVE('',#4890,#4892,#4894,.T.);
#4890 = VERTEX_POINT('',#4891);
#4891 = CARTESIAN_POINT('',(28.,74.975,0.));
#4892 = VERTEX_POINT('',#4893);
#4893 = CARTESIAN_POINT('',(28.,74.975,8.));
#4894 = SURFACE_CURVE('',#4895,(#4899,#4911),.PCURVE_S1.);
#4895 = LINE('',#4896,#4897);
#4896 = CARTESIAN_POINT('',(28.,74.975,0.));
#4897 = VECTOR('',#4898,1.);
#4898 = DIRECTION('',(0.,0.,1.));
#4899 = PCURVE('',#4900,#4905);
#4900 = PLANE('',#4901);
#4901 = AXIS2_PLACEMENT_3D('',#4902,#4903,#4904);
#4902 = CARTESIAN_POINT('',(28.,74.975,0.));
#4903 = DIRECTION('',(0.,1.,0.));
#4904 = DIRECTION('',(1.,0.,0.));
#4905 = DEFINITIONAL_REPRESENTATION('',(#4906),#4910);
#4906 = LINE('',#4907,#4908);
#4907 = CARTESIAN_POINT('',(0.,0.));
#4908 = VECTOR('',#4909,1.);
#4909 = DIRECTION('',(0.,-1.));
#4910 = ( GEOMETRIC_REPRESENTATION_CONTEXT(2) 
PARAMETRIC_REPRESENTATION_CONTEXT() REPRESENTATION_CONTEXT('2D SPACE',''
  ) );
#4911 = PCURVE('',#4912,#4917);
#4912 = PLANE('',#4913);
#4913 = AXIS2_PLACEMENT_3D('',#4914,#4915,#4916);
#4914 = CARTESIAN_POINT('',(28.,59.975,0.));
#4915 = DIRECTION('',(-1.,0.,0.));
#4916 = DIRECTION('',(0.,1.,0.));
#4917 = DEFINITIONAL_REPRESENTATION('',(#4918),#4922);
#4918 = LINE('',#4919,#4920);
#4919 = CARTESIAN_POINT('',(15.,0.));
#4920 = VECTOR('',#4921,1.);
#4921 = DIRECTION('',(0.,-1.));
#4922 = ( GEOMETRIC_REPRESENTATION_CONTEXT(2) 
PARAMETRIC_REPRESENTATION_CONTEXT() REPRESENTATION_CONTEXT('2D SPACE',''
  ) );
#4923 = ORIENTED_EDGE('',*,*,#4924,.T.);
#4924 = EDGE_CURVE('',#4892,#4925,#4927,.T.);
#4925 = VERTEX_POINT('',#4926);
#4926 = CARTESIAN_POINT('',(38.,74.975,8.));
#4927 = SURFACE_CURVE('',#4928,(#4932,#4939),.PCURVE_S1.);
#4928 = LINE('',#4929,#4930);
#4929 = CARTESIAN_POINT('',(28.,74.975,8.));
#4930 = VECTOR('',#4931,1.);
#4931 = DIRECTION('',(1.,0.,0.));
#4932 = PCURVE('',#4900,#4933);
#4933 = DEFINITIONAL_REPRESENTATION('',(#4934),#4938);
#4934 = LINE('',#4935,#4936);
#4935 = CARTESIAN_POINT('',(0.,-8.));
#4936 = VECTOR('',#4937,1.);
#4937 = DIRECTION('',(1.,0.));
#4938 = ( GEOMETRIC_REPRESENTATION_CONTEXT(2) 
PARAMETRIC_REPRESENTATION_CONTEXT() REPRESENTATION_CONTEXT('2D SPACE',''
  ) );
#4939 = PCURVE('',#4940,#4945);
#4940 = PLANE('',#4941);
#4941 = AXIS2_PLACEMENT_3D('',#4942,#4943,#4944);
#4942 = CARTESIAN_POINT('',(33.,67.475,8.));
#4943 = DIRECTION('',(-0.,-0.,-1.));
#4944 = DIRECTION('',(-1.,0.,0.));
#4945 = DEFINITIONAL_REPRESENTATION('',(#4946),#4950);
#4946 = LINE('',#4947,#4948);
#4947 = CARTESIAN_POINT('',(5.,7.5));
#4948 = VECTOR('',#4949,1.);
#4949 = DIRECTION('',(-1.,0.));
#4950 = ( GEOMETRIC_REPRESENTATION_CONTEXT(2) 
PARAMETRIC_REPRESENTATION_CONTEXT() REPRESENTATION_CONTEXT('2D SPACE',''
  ) );
#4951 = ORIENTED_EDGE('',*,*,#4952,.F.);
#4952 = EDGE_CURVE('',#4953,#4925,#4955,.T.);
#4953 = VERTEX_POINT('',#4954);
#4954 = CARTESIAN_POINT('',(38.,74.975,0.));
#4955 = SURFACE_CURVE('',#4956,(#4960,#4967),.PCURVE_S1.);
#4956 = LINE('',#4957,#4958);
#4957 = CARTESIAN_POINT('',(38.,74.975,0.));
#4958 = VECTOR('',#4959,1.);
#4959 = DIRECTION('',(0.,0.,1.));
#4960 = PCURVE('',#4900,#4961);
#4961 = DEFINITIONAL_REPRESENTATION('',(#4962),#4966);
#4962 = LINE('',#4963,#4964);
#4963 = CARTESIAN_POINT('',(10.,0.));
#4964 = VECTOR('',#4965,1.);
#4965 = DIRECTION('',(0.,-1.));
#4966 = ( GEOMETRIC_REPRESENTATION_CONTEXT(2) 
PARAMETRIC_REPRESENTATION_CONTEXT() REPRESENTATION_CONTEXT('2D SPACE',''
  ) );
#4967 = PCURVE('',#4968,#4973);
#4968 = PLANE('',#4969);
#4969 = AXIS2_PLACEMENT_3D('',#4970,#4971,#4972);
#4970 = CARTESIAN_POINT('',(38.,74.975,0.));
#4971 = DIRECTION('',(1.,0.,-0.));
#4972 = DIRECTION('',(0.,-1.,0.));
#4973 = DEFINITIONAL_REPRESENTATION('',(#4974),#4978);
#4974 = LINE('',#4975,#4976);
#4975 = CARTESIAN_POINT('',(0.,0.));
#4976 = VECTOR('',#4977,1.);
#4977 = DIRECTION('',(0.,-1.));
#4978 = ( GEOMETRIC_REPRESENTATION_CONTEXT(2) 
PARAMETRIC_REPRESENTATION_CONTEXT() REPRESENTATION_CONTEXT('2D SPACE',''
  ) );
#4979 = ORIENTED_EDGE('',*,*,#4980,.F.);
#4980 = EDGE_CURVE('',#4890,#4953,#4981,.T.);
#4981 = SURFACE_CURVE('',#4982,(#4986,#4993),.PCURVE_S1.);
#4982 = LINE('',#4983,#4984);
#4983 = CARTESIAN_POINT('',(28.,74.975,0.));
#4984 = VECTOR('',#4985,1.);
#4985 = DIRECTION('',(1.,0.,0.));
#4986 = PCURVE('',#4900,#4987);
#4987 = DEFINITIONAL_REPRESENTATION('',(#4988),#4992);
#4988 = LINE('',#4989,#4990);
#4989 = CARTESIAN_POINT('',(0.,0.));
#4990 = VECTOR('',#4991,1.);
#4991 = DIRECTION('',(1.,0.));
#4992 = ( GEOMETRIC_REPRESENTATION_CONTEXT(2) 
PARAMETRIC_REPRESENTATION_CONTEXT() REPRESENTATION_CONTEXT('2D SPACE',''
  ) );
#4993 = PCURVE('',#4994,#4999);
#4994 = PLANE('',#4995);
#4995 = AXIS2_PLACEMENT_3D('',#4996,#4997,#4998);
#4996 = CARTESIAN_POINT('',(33.,67.475,0.));
#4997 = DIRECTION('',(-0.,-0.,-1.));
#4998 = DIRECTION('',(-1.,0.,0.));
#4999 = DEFINITIONAL_REPRESENTATION('',(#5000),#5004);
#5000 = LINE('',#5001,#5002);
#5001 = CARTESIAN_POINT('',(5.,7.5));
#5002 = VECTOR('',#5003,1.);
#5003 = DIRECTION('',(-1.,0.));
#5004 = ( GEOMETRIC_REPRESENTATION_CONTEXT(2) 
PARAMETRIC_REPRESENTATION_CONTEXT() REPRESENTATION_CONTEXT('2D SPACE',''
  ) );
#5005 = ADVANCED_FACE('',(#5006),#4968,.T.);
#5006 = FACE_BOUND('',#5007,.T.);
#5007 = EDGE_LOOP('',(#5008,#5009,#5032,#5060));
#5008 = ORIENTED_EDGE('',*,*,#4952,.T.);
#5009 = ORIENTED_EDGE('',*,*,#5010,.T.);
#5010 = EDGE_CURVE('',#4925,#5011,#5013,.T.);
#5011 = VERTEX_POINT('',#5012);
#5012 = CARTESIAN_POINT('',(38.,59.975,8.));
#5013 = SURFACE_CURVE('',#5014,(#5018,#5025),.PCURVE_S1.);
#5014 = LINE('',#5015,#5016);
#5015 = CARTESIAN_POINT('',(38.,74.975,8.));
#5016 = VECTOR('',#5017,1.);
#5017 = DIRECTION('',(0.,-1.,0.));
#5018 = PCURVE('',#4968,#5019);
#5019 = DEFINITIONAL_REPRESENTATION('',(#5020),#5024);
#5020 = LINE('',#5021,#5022);
#5021 = CARTESIAN_POINT('',(0.,-8.));
#5022 = VECTOR('',#5023,1.);
#5023 = DIRECTION('',(1.,0.));
#5024 = ( GEOMETRIC_REPRESENTATION_CONTEXT(2) 
PARAMETRIC_REPRESENTATION_CONTEXT() REPRESENTATION_CONTEXT('2D SPACE',''
  ) );
#5025 = PCURVE('',#4940,#5026);
#5026 = DEFINITIONAL_REPRESENTATION('',(#5027),#5031);
#5027 = LINE('',#5028,#5029);
#5028 = CARTESIAN_POINT('',(-5.,7.5));
#5029 = VECTOR('',#5030,1.);
#5030 = DIRECTION('',(0.,-1.));
#5031 = ( GEOMETRIC_REPRESENTATION_CONTEXT(2) 
PARAMETRIC_REPRESENTATION_CONTEXT() REPRESENTATION_CONTEXT('2D SPACE',''
  ) );
#5032 = ORIENTED_EDGE('',*,*,#5033,.F.);
#5033 = EDGE_CURVE('',#5034,#5011,#5036,.T.);
#5034 = VERTEX_POINT('',#5035);
#5035 = CARTESIAN_POINT('',(38.,59.975,0.));
#5036 = SURFACE_CURVE('',#5037,(#5041,#5048),.PCURVE_S1.);
#5037 = LINE('',#5038,#5039);
#5038 = CARTESIAN_POINT('',(38.,59.975,0.));
#5039 = VECTOR('',#5040,1.);
#5040 = DIRECTION('',(0.,0.,1.));
#5041 = PCURVE('',#4968,#5042);
#5042 = DEFINITIONAL_REPRESENTATION('',(#5043),#5047);
#5043 = LINE('',#5044,#5045);
#5044 = CARTESIAN_POINT('',(15.,0.));
#5045 = VECTOR('',#5046,1.);
#5046 = DIRECTION('',(0.,-1.));
#5047 = ( GEOMETRIC_REPRESENTATION_CONTEXT(2) 
PARAMETRIC_REPRESENTATION_CONTEXT() REPRESENTATION_CONTEXT('2D SPACE',''
  ) );
#5048 = PCURVE('',#5049,#5054);
#5049 = PLANE('',#5050);
#5050 = AXIS2_PLACEMENT_3D('',#5051,#5052,#5053);
#5051 = CARTESIAN_POINT('',(38.,59.975,0.));
#5052 = DIRECTION('',(0.,-1.,0.));
#5053 = DIRECTION('',(-1.,0.,0.));
#5054 = DEFINITIONAL_REPRESENTATION('',(#5055),#5059);
#5055 = LINE('',#5056,#5057);
#5056 = CARTESIAN_POINT('',(0.,-0.));
#5057 = VECTOR('',#5058,1.);
#5058 = DIRECTION('',(0.,-1.));
#5059 = ( GEOMETRIC_REPRESENTATION_CONTEXT(2) 
PARAMETRIC_REPRESENTATION_CONTEXT() REPRESENTATION_CONTEXT('2D SPACE',''
  ) );
#5060 = ORIENTED_EDGE('',*,*,#5061,.F.);
#5061 = EDGE_CURVE('',#4953,#5034,#5062,.T.);
#5062 = SURFACE_CURVE('',#5063,(#5067,#5074),.PCURVE_S1.);
#5063 = LINE('',#5064,#5065);
#5064 = CARTESIAN_POINT('',(38.,74.975,0.));
#5065 = VECTOR('',#5066,1.);
#5066 = DIRECTION('',(0.,-1.,0.));
#5067 = PCURVE('',#4968,#5068);
#5068 = DEFINITIONAL_REPRESENTATION('',(#5069),#5073);
#5069 = LINE('',#5070,#5071);
#5070 = CARTESIAN_POINT('',(0.,0.));
#5071 = VECTOR('',#5072,1.);
#5072 = DIRECTION('',(1.,0.));
#5073 = ( GEOMETRIC_REPRESENTATION_CONTEXT(2) 
PARAMETRIC_REPRESENTATION_CONTEXT() REPRESENTATION_CONTEXT('2D SPACE',''
  ) );
#5074 = PCURVE('',#4994,#5075);
#5075 = DEFINITIONAL_REPRESENTATION('',(#5076),#5080);
#5076 = LINE('',#5077,#5078);
#5077 = CARTESIAN_POINT('',(-5.,7.5));
#5078 = VECTOR('',#5079,1.);
#5079 = DIRECTION('',(0.,-1.));
#5080 = ( GEOMETRIC_REPRESENTATION_CONTEXT(2) 
PARAMETRIC_REPRESENTATION_CONTEXT() REPRESENTATION_CONTEXT('2D SPACE',''
  ) );
#5081 = ADVANCED_FACE('',(#5082),#5049,.T.);
#5082 = FACE_BOUND('',#5083,.T.);
#5083 = EDGE_LOOP('',(#5084,#5085,#5108,#5131));
#5084 = ORIENTED_EDGE('',*,*,#5033,.T.);
#5085 = ORIENTED_EDGE('',*,*,#5086,.T.);
#5086 = EDGE_CURVE('',#5011,#5087,#5089,.T.);
#5087 = VERTEX_POINT('',#5088);
#5088 = CARTESIAN_POINT('',(28.,59.975,8.));
#5089 = SURFACE_CURVE('',#5090,(#5094,#5101),.PCURVE_S1.);
#5090 = LINE('',#5091,#5092);
#5091 = CARTESIAN_POINT('',(38.,59.975,8.));
#5092 = VECTOR('',#5093,1.);
#5093 = DIRECTION('',(-1.,0.,0.));
#5094 = PCURVE('',#5049,#5095);
#5095 = DEFINITIONAL_REPRESENTATION('',(#5096),#5100);
#5096 = LINE('',#5097,#5098);
#5097 = CARTESIAN_POINT('',(0.,-8.));
#5098 = VECTOR('',#5099,1.);
#5099 = DIRECTION('',(1.,0.));
#5100 = ( GEOMETRIC_REPRESENTATION_CONTEXT(2) 
PARAMETRIC_REPRESENTATION_CONTEXT() REPRESENTATION_CONTEXT('2D SPACE',''
  ) );
#5101 = PCURVE('',#4940,#5102);
#5102 = DEFINITIONAL_REPRESENTATION('',(#5103),#5107);
#5103 = LINE('',#5104,#5105);
#5104 = CARTESIAN_POINT('',(-5.,-7.5));
#5105 = VECTOR('',#5106,1.);
#5106 = DIRECTION('',(1.,0.));
#5107 = ( GEOMETRIC_REPRESENTATION_CONTEXT(2) 
PARAMETRIC_REPRESENTATION_CONTEXT() REPRESENTATION_CONTEXT('2D SPACE',''
  ) );
#5108 = ORIENTED_EDGE('',*,*,#5109,.F.);
#5109 = EDGE_CURVE('',#5110,#5087,#5112,.T.);
#5110 = VERTEX_POINT('',#5111);
#5111 = CARTESIAN_POINT('',(28.,59.975,0.));
#5112 = SURFACE_CURVE('',#5113,(#5117,#5124),.PCURVE_S1.);
#5113 = LINE('',#5114,#5115);
#5114 = CARTESIAN_POINT('',(28.,59.975,0.));
#5115 = VECTOR('',#5116,1.);
#5116 = DIRECTION('',(0.,0.,1.));
#5117 = PCURVE('',#5049,#5118);
#5118 = DEFINITIONAL_REPRESENTATION('',(#5119),#5123);
#5119 = LINE('',#5120,#5121);
#5120 = CARTESIAN_POINT('',(10.,0.));
#5121 = VECTOR('',#5122,1.);
#5122 = DIRECTION('',(0.,-1.));
#5123 = ( GEOMETRIC_REPRESENTATION_CONTEXT(2) 
PARAMETRIC_REPRESENTATION_CONTEXT() REPRESENTATION_CONTEXT('2D SPACE',''
  ) );
#5124 = PCURVE('',#4912,#5125);
#5125 = DEFINITIONAL_REPRESENTATION('',(#5126),#5130);
#5126 = LINE('',#5127,#5128);
#5127 = CARTESIAN_POINT('',(0.,0.));
#5128 = VECTOR('',#5129,1.);
#5129 = DIRECTION('',(0.,-1.));
#5130 = ( GEOMETRIC_REPRESENTATION_CONTEXT(2) 
PARAMETRIC_REPRESENTATION_CONTEXT() REPRESENTATION_CONTEXT('2D SPACE',''
  ) );
#5131 = ORIENTED_EDGE('',*,*,#5132,.F.);
#5132 = EDGE_CURVE('',#5034,#5110,#5133,.T.);
#5133 = SURFACE_CURVE('',#5134,(#5138,#5145),.PCURVE_S1.);
#5134 = LINE('',#5135,#5136);
#5135 = CARTESIAN_POINT('',(38.,59.975,0.));
#5136 = VECTOR('',#5137,1.);
#5137 = DIRECTION('',(-1.,0.,0.));
#5138 = PCURVE('',#5049,#5139);
#5139 = DEFINITIONAL_REPRESENTATION('',(#5140),#5144);
#5140 = LINE('',#5141,#5142);
#5141 = CARTESIAN_POINT('',(0.,-0.));
#5142 = VECTOR('',#5143,1.);
#5143 = DIRECTION('',(1.,0.));
#5144 = ( GEOMETRIC_REPRESENTATION_CONTEXT(2) 
PARAMETRIC_REPRESENTATION_CONTEXT() REPRESENTATION_CONTEXT('2D SPACE',''
  ) );
#5145 = PCURVE('',#4994,#5146);
#5146 = DEFINITIONAL_REPRESENTATION('',(#5147),#5151);
#5147 = LINE('',#5148,#5149);
#5148 = CARTESIAN_POINT('',(-5.,-7.5));
#5149 = VECTOR('',#5150,1.);
#5150 = DIRECTION('',(1.,0.));
#5151 = ( GEOMETRIC_REPRESENTATION_CONTEXT(2) 
PARAMETRIC_REPRESENTATION_CONTEXT() REPRESENTATION_CONTEXT('2D SPACE',''
  ) );
#5152 = ADVANCED_FACE('',(#5153),#4912,.T.);
#5153 = FACE_BOUND('',#5154,.T.);
#5154 = EDGE_LOOP('',(#5155,#5156,#5177,#5178));
#5155 = ORIENTED_EDGE('',*,*,#5109,.T.);
#5156 = ORIENTED_EDGE('',*,*,#5157,.T.);
#5157 = EDGE_CURVE('',#5087,#4892,#5158,.T.);
#5158 = SURFACE_CURVE('',#5159,(#5163,#5170),.PCURVE_S1.);
#5159 = LINE('',#5160,#5161);
#5160 = CARTESIAN_POINT('',(28.,59.975,8.));
#5161 = VECTOR('',#5162,1.);
#5162 = DIRECTION('',(0.,1.,0.));
#5163 = PCURVE('',#4912,#5164);
#5164 = DEFINITIONAL_REPRESENTATION('',(#5165),#5169);
#5165 = LINE('',#5166,#5167);
#5166 = CARTESIAN_POINT('',(0.,-8.));
#5167 = VECTOR('',#5168,1.);
#5168 = DIRECTION('',(1.,0.));
#5169 = ( GEOMETRIC_REPRESENTATION_CONTEXT(2) 
PARAMETRIC_REPRESENTATION_CONTEXT() REPRESENTATION_CONTEXT('2D SPACE',''
  ) );
#5170 = PCURVE('',#4940,#5171);
#5171 = DEFINITIONAL_REPRESENTATION('',(#5172),#5176);
#5172 = LINE('',#5173,#5174);
#5173 = CARTESIAN_POINT('',(5.,-7.5));
#5174 = VECTOR('',#5175,1.);
#5175 = DIRECTION('',(0.,1.));
#5176 = ( GEOMETRIC_REPRESENTATION_CONTEXT(2) 
PARAMETRIC_REPRESENTATION_CONTEXT() REPRESENTATION_CONTEXT('2D SPACE',''
  ) );
#5177 = ORIENTED_EDGE('',*,*,#4889,.F.);
#5178 = ORIENTED_EDGE('',*,*,#5179,.F.);
#5179 = EDGE_CURVE('',#5110,#4890,#5180,.T.);
#5180 = SURFACE_CURVE('',#5181,(#5185,#5192),.PCURVE_S1.);
#5181 = LINE('',#5182,#5183);
#5182 = CARTESIAN_POINT('',(28.,59.975,0.));
#5183 = VECTOR('',#5184,1.);
#5184 = DIRECTION('',(0.,1.,0.));
#5185 = PCURVE('',#4912,#5186);
#5186 = DEFINITIONAL_REPRESENTATION('',(#5187),#5191);
#5187 = LINE('',#5188,#5189);
#5188 = CARTESIAN_POINT('',(0.,0.));
#5189 = VECTOR('',#5190,1.);
#5190 = DIRECTION('',(1.,0.));
#5191 = ( GEOMETRIC_REPRESENTATION_CONTEXT(2) 
PARAMETRIC_REPRESENTATION_CONTEXT() REPRESENTATION_CONTEXT('2D SPACE',''
  ) );
#5192 = PCURVE('',#4994,#5193);
#5193 = DEFINITIONAL_REPRESENTATION('',(#5194),#5198);
#5194 = LINE('',#5195,#5196);
#5195 = CARTESIAN_POINT('',(5.,-7.5));
#5196 = VECTOR('',#5197,1.);
#5197 = DIRECTION('',(0.,1.));
#5198 = ( GEOMETRIC_REPRESENTATION_CONTEXT(2) 
PARAMETRIC_REPRESENTATION_CONTEXT() REPRESENTATION_CONTEXT('2D SPACE',''
  ) );
#5199 = ADVANCED_FACE('',(#5200),#4994,.T.);
#5200 = FACE_BOUND('',#5201,.T.);
#5201 = EDGE_LOOP('',(#5202,#5203,#5204,#5205));
#5202 = ORIENTED_EDGE('',*,*,#4980,.T.);
#5203 = ORIENTED_EDGE('',*,*,#5061,.T.);
#5204 = ORIENTED_EDGE('',*,*,#5132,.T.);
#5205 = ORIENTED_EDGE('',*,*,#5179,.T.);
#5206 = ADVANCED_FACE('',(#5207),#4940,.F.);
#5207 = FACE_BOUND('',#5208,.F.);
#5208 = EDGE_LOOP('',(#5209,#5210,#5211,#5212));
#5209 = ORIENTED_EDGE('',*,*,#4924,.T.);
#5210 = ORIENTED_EDGE('',*,*,#5010,.T.);
#5211 = ORIENTED_EDGE('',*,*,#5086,.T.);
#5212 = ORIENTED_EDGE('',*,*,#5157,.T.);
#5213 = ( GEOMETRIC_REPRESENTATION_CONTEXT(3) 
GLOBAL_UNCERTAINTY_ASSIGNED_CONTEXT((#5217)) 
GLOBAL_UNIT_ASSIGNED_CONTEXT((#5214,#5215,#5216)) REPRESENTATION_CONTEXT
('Context #1','3D Context with UNIT and UNCERTAINTY') );
#5214 = ( LENGTH_UNIT() NAMED_UNIT(*) SI_UNIT(.MILLI.,.METRE.) );
#5215 = ( NAMED_UNIT(*) PLANE_ANGLE_UNIT() SI_UNIT($,.RADIAN.) );
#5216 = ( NAMED_UNIT(*) SI_UNIT($,.STERADIAN.) SOLID_ANGLE_UNIT() );
#5217 = UNCERTAINTY_MEASURE_WITH_UNIT(LENGTH_MEASURE(1.E-07),#5214,
  'distance_accuracy_value','confusion accuracy');
#5218 = CONTEXT_DEPENDENT_SHAPE_REPRESENTATION(#5219,#5221);
#5219 = ( REPRESENTATION_RELATIONSHIP('','',#4882,#10) 
REPRESENTATION_RELATIONSHIP_WITH_TRANSFORMATION(#5220) 
SHAPE_REPRESENTATION_RELATIONSHIP() );
#5220 = ITEM_DEFINED_TRANSFORMATION('','',#11,#63);
#5221 = PRODUCT_DEFINITION_SHAPE('Placement','Placement of an item',
  #5222);
#5222 = NEXT_ASSEMBLY_USAGE_OCCURRENCE('113','part_0021__05','',#5,#4877
  ,$);
#5223 = PRODUCT_RELATED_PRODUCT_CATEGORY('part',$,(#4879));
#5224 = SHAPE_DEFINITION_REPRESENTATION(#5225,#5231);
#5225 = PRODUCT_DEFINITION_SHAPE('','',#5226);
#5226 = PRODUCT_DEFINITION('design','',#5227,#5230);
#5227 = PRODUCT_DEFINITION_FORMATION('','',#5228);
#5228 = PRODUCT('part_0004__01','part_0004__01','',(#5229));
#5229 = PRODUCT_CONTEXT('',#2,'mechanical');
#5230 = PRODUCT_DEFINITION_CONTEXT('part definition',#2,'design');
#5231 = ADVANCED_BREP_SHAPE_REPRESENTATION('',(#11,#5232),#5562);
#5232 = MANIFOLD_SOLID_BREP('',#5233);
#5233 = CLOSED_SHELL('',(#5234,#5354,#5430,#5501,#5548,#5555));
#5234 = ADVANCED_FACE('',(#5235),#5249,.F.);
#5235 = FACE_BOUND('',#5236,.F.);
#5236 = EDGE_LOOP('',(#5237,#5272,#5300,#5328));
#5237 = ORIENTED_EDGE('',*,*,#5238,.T.);
#5238 = EDGE_CURVE('',#5239,#5241,#5243,.T.);
#5239 = VERTEX_POINT('',#5240);
#5240 = CARTESIAN_POINT('',(42.,59.975,0.));
#5241 = VERTEX_POINT('',#5242);
#5242 = CARTESIAN_POINT('',(42.,59.975,8.));
#5243 = SURFACE_CURVE('',#5244,(#5248,#5260),.PCURVE_S1.);
#5244 = LINE('',#5245,#5246);
#5245 = CARTESIAN_POINT('',(42.,59.975,0.));
#5246 = VECTOR('',#5247,1.);
#5247 = DIRECTION('',(0.,0.,1.));
#5248 = PCURVE('',#5249,#5254);
#5249 = PLANE('',#5250);
#5250 = AXIS2_PLACEMENT_3D('',#5251,#5252,#5253);
#5251 = CARTESIAN_POINT('',(42.,59.975,0.));
#5252 = DIRECTION('',(0.,1.,0.));
#5253 = DIRECTION('',(1.,0.,0.));
#5254 = DEFINITIONAL_REPRESENTATION('',(#5255),#5259);
#5255 = LINE('',#5256,#5257);
#5256 = CARTESIAN_POINT('',(0.,0.));
#5257 = VECTOR('',#5258,1.);
#5258 = DIRECTION('',(0.,-1.));
#5259 = ( GEOMETRIC_REPRESENTATION_CONTEXT(2) 
PARAMETRIC_REPRESENTATION_CONTEXT() REPRESENTATION_CONTEXT('2D SPACE',''
  ) );
#5260 = PCURVE('',#5261,#5266);
#5261 = PLANE('',#5262);
#5262 = AXIS2_PLACEMENT_3D('',#5263,#5264,#5265);
#5263 = CARTESIAN_POINT('',(46.45,73.325,0.));
#5264 = DIRECTION('',(0.948683298051,-0.316227766017,0.));
#5265 = DIRECTION('',(-0.316227766017,-0.948683298051,0.));
#5266 = DEFINITIONAL_REPRESENTATION('',(#5267),#5271);
#5267 = LINE('',#5268,#5269);
#5268 = CARTESIAN_POINT('',(14.072135587749,0.));
#5269 = VECTOR('',#5270,1.);
#5270 = DIRECTION('',(0.,-1.));
#5271 = ( GEOMETRIC_REPRESENTATION_CONTEXT(2) 
PARAMETRIC_REPRESENTATION_CONTEXT() REPRESENTATION_CONTEXT('2D SPACE',''
  ) );
#5272 = ORIENTED_EDGE('',*,*,#5273,.T.);
#5273 = EDGE_CURVE('',#5241,#5274,#5276,.T.);
#5274 = VERTEX_POINT('',#5275);
#5275 = CARTESIAN_POINT('',(80.125,59.975,8.));
#5276 = SURFACE_CURVE('',#5277,(#5281,#5288),.PCURVE_S1.);
#5277 = LINE('',#5278,#5279);
#5278 = CARTESIAN_POINT('',(42.,59.975,8.));
#5279 = VECTOR('',#5280,1.);
#5280 = DIRECTION('',(1.,0.,0.));
#5281 = PCURVE('',#5249,#5282);
#5282 = DEFINITIONAL_REPRESENTATION('',(#5283),#5287);
#5283 = LINE('',#5284,#5285);
#5284 = CARTESIAN_POINT('',(0.,-8.));
#5285 = VECTOR('',#5286,1.);
#5286 = DIRECTION('',(1.,0.));
#5287 = ( GEOMETRIC_REPRESENTATION_CONTEXT(2) 
PARAMETRIC_REPRESENTATION_CONTEXT() REPRESENTATION_CONTEXT('2D SPACE',''
  ) );
#5288 = PCURVE('',#5289,#5294);
#5289 = PLANE('',#5290);
#5290 = AXIS2_PLACEMENT_3D('',#5291,#5292,#5293);
#5291 = CARTESIAN_POINT('',(63.931352684953,66.767001609951,8.));
#5292 = DIRECTION('',(0.,0.,1.));
#5293 = DIRECTION('',(1.,0.,0.));
#5294 = DEFINITIONAL_REPRESENTATION('',(#5295),#5299);
#5295 = LINE('',#5296,#5297);
#5296 = CARTESIAN_POINT('',(-21.93135268495,-6.792001609951));
#5297 = VECTOR('',#5298,1.);
#5298 = DIRECTION('',(1.,0.));
#5299 = ( GEOMETRIC_REPRESENTATION_CONTEXT(2) 
PARAMETRIC_REPRESENTATION_CONTEXT() REPRESENTATION_CONTEXT('2D SPACE',''
  ) );
#5300 = ORIENTED_EDGE('',*,*,#5301,.F.);
#5301 = EDGE_CURVE('',#5302,#5274,#5304,.T.);
#5302 = VERTEX_POINT('',#5303);
#5303 = CARTESIAN_POINT('',(80.125,59.975,0.));
#5304 = SURFACE_CURVE('',#5305,(#5309,#5316),.PCURVE_S1.);
#5305 = LINE('',#5306,#5307);
#5306 = CARTESIAN_POINT('',(80.125,59.975,0.));
#5307 = VECTOR('',#5308,1.);
#5308 = DIRECTION('',(0.,0.,1.));
#5309 = PCURVE('',#5249,#5310);
#5310 = DEFINITIONAL_REPRESENTATION('',(#5311),#5315);
#5311 = LINE('',#5312,#5313);
#5312 = CARTESIAN_POINT('',(38.125,0.));
#5313 = VECTOR('',#5314,1.);
#5314 = DIRECTION('',(0.,-1.));
#5315 = ( GEOMETRIC_REPRESENTATION_CONTEXT(2) 
PARAMETRIC_REPRESENTATION_CONTEXT() REPRESENTATION_CONTEXT('2D SPACE',''
  ) );
#5316 = PCURVE('',#5317,#5322);
#5317 = PLANE('',#5318);
#5318 = AXIS2_PLACEMENT_3D('',#5319,#5320,#5321);
#5319 = CARTESIAN_POINT('',(80.125,59.975,0.));
#5320 = DIRECTION('',(-0.90370337679,0.428159090501,0.));
#5321 = DIRECTION('',(0.428159090501,0.90370337679,0.));
#5322 = DEFINITIONAL_REPRESENTATION('',(#5323),#5327);
#5323 = LINE('',#5324,#5325);
#5324 = CARTESIAN_POINT('',(0.,0.));
#5325 = VECTOR('',#5326,1.);
#5326 = DIRECTION('',(0.,-1.));
#5327 = ( GEOMETRIC_REPRESENTATION_CONTEXT(2) 
PARAMETRIC_REPRESENTATION_CONTEXT() REPRESENTATION_CONTEXT('2D SPACE',''
  ) );
#5328 = ORIENTED_EDGE('',*,*,#5329,.F.);
#5329 = EDGE_CURVE('',#5239,#5302,#5330,.T.);
#5330 = SURFACE_CURVE('',#5331,(#5335,#5342),.PCURVE_S1.);
#5331 = LINE('',#5332,#5333);
#5332 = CARTESIAN_POINT('',(42.,59.975,0.));
#5333 = VECTOR('',#5334,1.);
#5334 = DIRECTION('',(1.,0.,0.));
#5335 = PCURVE('',#5249,#5336);
#5336 = DEFINITIONAL_REPRESENTATION('',(#5337),#5341);
#5337 = LINE('',#5338,#5339);
#5338 = CARTESIAN_POINT('',(0.,0.));
#5339 = VECTOR('',#5340,1.);
#5340 = DIRECTION('',(1.,0.));
#5341 = ( GEOMETRIC_REPRESENTATION_CONTEXT(2) 
PARAMETRIC_REPRESENTATION_CONTEXT() REPRESENTATION_CONTEXT('2D SPACE',''
  ) );
#5342 = PCURVE('',#5343,#5348);
#5343 = PLANE('',#5344);
#5344 = AXIS2_PLACEMENT_3D('',#5345,#5346,#5347);
#5345 = CARTESIAN_POINT('',(63.931352684953,66.767001609951,0.));
#5346 = DIRECTION('',(0.,0.,1.));
#5347 = DIRECTION('',(1.,0.,0.));
#5348 = DEFINITIONAL_REPRESENTATION('',(#5349),#5353);
#5349 = LINE('',#5350,#5351);
#5350 = CARTESIAN_POINT('',(-21.93135268495,-6.792001609951));
#5351 = VECTOR('',#5352,1.);
#5352 = DIRECTION('',(1.,0.));
#5353 = ( GEOMETRIC_REPRESENTATION_CONTEXT(2) 
PARAMETRIC_REPRESENTATION_CONTEXT() REPRESENTATION_CONTEXT('2D SPACE',''
  ) );
#5354 = ADVANCED_FACE('',(#5355),#5317,.F.);
#5355 = FACE_BOUND('',#5356,.F.);
#5356 = EDGE_LOOP('',(#5357,#5358,#5381,#5409));
#5357 = ORIENTED_EDGE('',*,*,#5301,.T.);
#5358 = ORIENTED_EDGE('',*,*,#5359,.T.);
#5359 = EDGE_CURVE('',#5274,#5360,#5362,.T.);
#5360 = VERTEX_POINT('',#5361);
#5361 = CARTESIAN_POINT('',(86.45,73.325,8.));
#5362 = SURFACE_CURVE('',#5363,(#5367,#5374),.PCURVE_S1.);
#5363 = LINE('',#5364,#5365);
#5364 = CARTESIAN_POINT('',(80.125,59.975,8.));
#5365 = VECTOR('',#5366,1.);
#5366 = DIRECTION('',(0.428159090501,0.90370337679,0.));
#5367 = PCURVE('',#5317,#5368);
#5368 = DEFINITIONAL_REPRESENTATION('',(#5369),#5373);
#5369 = LINE('',#5370,#5371);
#5370 = CARTESIAN_POINT('',(0.,-8.));
#5371 = VECTOR('',#5372,1.);
#5372 = DIRECTION('',(1.,0.));
#5373 = ( GEOMETRIC_REPRESENTATION_CONTEXT(2) 
PARAMETRIC_REPRESENTATION_CONTEXT() REPRESENTATION_CONTEXT('2D SPACE',''
  ) );
#5374 = PCURVE('',#5289,#5375);
#5375 = DEFINITIONAL_REPRESENTATION('',(#5376),#5380);
#5376 = LINE('',#5377,#5378);
#5377 = CARTESIAN_POINT('',(16.193647315047,-6.792001609951));
#5378 = VECTOR('',#5379,1.);
#5379 = DIRECTION('',(0.428159090501,0.90370337679));
#5380 = ( GEOMETRIC_REPRESENTATION_CONTEXT(2) 
PARAMETRIC_REPRESENTATION_CONTEXT() REPRESENTATION_CONTEXT('2D SPACE',''
  ) );
#5381 = ORIENTED_EDGE('',*,*,#5382,.F.);
#5382 = EDGE_CURVE('',#5383,#5360,#5385,.T.);
#5383 = VERTEX_POINT('',#5384);
#5384 = CARTESIAN_POINT('',(86.45,73.325,0.));
#5385 = SURFACE_CURVE('',#5386,(#5390,#5397),.PCURVE_S1.);
#5386 = LINE('',#5387,#5388);
#5387 = CARTESIAN_POINT('',(86.45,73.325,0.));
#5388 = VECTOR('',#5389,1.);
#5389 = DIRECTION('',(0.,0.,1.));
#5390 = PCURVE('',#5317,#5391);
#5391 = DEFINITIONAL_REPRESENTATION('',(#5392),#5396);
#5392 = LINE('',#5393,#5394);
#5393 = CARTESIAN_POINT('',(14.772546327563,0.));
#5394 = VECTOR('',#5395,1.);
#5395 = DIRECTION('',(0.,-1.));
#5396 = ( GEOMETRIC_REPRESENTATION_CONTEXT(2) 
PARAMETRIC_REPRESENTATION_CONTEXT() REPRESENTATION_CONTEXT('2D SPACE',''
  ) );
#5397 = PCURVE('',#5398,#5403);
#5398 = PLANE('',#5399);
#5399 = AXIS2_PLACEMENT_3D('',#5400,#5401,#5402);
#5400 = CARTESIAN_POINT('',(86.45,73.325,0.));
#5401 = DIRECTION('',(0.,-1.,0.));
#5402 = DIRECTION('',(-1.,0.,0.));
#5403 = DEFINITIONAL_REPRESENTATION('',(#5404),#5408);
#5404 = LINE('',#5405,#5406);
#5405 = CARTESIAN_POINT('',(0.,-0.));
#5406 = VECTOR('',#5407,1.);
#5407 = DIRECTION('',(0.,-1.));
#5408 = ( GEOMETRIC_REPRESENTATION_CONTEXT(2) 
PARAMETRIC_REPRESENTATION_CONTEXT() REPRESENTATION_CONTEXT('2D SPACE',''
  ) );
#5409 = ORIENTED_EDGE('',*,*,#5410,.F.);
#5410 = EDGE_CURVE('',#5302,#5383,#5411,.T.);
#5411 = SURFACE_CURVE('',#5412,(#5416,#5423),.PCURVE_S1.);
#5412 = LINE('',#5413,#5414);
#5413 = CARTESIAN_POINT('',(80.125,59.975,0.));
#5414 = VECTOR('',#5415,1.);
#5415 = DIRECTION('',(0.428159090501,0.90370337679,0.));
#5416 = PCURVE('',#5317,#5417);
#5417 = DEFINITIONAL_REPRESENTATION('',(#5418),#5422);
#5418 = LINE('',#5419,#5420);
#5419 = CARTESIAN_POINT('',(0.,0.));
#5420 = VECTOR('',#5421,1.);
#5421 = DIRECTION('',(1.,0.));
#5422 = ( GEOMETRIC_REPRESENTATION_CONTEXT(2) 
PARAMETRIC_REPRESENTATION_CONTEXT() REPRESENTATION_CONTEXT('2D SPACE',''
  ) );
#5423 = PCURVE('',#5343,#5424);
#5424 = DEFINITIONAL_REPRESENTATION('',(#5425),#5429);
#5425 = LINE('',#5426,#5427);
#5426 = CARTESIAN_POINT('',(16.193647315047,-6.792001609951));
#5427 = VECTOR('',#5428,1.);
#5428 = DIRECTION('',(0.428159090501,0.90370337679));
#5429 = ( GEOMETRIC_REPRESENTATION_CONTEXT(2) 
PARAMETRIC_REPRESENTATION_CONTEXT() REPRESENTATION_CONTEXT('2D SPACE',''
  ) );
#5430 = ADVANCED_FACE('',(#5431),#5398,.F.);
#5431 = FACE_BOUND('',#5432,.F.);
#5432 = EDGE_LOOP('',(#5433,#5434,#5457,#5480));
#5433 = ORIENTED_EDGE('',*,*,#5382,.T.);
#5434 = ORIENTED_EDGE('',*,*,#5435,.T.);
#5435 = EDGE_CURVE('',#5360,#5436,#5438,.T.);
#5436 = VERTEX_POINT('',#5437);
#5437 = CARTESIAN_POINT('',(46.45,73.325,8.));
#5438 = SURFACE_CURVE('',#5439,(#5443,#5450),.PCURVE_S1.);
#5439 = LINE('',#5440,#5441);
#5440 = CARTESIAN_POINT('',(86.45,73.325,8.));
#5441 = VECTOR('',#5442,1.);
#5442 = DIRECTION('',(-1.,0.,0.));
#5443 = PCURVE('',#5398,#5444);
#5444 = DEFINITIONAL_REPRESENTATION('',(#5445),#5449);
#5445 = LINE('',#5446,#5447);
#5446 = CARTESIAN_POINT('',(0.,-8.));
#5447 = VECTOR('',#5448,1.);
#5448 = DIRECTION('',(1.,0.));
#5449 = ( GEOMETRIC_REPRESENTATION_CONTEXT(2) 
PARAMETRIC_REPRESENTATION_CONTEXT() REPRESENTATION_CONTEXT('2D SPACE',''
  ) );
#5450 = PCURVE('',#5289,#5451);
#5451 = DEFINITIONAL_REPRESENTATION('',(#5452),#5456);
#5452 = LINE('',#5453,#5454);
#5453 = CARTESIAN_POINT('',(22.518647315047,6.557998390049));
#5454 = VECTOR('',#5455,1.);
#5455 = DIRECTION('',(-1.,0.));
#5456 = ( GEOMETRIC_REPRESENTATION_CONTEXT(2) 
PARAMETRIC_REPRESENTATION_CONTEXT() REPRESENTATION_CONTEXT('2D SPACE',''
  ) );
#5457 = ORIENTED_EDGE('',*,*,#5458,.F.);
#5458 = EDGE_CURVE('',#5459,#5436,#5461,.T.);
#5459 = VERTEX_POINT('',#5460);
#5460 = CARTESIAN_POINT('',(46.45,73.325,0.));
#5461 = SURFACE_CURVE('',#5462,(#5466,#5473),.PCURVE_S1.);
#5462 = LINE('',#5463,#5464);
#5463 = CARTESIAN_POINT('',(46.45,73.325,0.));
#5464 = VECTOR('',#5465,1.);
#5465 = DIRECTION('',(0.,0.,1.));
#5466 = PCURVE('',#5398,#5467);
#5467 = DEFINITIONAL_REPRESENTATION('',(#5468),#5472);
#5468 = LINE('',#5469,#5470);
#5469 = CARTESIAN_POINT('',(40.,0.));
#5470 = VECTOR('',#5471,1.);
#5471 = DIRECTION('',(0.,-1.));
#5472 = ( GEOMETRIC_REPRESENTATION_CONTEXT(2) 
PARAMETRIC_REPRESENTATION_CONTEXT() REPRESENTATION_CONTEXT('2D SPACE',''
  ) );
#5473 = PCURVE('',#5261,#5474);
#5474 = DEFINITIONAL_REPRESENTATION('',(#5475),#5479);
#5475 = LINE('',#5476,#5477);
#5476 = CARTESIAN_POINT('',(0.,0.));
#5477 = VECTOR('',#5478,1.);
#5478 = DIRECTION('',(0.,-1.));
#5479 = ( GEOMETRIC_REPRESENTATION_CONTEXT(2) 
PARAMETRIC_REPRESENTATION_CONTEXT() REPRESENTATION_CONTEXT('2D SPACE',''
  ) );
#5480 = ORIENTED_EDGE('',*,*,#5481,.F.);
#5481 = EDGE_CURVE('',#5383,#5459,#5482,.T.);
#5482 = SURFACE_CURVE('',#5483,(#5487,#5494),.PCURVE_S1.);
#5483 = LINE('',#5484,#5485);
#5484 = CARTESIAN_POINT('',(86.45,73.325,0.));
#5485 = VECTOR('',#5486,1.);
#5486 = DIRECTION('',(-1.,0.,0.));
#5487 = PCURVE('',#5398,#5488);
#5488 = DEFINITIONAL_REPRESENTATION('',(#5489),#5493);
#5489 = LINE('',#5490,#5491);
#5490 = CARTESIAN_POINT('',(0.,-0.));
#5491 = VECTOR('',#5492,1.);
#5492 = DIRECTION('',(1.,0.));
#5493 = ( GEOMETRIC_REPRESENTATION_CONTEXT(2) 
PARAMETRIC_REPRESENTATION_CONTEXT() REPRESENTATION_CONTEXT('2D SPACE',''
  ) );
#5494 = PCURVE('',#5343,#5495);
#5495 = DEFINITIONAL_REPRESENTATION('',(#5496),#5500);
#5496 = LINE('',#5497,#5498);
#5497 = CARTESIAN_POINT('',(22.518647315047,6.557998390049));
#5498 = VECTOR('',#5499,1.);
#5499 = DIRECTION('',(-1.,0.));
#5500 = ( GEOMETRIC_REPRESENTATION_CONTEXT(2) 
PARAMETRIC_REPRESENTATION_CONTEXT() REPRESENTATION_CONTEXT('2D SPACE',''
  ) );
#5501 = ADVANCED_FACE('',(#5502),#5261,.F.);
#5502 = FACE_BOUND('',#5503,.F.);
#5503 = EDGE_LOOP('',(#5504,#5505,#5526,#5527));
#5504 = ORIENTED_EDGE('',*,*,#5458,.T.);
#5505 = ORIENTED_EDGE('',*,*,#5506,.T.);
#5506 = EDGE_CURVE('',#5436,#5241,#5507,.T.);
#5507 = SURFACE_CURVE('',#5508,(#5512,#5519),.PCURVE_S1.);
#5508 = LINE('',#5509,#5510);
#5509 = CARTESIAN_POINT('',(46.45,73.325,8.));
#5510 = VECTOR('',#5511,1.);
#5511 = DIRECTION('',(-0.316227766017,-0.948683298051,0.));
#5512 = PCURVE('',#5261,#5513);
#5513 = DEFINITIONAL_REPRESENTATION('',(#5514),#5518);
#5514 = LINE('',#5515,#5516);
#5515 = CARTESIAN_POINT('',(0.,-8.));
#5516 = VECTOR('',#5517,1.);
#5517 = DIRECTION('',(1.,0.));
#5518 = ( GEOMETRIC_REPRESENTATION_CONTEXT(2) 
PARAMETRIC_REPRESENTATION_CONTEXT() REPRESENTATION_CONTEXT('2D SPACE',''
  ) );
#5519 = PCURVE('',#5289,#5520);
#5520 = DEFINITIONAL_REPRESENTATION('',(#5521),#5525);
#5521 = LINE('',#5522,#5523);
#5522 = CARTESIAN_POINT('',(-17.48135268495,6.557998390049));
#5523 = VECTOR('',#5524,1.);
#5524 = DIRECTION('',(-0.316227766017,-0.948683298051));
#5525 = ( GEOMETRIC_REPRESENTATION_CONTEXT(2) 
PARAMETRIC_REPRESENTATION_CONTEXT() REPRESENTATION_CONTEXT('2D SPACE',''
  ) );
#5526 = ORIENTED_EDGE('',*,*,#5238,.F.);
#5527 = ORIENTED_EDGE('',*,*,#5528,.F.);
#5528 = EDGE_CURVE('',#5459,#5239,#5529,.T.);
#5529 = SURFACE_CURVE('',#5530,(#5534,#5541),.PCURVE_S1.);
#5530 = LINE('',#5531,#5532);
#5531 = CARTESIAN_POINT('',(46.45,73.325,0.));
#5532 = VECTOR('',#5533,1.);
#5533 = DIRECTION('',(-0.316227766017,-0.948683298051,0.));
#5534 = PCURVE('',#5261,#5535);
#5535 = DEFINITIONAL_REPRESENTATION('',(#5536),#5540);
#5536 = LINE('',#5537,#5538);
#5537 = CARTESIAN_POINT('',(0.,0.));
#5538 = VECTOR('',#5539,1.);
#5539 = DIRECTION('',(1.,0.));
#5540 = ( GEOMETRIC_REPRESENTATION_CONTEXT(2) 
PARAMETRIC_REPRESENTATION_CONTEXT() REPRESENTATION_CONTEXT('2D SPACE',''
  ) );
#5541 = PCURVE('',#5343,#5542);
#5542 = DEFINITIONAL_REPRESENTATION('',(#5543),#5547);
#5543 = LINE('',#5544,#5545);
#5544 = CARTESIAN_POINT('',(-17.48135268495,6.557998390049));
#5545 = VECTOR('',#5546,1.);
#5546 = DIRECTION('',(-0.316227766017,-0.948683298051));
#5547 = ( GEOMETRIC_REPRESENTATION_CONTEXT(2) 
PARAMETRIC_REPRESENTATION_CONTEXT() REPRESENTATION_CONTEXT('2D SPACE',''
  ) );
#5548 = ADVANCED_FACE('',(#5549),#5343,.F.);
#5549 = FACE_BOUND('',#5550,.F.);
#5550 = EDGE_LOOP('',(#5551,#5552,#5553,#5554));
#5551 = ORIENTED_EDGE('',*,*,#5329,.T.);
#5552 = ORIENTED_EDGE('',*,*,#5410,.T.);
#5553 = ORIENTED_EDGE('',*,*,#5481,.T.);
#5554 = ORIENTED_EDGE('',*,*,#5528,.T.);
#5555 = ADVANCED_FACE('',(#5556),#5289,.T.);
#5556 = FACE_BOUND('',#5557,.T.);
#5557 = EDGE_LOOP('',(#5558,#5559,#5560,#5561));
#5558 = ORIENTED_EDGE('',*,*,#5273,.T.);
#5559 = ORIENTED_EDGE('',*,*,#5359,.T.);
#5560 = ORIENTED_EDGE('',*,*,#5435,.T.);
#5561 = ORIENTED_EDGE('',*,*,#5506,.T.);
#5562 = ( GEOMETRIC_REPRESENTATION_CONTEXT(3) 
GLOBAL_UNCERTAINTY_ASSIGNED_CONTEXT((#5566)) 
GLOBAL_UNIT_ASSIGNED_CONTEXT((#5563,#5564,#5565)) REPRESENTATION_CONTEXT
('Context #1','3D Context with UNIT and UNCERTAINTY') );
#5563 = ( LENGTH_UNIT() NAMED_UNIT(*) SI_UNIT(.MILLI.,.METRE.) );
#5564 = ( NAMED_UNIT(*) PLANE_ANGLE_UNIT() SI_UNIT($,.RADIAN.) );
#5565 = ( NAMED_UNIT(*) SI_UNIT($,.STERADIAN.) SOLID_ANGLE_UNIT() );
#5566 = UNCERTAINTY_MEASURE_WITH_UNIT(LENGTH_MEASURE(1.E-07),#5563,
  'distance_accuracy_value','confusion accuracy');
#5567 = CONTEXT_DEPENDENT_SHAPE_REPRESENTATION(#5568,#5570);
#5568 = ( REPRESENTATION_RELATIONSHIP('','',#5231,#10) 
REPRESENTATION_RELATIONSHIP_WITH_TRANSFORMATION(#5569) 
SHAPE_REPRESENTATION_RELATIONSHIP() );
#5569 = ITEM_DEFINED_TRANSFORMATION('','',#11,#67);
#5570 = PRODUCT_DEFINITION_SHAPE('Placement','Placement of an item',
  #5571);
#5571 = NEXT_ASSEMBLY_USAGE_OCCURRENCE('114','part_0004__01','',#5,#5226
  ,$);
#5572 = PRODUCT_RELATED_PRODUCT_CATEGORY('part',$,(#5228));
#5573 = SHAPE_DEFINITION_REPRESENTATION(#5574,#5580);
#5574 = PRODUCT_DEFINITION_SHAPE('','',#5575);
#5575 = PRODUCT_DEFINITION('design','',#5576,#5579);
#5576 = PRODUCT_DEFINITION_FORMATION('','',#5577);
#5577 = PRODUCT('part_0023__01','part_0023__01','',(#5578));
#5578 = PRODUCT_CONTEXT('',#2,'mechanical');
#5579 = PRODUCT_DEFINITION_CONTEXT('part definition',#2,'design');
#5580 = ADVANCED_BREP_SHAPE_REPRESENTATION('',(#11,#5581),#5911);
#5581 = MANIFOLD_SOLID_BREP('',#5582);
#5582 = CLOSED_SHELL('',(#5583,#5703,#5779,#5850,#5897,#5904));
#5583 = ADVANCED_FACE('',(#5584),#5598,.T.);
#5584 = FACE_BOUND('',#5585,.T.);
#5585 = EDGE_LOOP('',(#5586,#5621,#5649,#5677));
#5586 = ORIENTED_EDGE('',*,*,#5587,.T.);
#5587 = EDGE_CURVE('',#5588,#5590,#5592,.T.);
#5588 = VERTEX_POINT('',#5589);
#5589 = CARTESIAN_POINT('',(90.45,73.325,0.));
#5590 = VERTEX_POINT('',#5591);
#5591 = CARTESIAN_POINT('',(90.45,73.325,8.));
#5592 = SURFACE_CURVE('',#5593,(#5597,#5609),.PCURVE_S1.);
#5593 = LINE('',#5594,#5595);
#5594 = CARTESIAN_POINT('',(90.45,73.325,0.));
#5595 = VECTOR('',#5596,1.);
#5596 = DIRECTION('',(0.,0.,1.));
#5597 = PCURVE('',#5598,#5603);
#5598 = PLANE('',#5599);
#5599 = AXIS2_PLACEMENT_3D('',#5600,#5601,#5602);
#5600 = CARTESIAN_POINT('',(90.45,73.325,0.));
#5601 = DIRECTION('',(0.,1.,0.));
#5602 = DIRECTION('',(1.,0.,0.));
#5603 = DEFINITIONAL_REPRESENTATION('',(#5604),#5608);
#5604 = LINE('',#5605,#5606);
#5605 = CARTESIAN_POINT('',(0.,0.));
#5606 = VECTOR('',#5607,1.);
#5607 = DIRECTION('',(0.,-1.));
#5608 = ( GEOMETRIC_REPRESENTATION_CONTEXT(2) 
PARAMETRIC_REPRESENTATION_CONTEXT() REPRESENTATION_CONTEXT('2D SPACE',''
  ) );
#5609 = PCURVE('',#5610,#5615);
#5610 = PLANE('',#5611);
#5611 = AXIS2_PLACEMENT_3D('',#5612,#5613,#5614);
#5612 = CARTESIAN_POINT('',(90.45,59.975,0.));
#5613 = DIRECTION('',(-1.,0.,0.));
#5614 = DIRECTION('',(0.,1.,0.));
#5615 = DEFINITIONAL_REPRESENTATION('',(#5616),#5620);
#5616 = LINE('',#5617,#5618);
#5617 = CARTESIAN_POINT('',(13.35,0.));
#5618 = VECTOR('',#5619,1.);
#5619 = DIRECTION('',(0.,-1.));
#5620 = ( GEOMETRIC_REPRESENTATION_CONTEXT(2) 
PARAMETRIC_REPRESENTATION_CONTEXT() REPRESENTATION_CONTEXT('2D SPACE',''
  ) );
#5621 = ORIENTED_EDGE('',*,*,#5622,.T.);
#5622 = EDGE_CURVE('',#5590,#5623,#5625,.T.);
#5623 = VERTEX_POINT('',#5624);
#5624 = CARTESIAN_POINT('',(103.775,73.325,8.));
#5625 = SURFACE_CURVE('',#5626,(#5630,#5637),.PCURVE_S1.);
#5626 = LINE('',#5627,#5628);
#5627 = CARTESIAN_POINT('',(90.45,73.325,8.));
#5628 = VECTOR('',#5629,1.);
#5629 = DIRECTION('',(1.,0.,0.));
#5630 = PCURVE('',#5598,#5631);
#5631 = DEFINITIONAL_REPRESENTATION('',(#5632),#5636);
#5632 = LINE('',#5633,#5634);
#5633 = CARTESIAN_POINT('',(0.,-8.));
#5634 = VECTOR('',#5635,1.);
#5635 = DIRECTION('',(1.,0.));
#5636 = ( GEOMETRIC_REPRESENTATION_CONTEXT(2) 
PARAMETRIC_REPRESENTATION_CONTEXT() REPRESENTATION_CONTEXT('2D SPACE',''
  ) );
#5637 = PCURVE('',#5638,#5643);
#5638 = PLANE('',#5639);
#5639 = AXIS2_PLACEMENT_3D('',#5640,#5641,#5642);
#5640 = CARTESIAN_POINT('',(97.1125,66.65,8.));
#5641 = DIRECTION('',(-0.,-0.,-1.));
#5642 = DIRECTION('',(-1.,0.,0.));
#5643 = DEFINITIONAL_REPRESENTATION('',(#5644),#5648);
#5644 = LINE('',#5645,#5646);
#5645 = CARTESIAN_POINT('',(6.6625,6.675));
#5646 = VECTOR('',#5647,1.);
#5647 = DIRECTION('',(-1.,0.));
#5648 = ( GEOMETRIC_REPRESENTATION_CONTEXT(2) 
PARAMETRIC_REPRESENTATION_CONTEXT() REPRESENTATION_CONTEXT('2D SPACE',''
  ) );
#5649 = ORIENTED_EDGE('',*,*,#5650,.F.);
#5650 = EDGE_CURVE('',#5651,#5623,#5653,.T.);
#5651 = VERTEX_POINT('',#5652);
#5652 = CARTESIAN_POINT('',(103.775,73.325,0.));
#5653 = SURFACE_CURVE('',#5654,(#5658,#5665),.PCURVE_S1.);
#5654 = LINE('',#5655,#5656);
#5655 = CARTESIAN_POINT('',(103.775,73.325,0.));
#5656 = VECTOR('',#5657,1.);
#5657 = DIRECTION('',(0.,0.,1.));
#5658 = PCURVE('',#5598,#5659);
#5659 = DEFINITIONAL_REPRESENTATION('',(#5660),#5664);
#5660 = LINE('',#5661,#5662);
#5661 = CARTESIAN_POINT('',(13.325,0.));
#5662 = VECTOR('',#5663,1.);
#5663 = DIRECTION('',(0.,-1.));
#5664 = ( GEOMETRIC_REPRESENTATION_CONTEXT(2) 
PARAMETRIC_REPRESENTATION_CONTEXT() REPRESENTATION_CONTEXT('2D SPACE',''
  ) );
#5665 = PCURVE('',#5666,#5671);
#5666 = PLANE('',#5667);
#5667 = AXIS2_PLACEMENT_3D('',#5668,#5669,#5670);
#5668 = CARTESIAN_POINT('',(103.775,73.325,0.));
#5669 = DIRECTION('',(1.,0.,-0.));
#5670 = DIRECTION('',(0.,-1.,0.));
#5671 = DEFINITIONAL_REPRESENTATION('',(#5672),#5676);
#5672 = LINE('',#5673,#5674);
#5673 = CARTESIAN_POINT('',(0.,0.));
#5674 = VECTOR('',#5675,1.);
#5675 = DIRECTION('',(0.,-1.));
#5676 = ( GEOMETRIC_REPRESENTATION_CONTEXT(2) 
PARAMETRIC_REPRESENTATION_CONTEXT() REPRESENTATION_CONTEXT('2D SPACE',''
  ) );
#5677 = ORIENTED_EDGE('',*,*,#5678,.F.);
#5678 = EDGE_CURVE('',#5588,#5651,#5679,.T.);
#5679 = SURFACE_CURVE('',#5680,(#5684,#5691),.PCURVE_S1.);
#5680 = LINE('',#5681,#5682);
#5681 = CARTESIAN_POINT('',(90.45,73.325,0.));
#5682 = VECTOR('',#5683,1.);
#5683 = DIRECTION('',(1.,0.,0.));
#5684 = PCURVE('',#5598,#5685);
#5685 = DEFINITIONAL_REPRESENTATION('',(#5686),#5690);
#5686 = LINE('',#5687,#5688);
#5687 = CARTESIAN_POINT('',(0.,0.));
#5688 = VECTOR('',#5689,1.);
#5689 = DIRECTION('',(1.,0.));
#5690 = ( GEOMETRIC_REPRESENTATION_CONTEXT(2) 
PARAMETRIC_REPRESENTATION_CONTEXT() REPRESENTATION_CONTEXT('2D SPACE',''
  ) );
#5691 = PCURVE('',#5692,#5697);
#5692 = PLANE('',#5693);
#5693 = AXIS2_PLACEMENT_3D('',#5694,#5695,#5696);
#5694 = CARTESIAN_POINT('',(97.1125,66.65,0.));
#5695 = DIRECTION('',(-0.,-0.,-1.));
#5696 = DIRECTION('',(-1.,0.,0.));
#5697 = DEFINITIONAL_REPRESENTATION('',(#5698),#5702);
#5698 = LINE('',#5699,#5700);
#5699 = CARTESIAN_POINT('',(6.6625,6.675));
#5700 = VECTOR('',#5701,1.);
#5701 = DIRECTION('',(-1.,0.));
#5702 = ( GEOMETRIC_REPRESENTATION_CONTEXT(2) 
PARAMETRIC_REPRESENTATION_CONTEXT() REPRESENTATION_CONTEXT('2D SPACE',''
  ) );
#5703 = ADVANCED_FACE('',(#5704),#5666,.T.);
#5704 = FACE_BOUND('',#5705,.T.);
#5705 = EDGE_LOOP('',(#5706,#5707,#5730,#5758));
#5706 = ORIENTED_EDGE('',*,*,#5650,.T.);
#5707 = ORIENTED_EDGE('',*,*,#5708,.T.);
#5708 = EDGE_CURVE('',#5623,#5709,#5711,.T.);
#5709 = VERTEX_POINT('',#5710);
#5710 = CARTESIAN_POINT('',(103.775,59.975,8.));
#5711 = SURFACE_CURVE('',#5712,(#5716,#5723),.PCURVE_S1.);
#5712 = LINE('',#5713,#5714);
#5713 = CARTESIAN_POINT('',(103.775,73.325,8.));
#5714 = VECTOR('',#5715,1.);
#5715 = DIRECTION('',(0.,-1.,0.));
#5716 = PCURVE('',#5666,#5717);
#5717 = DEFINITIONAL_REPRESENTATION('',(#5718),#5722);
#5718 = LINE('',#5719,#5720);
#5719 = CARTESIAN_POINT('',(0.,-8.));
#5720 = VECTOR('',#5721,1.);
#5721 = DIRECTION('',(1.,0.));
#5722 = ( GEOMETRIC_REPRESENTATION_CONTEXT(2) 
PARAMETRIC_REPRESENTATION_CONTEXT() REPRESENTATION_CONTEXT('2D SPACE',''
  ) );
#5723 = PCURVE('',#5638,#5724);
#5724 = DEFINITIONAL_REPRESENTATION('',(#5725),#5729);
#5725 = LINE('',#5726,#5727);
#5726 = CARTESIAN_POINT('',(-6.6625,6.675));
#5727 = VECTOR('',#5728,1.);
#5728 = DIRECTION('',(0.,-1.));
#5729 = ( GEOMETRIC_REPRESENTATION_CONTEXT(2) 
PARAMETRIC_REPRESENTATION_CONTEXT() REPRESENTATION_CONTEXT('2D SPACE',''
  ) );
#5730 = ORIENTED_EDGE('',*,*,#5731,.F.);
#5731 = EDGE_CURVE('',#5732,#5709,#5734,.T.);
#5732 = VERTEX_POINT('',#5733);
#5733 = CARTESIAN_POINT('',(103.775,59.975,0.));
#5734 = SURFACE_CURVE('',#5735,(#5739,#5746),.PCURVE_S1.);
#5735 = LINE('',#5736,#5737);
#5736 = CARTESIAN_POINT('',(103.775,59.975,0.));
#5737 = VECTOR('',#5738,1.);
#5738 = DIRECTION('',(0.,0.,1.));
#5739 = PCURVE('',#5666,#5740);
#5740 = DEFINITIONAL_REPRESENTATION('',(#5741),#5745);
#5741 = LINE('',#5742,#5743);
#5742 = CARTESIAN_POINT('',(13.35,0.));
#5743 = VECTOR('',#5744,1.);
#5744 = DIRECTION('',(0.,-1.));
#5745 = ( GEOMETRIC_REPRESENTATION_CONTEXT(2) 
PARAMETRIC_REPRESENTATION_CONTEXT() REPRESENTATION_CONTEXT('2D SPACE',''
  ) );
#5746 = PCURVE('',#5747,#5752);
#5747 = PLANE('',#5748);
#5748 = AXIS2_PLACEMENT_3D('',#5749,#5750,#5751);
#5749 = CARTESIAN_POINT('',(103.775,59.975,0.));
#5750 = DIRECTION('',(0.,-1.,0.));
#5751 = DIRECTION('',(-1.,0.,0.));
#5752 = DEFINITIONAL_REPRESENTATION('',(#5753),#5757);
#5753 = LINE('',#5754,#5755);
#5754 = CARTESIAN_POINT('',(0.,-0.));
#5755 = VECTOR('',#5756,1.);
#5756 = DIRECTION('',(0.,-1.));
#5757 = ( GEOMETRIC_REPRESENTATION_CONTEXT(2) 
PARAMETRIC_REPRESENTATION_CONTEXT() REPRESENTATION_CONTEXT('2D SPACE',''
  ) );
#5758 = ORIENTED_EDGE('',*,*,#5759,.F.);
#5759 = EDGE_CURVE('',#5651,#5732,#5760,.T.);
#5760 = SURFACE_CURVE('',#5761,(#5765,#5772),.PCURVE_S1.);
#5761 = LINE('',#5762,#5763);
#5762 = CARTESIAN_POINT('',(103.775,73.325,0.));
#5763 = VECTOR('',#5764,1.);
#5764 = DIRECTION('',(0.,-1.,0.));
#5765 = PCURVE('',#5666,#5766);
#5766 = DEFINITIONAL_REPRESENTATION('',(#5767),#5771);
#5767 = LINE('',#5768,#5769);
#5768 = CARTESIAN_POINT('',(0.,0.));
#5769 = VECTOR('',#5770,1.);
#5770 = DIRECTION('',(1.,0.));
#5771 = ( GEOMETRIC_REPRESENTATION_CONTEXT(2) 
PARAMETRIC_REPRESENTATION_CONTEXT() REPRESENTATION_CONTEXT('2D SPACE',''
  ) );
#5772 = PCURVE('',#5692,#5773);
#5773 = DEFINITIONAL_REPRESENTATION('',(#5774),#5778);
#5774 = LINE('',#5775,#5776);
#5775 = CARTESIAN_POINT('',(-6.6625,6.675));
#5776 = VECTOR('',#5777,1.);
#5777 = DIRECTION('',(0.,-1.));
#5778 = ( GEOMETRIC_REPRESENTATION_CONTEXT(2) 
PARAMETRIC_REPRESENTATION_CONTEXT() REPRESENTATION_CONTEXT('2D SPACE',''
  ) );
#5779 = ADVANCED_FACE('',(#5780),#5747,.T.);
#5780 = FACE_BOUND('',#5781,.T.);
#5781 = EDGE_LOOP('',(#5782,#5783,#5806,#5829));
#5782 = ORIENTED_EDGE('',*,*,#5731,.T.);
#5783 = ORIENTED_EDGE('',*,*,#5784,.T.);
#5784 = EDGE_CURVE('',#5709,#5785,#5787,.T.);
#5785 = VERTEX_POINT('',#5786);
#5786 = CARTESIAN_POINT('',(90.45,59.975,8.));
#5787 = SURFACE_CURVE('',#5788,(#5792,#5799),.PCURVE_S1.);
#5788 = LINE('',#5789,#5790);
#5789 = CARTESIAN_POINT('',(103.775,59.975,8.));
#5790 = VECTOR('',#5791,1.);
#5791 = DIRECTION('',(-1.,0.,0.));
#5792 = PCURVE('',#5747,#5793);
#5793 = DEFINITIONAL_REPRESENTATION('',(#5794),#5798);
#5794 = LINE('',#5795,#5796);
#5795 = CARTESIAN_POINT('',(0.,-8.));
#5796 = VECTOR('',#5797,1.);
#5797 = DIRECTION('',(1.,0.));
#5798 = ( GEOMETRIC_REPRESENTATION_CONTEXT(2) 
PARAMETRIC_REPRESENTATION_CONTEXT() REPRESENTATION_CONTEXT('2D SPACE',''
  ) );
#5799 = PCURVE('',#5638,#5800);
#5800 = DEFINITIONAL_REPRESENTATION('',(#5801),#5805);
#5801 = LINE('',#5802,#5803);
#5802 = CARTESIAN_POINT('',(-6.6625,-6.675));
#5803 = VECTOR('',#5804,1.);
#5804 = DIRECTION('',(1.,0.));
#5805 = ( GEOMETRIC_REPRESENTATION_CONTEXT(2) 
PARAMETRIC_REPRESENTATION_CONTEXT() REPRESENTATION_CONTEXT('2D SPACE',''
  ) );
#5806 = ORIENTED_EDGE('',*,*,#5807,.F.);
#5807 = EDGE_CURVE('',#5808,#5785,#5810,.T.);
#5808 = VERTEX_POINT('',#5809);
#5809 = CARTESIAN_POINT('',(90.45,59.975,0.));
#5810 = SURFACE_CURVE('',#5811,(#5815,#5822),.PCURVE_S1.);
#5811 = LINE('',#5812,#5813);
#5812 = CARTESIAN_POINT('',(90.45,59.975,0.));
#5813 = VECTOR('',#5814,1.);
#5814 = DIRECTION('',(0.,0.,1.));
#5815 = PCURVE('',#5747,#5816);
#5816 = DEFINITIONAL_REPRESENTATION('',(#5817),#5821);
#5817 = LINE('',#5818,#5819);
#5818 = CARTESIAN_POINT('',(13.325,0.));
#5819 = VECTOR('',#5820,1.);
#5820 = DIRECTION('',(0.,-1.));
#5821 = ( GEOMETRIC_REPRESENTATION_CONTEXT(2) 
PARAMETRIC_REPRESENTATION_CONTEXT() REPRESENTATION_CONTEXT('2D SPACE',''
  ) );
#5822 = PCURVE('',#5610,#5823);
#5823 = DEFINITIONAL_REPRESENTATION('',(#5824),#5828);
#5824 = LINE('',#5825,#5826);
#5825 = CARTESIAN_POINT('',(0.,0.));
#5826 = VECTOR('',#5827,1.);
#5827 = DIRECTION('',(0.,-1.));
#5828 = ( GEOMETRIC_REPRESENTATION_CONTEXT(2) 
PARAMETRIC_REPRESENTATION_CONTEXT() REPRESENTATION_CONTEXT('2D SPACE',''
  ) );
#5829 = ORIENTED_EDGE('',*,*,#5830,.F.);
#5830 = EDGE_CURVE('',#5732,#5808,#5831,.T.);
#5831 = SURFACE_CURVE('',#5832,(#5836,#5843),.PCURVE_S1.);
#5832 = LINE('',#5833,#5834);
#5833 = CARTESIAN_POINT('',(103.775,59.975,0.));
#5834 = VECTOR('',#5835,1.);
#5835 = DIRECTION('',(-1.,0.,0.));
#5836 = PCURVE('',#5747,#5837);
#5837 = DEFINITIONAL_REPRESENTATION('',(#5838),#5842);
#5838 = LINE('',#5839,#5840);
#5839 = CARTESIAN_POINT('',(0.,-0.));
#5840 = VECTOR('',#5841,1.);
#5841 = DIRECTION('',(1.,0.));
#5842 = ( GEOMETRIC_REPRESENTATION_CONTEXT(2) 
PARAMETRIC_REPRESENTATION_CONTEXT() REPRESENTATION_CONTEXT('2D SPACE',''
  ) );
#5843 = PCURVE('',#5692,#5844);
#5844 = DEFINITIONAL_REPRESENTATION('',(#5845),#5849);
#5845 = LINE('',#5846,#5847);
#5846 = CARTESIAN_POINT('',(-6.6625,-6.675));
#5847 = VECTOR('',#5848,1.);
#5848 = DIRECTION('',(1.,0.));
#5849 = ( GEOMETRIC_REPRESENTATION_CONTEXT(2) 
PARAMETRIC_REPRESENTATION_CONTEXT() REPRESENTATION_CONTEXT('2D SPACE',''
  ) );
#5850 = ADVANCED_FACE('',(#5851),#5610,.T.);
#5851 = FACE_BOUND('',#5852,.T.);
#5852 = EDGE_LOOP('',(#5853,#5854,#5875,#5876));
#5853 = ORIENTED_EDGE('',*,*,#5807,.T.);
#5854 = ORIENTED_EDGE('',*,*,#5855,.T.);
#5855 = EDGE_CURVE('',#5785,#5590,#5856,.T.);
#5856 = SURFACE_CURVE('',#5857,(#5861,#5868),.PCURVE_S1.);
#5857 = LINE('',#5858,#5859);
#5858 = CARTESIAN_POINT('',(90.45,59.975,8.));
#5859 = VECTOR('',#5860,1.);
#5860 = DIRECTION('',(0.,1.,0.));
#5861 = PCURVE('',#5610,#5862);
#5862 = DEFINITIONAL_REPRESENTATION('',(#5863),#5867);
#5863 = LINE('',#5864,#5865);
#5864 = CARTESIAN_POINT('',(0.,-8.));
#5865 = VECTOR('',#5866,1.);
#5866 = DIRECTION('',(1.,0.));
#5867 = ( GEOMETRIC_REPRESENTATION_CONTEXT(2) 
PARAMETRIC_REPRESENTATION_CONTEXT() REPRESENTATION_CONTEXT('2D SPACE',''
  ) );
#5868 = PCURVE('',#5638,#5869);
#5869 = DEFINITIONAL_REPRESENTATION('',(#5870),#5874);
#5870 = LINE('',#5871,#5872);
#5871 = CARTESIAN_POINT('',(6.6625,-6.675));
#5872 = VECTOR('',#5873,1.);
#5873 = DIRECTION('',(0.,1.));
#5874 = ( GEOMETRIC_REPRESENTATION_CONTEXT(2) 
PARAMETRIC_REPRESENTATION_CONTEXT() REPRESENTATION_CONTEXT('2D SPACE',''
  ) );
#5875 = ORIENTED_EDGE('',*,*,#5587,.F.);
#5876 = ORIENTED_EDGE('',*,*,#5877,.F.);
#5877 = EDGE_CURVE('',#5808,#5588,#5878,.T.);
#5878 = SURFACE_CURVE('',#5879,(#5883,#5890),.PCURVE_S1.);
#5879 = LINE('',#5880,#5881);
#5880 = CARTESIAN_POINT('',(90.45,59.975,0.));
#5881 = VECTOR('',#5882,1.);
#5882 = DIRECTION('',(0.,1.,0.));
#5883 = PCURVE('',#5610,#5884);
#5884 = DEFINITIONAL_REPRESENTATION('',(#5885),#5889);
#5885 = LINE('',#5886,#5887);
#5886 = CARTESIAN_POINT('',(0.,0.));
#5887 = VECTOR('',#5888,1.);
#5888 = DIRECTION('',(1.,0.));
#5889 = ( GEOMETRIC_REPRESENTATION_CONTEXT(2) 
PARAMETRIC_REPRESENTATION_CONTEXT() REPRESENTATION_CONTEXT('2D SPACE',''
  ) );
#5890 = PCURVE('',#5692,#5891);
#5891 = DEFINITIONAL_REPRESENTATION('',(#5892),#5896);
#5892 = LINE('',#5893,#5894);
#5893 = CARTESIAN_POINT('',(6.6625,-6.675));
#5894 = VECTOR('',#5895,1.);
#5895 = DIRECTION('',(0.,1.));
#5896 = ( GEOMETRIC_REPRESENTATION_CONTEXT(2) 
PARAMETRIC_REPRESENTATION_CONTEXT() REPRESENTATION_CONTEXT('2D SPACE',''
  ) );
#5897 = ADVANCED_FACE('',(#5898),#5692,.T.);
#5898 = FACE_BOUND('',#5899,.T.);
#5899 = EDGE_LOOP('',(#5900,#5901,#5902,#5903));
#5900 = ORIENTED_EDGE('',*,*,#5678,.T.);
#5901 = ORIENTED_EDGE('',*,*,#5759,.T.);
#5902 = ORIENTED_EDGE('',*,*,#5830,.T.);
#5903 = ORIENTED_EDGE('',*,*,#5877,.T.);
#5904 = ADVANCED_FACE('',(#5905),#5638,.F.);
#5905 = FACE_BOUND('',#5906,.F.);
#5906 = EDGE_LOOP('',(#5907,#5908,#5909,#5910));
#5907 = ORIENTED_EDGE('',*,*,#5622,.T.);
#5908 = ORIENTED_EDGE('',*,*,#5708,.T.);
#5909 = ORIENTED_EDGE('',*,*,#5784,.T.);
#5910 = ORIENTED_EDGE('',*,*,#5855,.T.);
#5911 = ( GEOMETRIC_REPRESENTATION_CONTEXT(3) 
GLOBAL_UNCERTAINTY_ASSIGNED_CONTEXT((#5915)) 
GLOBAL_UNIT_ASSIGNED_CONTEXT((#5912,#5913,#5914)) REPRESENTATION_CONTEXT
('Context #1','3D Context with UNIT and UNCERTAINTY') );
#5912 = ( LENGTH_UNIT() NAMED_UNIT(*) SI_UNIT(.MILLI.,.METRE.) );
#5913 = ( NAMED_UNIT(*) PLANE_ANGLE_UNIT() SI_UNIT($,.RADIAN.) );
#5914 = ( NAMED_UNIT(*) SI_UNIT($,.STERADIAN.) SOLID_ANGLE_UNIT() );
#5915 = UNCERTAINTY_MEASURE_WITH_UNIT(LENGTH_MEASURE(1.E-07),#5912,
  'distance_accuracy_value','confusion accuracy');
#5916 = CONTEXT_DEPENDENT_SHAPE_REPRESENTATION(#5917,#5919);
#5917 = ( REPRESENTATION_RELATIONSHIP('','',#5580,#10) 
REPRESENTATION_RELATIONSHIP_WITH_TRANSFORMATION(#5918) 
SHAPE_REPRESENTATION_RELATIONSHIP() );
#5918 = ITEM_DEFINED_TRANSFORMATION('','',#11,#71);
#5919 = PRODUCT_DEFINITION_SHAPE('Placement','Placement of an item',
  #5920);
#5920 = NEXT_ASSEMBLY_USAGE_OCCURRENCE('115','part_0023__01','',#5,#5575
  ,$);
#5921 = PRODUCT_RELATED_PRODUCT_CATEGORY('part',$,(#5577));
#5922 = SHAPE_DEFINITION_REPRESENTATION(#5923,#5929);
#5923 = PRODUCT_DEFINITION_SHAPE('','',#5924);
#5924 = PRODUCT_DEFINITION('design','',#5925,#5928);
#5925 = PRODUCT_DEFINITION_FORMATION('','',#5926);
#5926 = PRODUCT('part_0022__01','part_0022__01','',(#5927));
#5927 = PRODUCT_CONTEXT('',#2,'mechanical');
#5928 = PRODUCT_DEFINITION_CONTEXT('part definition',#2,'design');
#5929 = ADVANCED_BREP_SHAPE_REPRESENTATION('',(#11,#5930),#6260);
#5930 = MANIFOLD_SOLID_BREP('',#5931);
#5931 = CLOSED_SHELL('',(#5932,#6052,#6128,#6199,#6246,#6253));
#5932 = ADVANCED_FACE('',(#5933),#5947,.T.);
#5933 = FACE_BOUND('',#5934,.T.);
#5934 = EDGE_LOOP('',(#5935,#5970,#5998,#6026));
#5935 = ORIENTED_EDGE('',*,*,#5936,.T.);
#5936 = EDGE_CURVE('',#5937,#5939,#5941,.T.);
#5937 = VERTEX_POINT('',#5938);
#5938 = CARTESIAN_POINT('',(0.,88.975,0.));
#5939 = VERTEX_POINT('',#5940);
#5940 = CARTESIAN_POINT('',(0.,88.975,8.));
#5941 = SURFACE_CURVE('',#5942,(#5946,#5958),.PCURVE_S1.);
#5942 = LINE('',#5943,#5944);
#5943 = CARTESIAN_POINT('',(0.,88.975,0.));
#5944 = VECTOR('',#5945,1.);
#5945 = DIRECTION('',(0.,0.,1.));
#5946 = PCURVE('',#5947,#5952);
#5947 = PLANE('',#5948);
#5948 = AXIS2_PLACEMENT_3D('',#5949,#5950,#5951);
#5949 = CARTESIAN_POINT('',(0.,88.975,0.));
#5950 = DIRECTION('',(0.,1.,0.));
#5951 = DIRECTION('',(1.,0.,0.));
#5952 = DEFINITIONAL_REPRESENTATION('',(#5953),#5957);
#5953 = LINE('',#5954,#5955);
#5954 = CARTESIAN_POINT('',(0.,0.));
#5955 = VECTOR('',#5956,1.);
#5956 = DIRECTION('',(0.,-1.));
#5957 = ( GEOMETRIC_REPRESENTATION_CONTEXT(2) 
PARAMETRIC_REPRESENTATION_CONTEXT() REPRESENTATION_CONTEXT('2D SPACE',''
  ) );
#5958 = PCURVE('',#5959,#5964);
#5959 = PLANE('',#5960);
#5960 = AXIS2_PLACEMENT_3D('',#5961,#5962,#5963);
#5961 = CARTESIAN_POINT('',(0.,78.975,0.));
#5962 = DIRECTION('',(-1.,0.,0.));
#5963 = DIRECTION('',(0.,1.,0.));
#5964 = DEFINITIONAL_REPRESENTATION('',(#5965),#5969);
#5965 = LINE('',#5966,#5967);
#5966 = CARTESIAN_POINT('',(10.,0.));
#5967 = VECTOR('',#5968,1.);
#5968 = DIRECTION('',(0.,-1.));
#5969 = ( GEOMETRIC_REPRESENTATION_CONTEXT(2) 
PARAMETRIC_REPRESENTATION_CONTEXT() REPRESENTATION_CONTEXT('2D SPACE',''
  ) );
#5970 = ORIENTED_EDGE('',*,*,#5971,.T.);
#5971 = EDGE_CURVE('',#5939,#5972,#5974,.T.);
#5972 = VERTEX_POINT('',#5973);
#5973 = CARTESIAN_POINT('',(95.,88.975,8.));
#5974 = SURFACE_CURVE('',#5975,(#5979,#5986),.PCURVE_S1.);
#5975 = LINE('',#5976,#5977);
#5976 = CARTESIAN_POINT('',(0.,88.975,8.));
#5977 = VECTOR('',#5978,1.);
#5978 = DIRECTION('',(1.,0.,0.));
#5979 = PCURVE('',#5947,#5980);
#5980 = DEFINITIONAL_REPRESENTATION('',(#5981),#5985);
#5981 = LINE('',#5982,#5983);
#5982 = CARTESIAN_POINT('',(0.,-8.));
#5983 = VECTOR('',#5984,1.);
#5984 = DIRECTION('',(1.,0.));
#5985 = ( GEOMETRIC_REPRESENTATION_CONTEXT(2) 
PARAMETRIC_REPRESENTATION_CONTEXT() REPRESENTATION_CONTEXT('2D SPACE',''
  ) );
#5986 = PCURVE('',#5987,#5992);
#5987 = PLANE('',#5988);
#5988 = AXIS2_PLACEMENT_3D('',#5989,#5990,#5991);
#5989 = CARTESIAN_POINT('',(47.5,83.975,8.));
#5990 = DIRECTION('',(-0.,-0.,-1.));
#5991 = DIRECTION('',(-1.,0.,0.));
#5992 = DEFINITIONAL_REPRESENTATION('',(#5993),#5997);
#5993 = LINE('',#5994,#5995);
#5994 = CARTESIAN_POINT('',(47.5,5.));
#5995 = VECTOR('',#5996,1.);
#5996 = DIRECTION('',(-1.,0.));
#5997 = ( GEOMETRIC_REPRESENTATION_CONTEXT(2) 
PARAMETRIC_REPRESENTATION_CONTEXT() REPRESENTATION_CONTEXT('2D SPACE',''
  ) );
#5998 = ORIENTED_EDGE('',*,*,#5999,.F.);
#5999 = EDGE_CURVE('',#6000,#5972,#6002,.T.);
#6000 = VERTEX_POINT('',#6001);
#6001 = CARTESIAN_POINT('',(95.,88.975,0.));
#6002 = SURFACE_CURVE('',#6003,(#6007,#6014),.PCURVE_S1.);
#6003 = LINE('',#6004,#6005);
#6004 = CARTESIAN_POINT('',(95.,88.975,0.));
#6005 = VECTOR('',#6006,1.);
#6006 = DIRECTION('',(0.,0.,1.));
#6007 = PCURVE('',#5947,#6008);
#6008 = DEFINITIONAL_REPRESENTATION('',(#6009),#6013);
#6009 = LINE('',#6010,#6011);
#6010 = CARTESIAN_POINT('',(95.,0.));
#6011 = VECTOR('',#6012,1.);
#6012 = DIRECTION('',(0.,-1.));
#6013 = ( GEOMETRIC_REPRESENTATION_CONTEXT(2) 
PARAMETRIC_REPRESENTATION_CONTEXT() REPRESENTATION_CONTEXT('2D SPACE',''
  ) );
#6014 = PCURVE('',#6015,#6020);
#6015 = PLANE('',#6016);
#6016 = AXIS2_PLACEMENT_3D('',#6017,#6018,#6019);
#6017 = CARTESIAN_POINT('',(95.,88.975,0.));
#6018 = DIRECTION('',(1.,0.,-0.));
#6019 = DIRECTION('',(0.,-1.,0.));
#6020 = DEFINITIONAL_REPRESENTATION('',(#6021),#6025);
#6021 = LINE('',#6022,#6023);
#6022 = CARTESIAN_POINT('',(0.,0.));
#6023 = VECTOR('',#6024,1.);
#6024 = DIRECTION('',(0.,-1.));
#6025 = ( GEOMETRIC_REPRESENTATION_CONTEXT(2) 
PARAMETRIC_REPRESENTATION_CONTEXT() REPRESENTATION_CONTEXT('2D SPACE',''
  ) );
#6026 = ORIENTED_EDGE('',*,*,#6027,.F.);
#6027 = EDGE_CURVE('',#5937,#6000,#6028,.T.);
#6028 = SURFACE_CURVE('',#6029,(#6033,#6040),.PCURVE_S1.);
#6029 = LINE('',#6030,#6031);
#6030 = CARTESIAN_POINT('',(0.,88.975,0.));
#6031 = VECTOR('',#6032,1.);
#6032 = DIRECTION('',(1.,0.,0.));
#6033 = PCURVE('',#5947,#6034);
#6034 = DEFINITIONAL_REPRESENTATION('',(#6035),#6039);
#6035 = LINE('',#6036,#6037);
#6036 = CARTESIAN_POINT('',(0.,0.));
#6037 = VECTOR('',#6038,1.);
#6038 = DIRECTION('',(1.,0.));
#6039 = ( GEOMETRIC_REPRESENTATION_CONTEXT(2) 
PARAMETRIC_REPRESENTATION_CONTEXT() REPRESENTATION_CONTEXT('2D SPACE',''
  ) );
#6040 = PCURVE('',#6041,#6046);
#6041 = PLANE('',#6042);
#6042 = AXIS2_PLACEMENT_3D('',#6043,#6044,#6045);
#6043 = CARTESIAN_POINT('',(47.5,83.975,0.));
#6044 = DIRECTION('',(-0.,-0.,-1.));
#6045 = DIRECTION('',(-1.,0.,0.));
#6046 = DEFINITIONAL_REPRESENTATION('',(#6047),#6051);
#6047 = LINE('',#6048,#6049);
#6048 = CARTESIAN_POINT('',(47.5,5.));
#6049 = VECTOR('',#6050,1.);
#6050 = DIRECTION('',(-1.,0.));
#6051 = ( GEOMETRIC_REPRESENTATION_CONTEXT(2) 
PARAMETRIC_REPRESENTATION_CONTEXT() REPRESENTATION_CONTEXT('2D SPACE',''
  ) );
#6052 = ADVANCED_FACE('',(#6053),#6015,.T.);
#6053 = FACE_BOUND('',#6054,.T.);
#6054 = EDGE_LOOP('',(#6055,#6056,#6079,#6107));
#6055 = ORIENTED_EDGE('',*,*,#5999,.T.);
#6056 = ORIENTED_EDGE('',*,*,#6057,.T.);
#6057 = EDGE_CURVE('',#5972,#6058,#6060,.T.);
#6058 = VERTEX_POINT('',#6059);
#6059 = CARTESIAN_POINT('',(95.,78.975,8.));
#6060 = SURFACE_CURVE('',#6061,(#6065,#6072),.PCURVE_S1.);
#6061 = LINE('',#6062,#6063);
#6062 = CARTESIAN_POINT('',(95.,88.975,8.));
#6063 = VECTOR('',#6064,1.);
#6064 = DIRECTION('',(0.,-1.,0.));
#6065 = PCURVE('',#6015,#6066);
#6066 = DEFINITIONAL_REPRESENTATION('',(#6067),#6071);
#6067 = LINE('',#6068,#6069);
#6068 = CARTESIAN_POINT('',(0.,-8.));
#6069 = VECTOR('',#6070,1.);
#6070 = DIRECTION('',(1.,0.));
#6071 = ( GEOMETRIC_REPRESENTATION_CONTEXT(2) 
PARAMETRIC_REPRESENTATION_CONTEXT() REPRESENTATION_CONTEXT('2D SPACE',''
  ) );
#6072 = PCURVE('',#5987,#6073);
#6073 = DEFINITIONAL_REPRESENTATION('',(#6074),#6078);
#6074 = LINE('',#6075,#6076);
#6075 = CARTESIAN_POINT('',(-47.5,5.));
#6076 = VECTOR('',#6077,1.);
#6077 = DIRECTION('',(0.,-1.));
#6078 = ( GEOMETRIC_REPRESENTATION_CONTEXT(2) 
PARAMETRIC_REPRESENTATION_CONTEXT() REPRESENTATION_CONTEXT('2D SPACE',''
  ) );
#6079 = ORIENTED_EDGE('',*,*,#6080,.F.);
#6080 = EDGE_CURVE('',#6081,#6058,#6083,.T.);
#6081 = VERTEX_POINT('',#6082);
#6082 = CARTESIAN_POINT('',(95.,78.975,0.));
#6083 = SURFACE_CURVE('',#6084,(#6088,#6095),.PCURVE_S1.);
#6084 = LINE('',#6085,#6086);
#6085 = CARTESIAN_POINT('',(95.,78.975,0.));
#6086 = VECTOR('',#6087,1.);
#6087 = DIRECTION('',(0.,0.,1.));
#6088 = PCURVE('',#6015,#6089);
#6089 = DEFINITIONAL_REPRESENTATION('',(#6090),#6094);
#6090 = LINE('',#6091,#6092);
#6091 = CARTESIAN_POINT('',(10.,0.));
#6092 = VECTOR('',#6093,1.);
#6093 = DIRECTION('',(0.,-1.));
#6094 = ( GEOMETRIC_REPRESENTATION_CONTEXT(2) 
PARAMETRIC_REPRESENTATION_CONTEXT() REPRESENTATION_CONTEXT('2D SPACE',''
  ) );
#6095 = PCURVE('',#6096,#6101);
#6096 = PLANE('',#6097);
#6097 = AXIS2_PLACEMENT_3D('',#6098,#6099,#6100);
#6098 = CARTESIAN_POINT('',(95.,78.975,0.));
#6099 = DIRECTION('',(0.,-1.,0.));
#6100 = DIRECTION('',(-1.,0.,0.));
#6101 = DEFINITIONAL_REPRESENTATION('',(#6102),#6106);
#6102 = LINE('',#6103,#6104);
#6103 = CARTESIAN_POINT('',(0.,-0.));
#6104 = VECTOR('',#6105,1.);
#6105 = DIRECTION('',(0.,-1.));
#6106 = ( GEOMETRIC_REPRESENTATION_CONTEXT(2) 
PARAMETRIC_REPRESENTATION_CONTEXT() REPRESENTATION_CONTEXT('2D SPACE',''
  ) );
#6107 = ORIENTED_EDGE('',*,*,#6108,.F.);
#6108 = EDGE_CURVE('',#6000,#6081,#6109,.T.);
#6109 = SURFACE_CURVE('',#6110,(#6114,#6121),.PCURVE_S1.);
#6110 = LINE('',#6111,#6112);
#6111 = CARTESIAN_POINT('',(95.,88.975,0.));
#6112 = VECTOR('',#6113,1.);
#6113 = DIRECTION('',(0.,-1.,0.));
#6114 = PCURVE('',#6015,#6115);
#6115 = DEFINITIONAL_REPRESENTATION('',(#6116),#6120);
#6116 = LINE('',#6117,#6118);
#6117 = CARTESIAN_POINT('',(0.,0.));
#6118 = VECTOR('',#6119,1.);
#6119 = DIRECTION('',(1.,0.));
#6120 = ( GEOMETRIC_REPRESENTATION_CONTEXT(2) 
PARAMETRIC_REPRESENTATION_CONTEXT() REPRESENTATION_CONTEXT('2D SPACE',''
  ) );
#6121 = PCURVE('',#6041,#6122);
#6122 = DEFINITIONAL_REPRESENTATION('',(#6123),#6127);
#6123 = LINE('',#6124,#6125);
#6124 = CARTESIAN_POINT('',(-47.5,5.));
#6125 = VECTOR('',#6126,1.);
#6126 = DIRECTION('',(0.,-1.));
#6127 = ( GEOMETRIC_REPRESENTATION_CONTEXT(2) 
PARAMETRIC_REPRESENTATION_CONTEXT() REPRESENTATION_CONTEXT('2D SPACE',''
  ) );
#6128 = ADVANCED_FACE('',(#6129),#6096,.T.);
#6129 = FACE_BOUND('',#6130,.T.);
#6130 = EDGE_LOOP('',(#6131,#6132,#6155,#6178));
#6131 = ORIENTED_EDGE('',*,*,#6080,.T.);
#6132 = ORIENTED_EDGE('',*,*,#6133,.T.);
#6133 = EDGE_CURVE('',#6058,#6134,#6136,.T.);
#6134 = VERTEX_POINT('',#6135);
#6135 = CARTESIAN_POINT('',(0.,78.975,8.));
#6136 = SURFACE_CURVE('',#6137,(#6141,#6148),.PCURVE_S1.);
#6137 = LINE('',#6138,#6139);
#6138 = CARTESIAN_POINT('',(95.,78.975,8.));
#6139 = VECTOR('',#6140,1.);
#6140 = DIRECTION('',(-1.,0.,0.));
#6141 = PCURVE('',#6096,#6142);
#6142 = DEFINITIONAL_REPRESENTATION('',(#6143),#6147);
#6143 = LINE('',#6144,#6145);
#6144 = CARTESIAN_POINT('',(0.,-8.));
#6145 = VECTOR('',#6146,1.);
#6146 = DIRECTION('',(1.,0.));
#6147 = ( GEOMETRIC_REPRESENTATION_CONTEXT(2) 
PARAMETRIC_REPRESENTATION_CONTEXT() REPRESENTATION_CONTEXT('2D SPACE',''
  ) );
#6148 = PCURVE('',#5987,#6149);
#6149 = DEFINITIONAL_REPRESENTATION('',(#6150),#6154);
#6150 = LINE('',#6151,#6152);
#6151 = CARTESIAN_POINT('',(-47.5,-5.));
#6152 = VECTOR('',#6153,1.);
#6153 = DIRECTION('',(1.,0.));
#6154 = ( GEOMETRIC_REPRESENTATION_CONTEXT(2) 
PARAMETRIC_REPRESENTATION_CONTEXT() REPRESENTATION_CONTEXT('2D SPACE',''
  ) );
#6155 = ORIENTED_EDGE('',*,*,#6156,.F.);
#6156 = EDGE_CURVE('',#6157,#6134,#6159,.T.);
#6157 = VERTEX_POINT('',#6158);
#6158 = CARTESIAN_POINT('',(0.,78.975,0.));
#6159 = SURFACE_CURVE('',#6160,(#6164,#6171),.PCURVE_S1.);
#6160 = LINE('',#6161,#6162);
#6161 = CARTESIAN_POINT('',(0.,78.975,0.));
#6162 = VECTOR('',#6163,1.);
#6163 = DIRECTION('',(0.,0.,1.));
#6164 = PCURVE('',#6096,#6165);
#6165 = DEFINITIONAL_REPRESENTATION('',(#6166),#6170);
#6166 = LINE('',#6167,#6168);
#6167 = CARTESIAN_POINT('',(95.,0.));
#6168 = VECTOR('',#6169,1.);
#6169 = DIRECTION('',(0.,-1.));
#6170 = ( GEOMETRIC_REPRESENTATION_CONTEXT(2) 
PARAMETRIC_REPRESENTATION_CONTEXT() REPRESENTATION_CONTEXT('2D SPACE',''
  ) );
#6171 = PCURVE('',#5959,#6172);
#6172 = DEFINITIONAL_REPRESENTATION('',(#6173),#6177);
#6173 = LINE('',#6174,#6175);
#6174 = CARTESIAN_POINT('',(0.,0.));
#6175 = VECTOR('',#6176,1.);
#6176 = DIRECTION('',(0.,-1.));
#6177 = ( GEOMETRIC_REPRESENTATION_CONTEXT(2) 
PARAMETRIC_REPRESENTATION_CONTEXT() REPRESENTATION_CONTEXT('2D SPACE',''
  ) );
#6178 = ORIENTED_EDGE('',*,*,#6179,.F.);
#6179 = EDGE_CURVE('',#6081,#6157,#6180,.T.);
#6180 = SURFACE_CURVE('',#6181,(#6185,#6192),.PCURVE_S1.);
#6181 = LINE('',#6182,#6183);
#6182 = CARTESIAN_POINT('',(95.,78.975,0.));
#6183 = VECTOR('',#6184,1.);
#6184 = DIRECTION('',(-1.,0.,0.));
#6185 = PCURVE('',#6096,#6186);
#6186 = DEFINITIONAL_REPRESENTATION('',(#6187),#6191);
#6187 = LINE('',#6188,#6189);
#6188 = CARTESIAN_POINT('',(0.,-0.));
#6189 = VECTOR('',#6190,1.);
#6190 = DIRECTION('',(1.,0.));
#6191 = ( GEOMETRIC_REPRESENTATION_CONTEXT(2) 
PARAMETRIC_REPRESENTATION_CONTEXT() REPRESENTATION_CONTEXT('2D SPACE',''
  ) );
#6192 = PCURVE('',#6041,#6193);
#6193 = DEFINITIONAL_REPRESENTATION('',(#6194),#6198);
#6194 = LINE('',#6195,#6196);
#6195 = CARTESIAN_POINT('',(-47.5,-5.));
#6196 = VECTOR('',#6197,1.);
#6197 = DIRECTION('',(1.,0.));
#6198 = ( GEOMETRIC_REPRESENTATION_CONTEXT(2) 
PARAMETRIC_REPRESENTATION_CONTEXT() REPRESENTATION_CONTEXT('2D SPACE',''
  ) );
#6199 = ADVANCED_FACE('',(#6200),#5959,.T.);
#6200 = FACE_BOUND('',#6201,.T.);
#6201 = EDGE_LOOP('',(#6202,#6203,#6224,#6225));
#6202 = ORIENTED_EDGE('',*,*,#6156,.T.);
#6203 = ORIENTED_EDGE('',*,*,#6204,.T.);
#6204 = EDGE_CURVE('',#6134,#5939,#6205,.T.);
#6205 = SURFACE_CURVE('',#6206,(#6210,#6217),.PCURVE_S1.);
#6206 = LINE('',#6207,#6208);
#6207 = CARTESIAN_POINT('',(0.,78.975,8.));
#6208 = VECTOR('',#6209,1.);
#6209 = DIRECTION('',(0.,1.,0.));
#6210 = PCURVE('',#5959,#6211);
#6211 = DEFINITIONAL_REPRESENTATION('',(#6212),#6216);
#6212 = LINE('',#6213,#6214);
#6213 = CARTESIAN_POINT('',(0.,-8.));
#6214 = VECTOR('',#6215,1.);
#6215 = DIRECTION('',(1.,0.));
#6216 = ( GEOMETRIC_REPRESENTATION_CONTEXT(2) 
PARAMETRIC_REPRESENTATION_CONTEXT() REPRESENTATION_CONTEXT('2D SPACE',''
  ) );
#6217 = PCURVE('',#5987,#6218);
#6218 = DEFINITIONAL_REPRESENTATION('',(#6219),#6223);
#6219 = LINE('',#6220,#6221);
#6220 = CARTESIAN_POINT('',(47.5,-5.));
#6221 = VECTOR('',#6222,1.);
#6222 = DIRECTION('',(0.,1.));
#6223 = ( GEOMETRIC_REPRESENTATION_CONTEXT(2) 
PARAMETRIC_REPRESENTATION_CONTEXT() REPRESENTATION_CONTEXT('2D SPACE',''
  ) );
#6224 = ORIENTED_EDGE('',*,*,#5936,.F.);
#6225 = ORIENTED_EDGE('',*,*,#6226,.F.);
#6226 = EDGE_CURVE('',#6157,#5937,#6227,.T.);
#6227 = SURFACE_CURVE('',#6228,(#6232,#6239),.PCURVE_S1.);
#6228 = LINE('',#6229,#6230);
#6229 = CARTESIAN_POINT('',(0.,78.975,0.));
#6230 = VECTOR('',#6231,1.);
#6231 = DIRECTION('',(0.,1.,0.));
#6232 = PCURVE('',#5959,#6233);
#6233 = DEFINITIONAL_REPRESENTATION('',(#6234),#6238);
#6234 = LINE('',#6235,#6236);
#6235 = CARTESIAN_POINT('',(0.,0.));
#6236 = VECTOR('',#6237,1.);
#6237 = DIRECTION('',(1.,0.));
#6238 = ( GEOMETRIC_REPRESENTATION_CONTEXT(2) 
PARAMETRIC_REPRESENTATION_CONTEXT() REPRESENTATION_CONTEXT('2D SPACE',''
  ) );
#6239 = PCURVE('',#6041,#6240);
#6240 = DEFINITIONAL_REPRESENTATION('',(#6241),#6245);
#6241 = LINE('',#6242,#6243);
#6242 = CARTESIAN_POINT('',(47.5,-5.));
#6243 = VECTOR('',#6244,1.);
#6244 = DIRECTION('',(0.,1.));
#6245 = ( GEOMETRIC_REPRESENTATION_CONTEXT(2) 
PARAMETRIC_REPRESENTATION_CONTEXT() REPRESENTATION_CONTEXT('2D SPACE',''
  ) );
#6246 = ADVANCED_FACE('',(#6247),#6041,.T.);
#6247 = FACE_BOUND('',#6248,.T.);
#6248 = EDGE_LOOP('',(#6249,#6250,#6251,#6252));
#6249 = ORIENTED_EDGE('',*,*,#6027,.T.);
#6250 = ORIENTED_EDGE('',*,*,#6108,.T.);
#6251 = ORIENTED_EDGE('',*,*,#6179,.T.);
#6252 = ORIENTED_EDGE('',*,*,#6226,.T.);
#6253 = ADVANCED_FACE('',(#6254),#5987,.F.);
#6254 = FACE_BOUND('',#6255,.F.);
#6255 = EDGE_LOOP('',(#6256,#6257,#6258,#6259));
#6256 = ORIENTED_EDGE('',*,*,#5971,.T.);
#6257 = ORIENTED_EDGE('',*,*,#6057,.T.);
#6258 = ORIENTED_EDGE('',*,*,#6133,.T.);
#6259 = ORIENTED_EDGE('',*,*,#6204,.T.);
#6260 = ( GEOMETRIC_REPRESENTATION_CONTEXT(3) 
GLOBAL_UNCERTAINTY_ASSIGNED_CONTEXT((#6264)) 
GLOBAL_UNIT_ASSIGNED_CONTEXT((#6261,#6262,#6263)) REPRESENTATION_CONTEXT
('Context #1','3D Context with UNIT and UNCERTAINTY') );
#6261 = ( LENGTH_UNIT() NAMED_UNIT(*) SI_UNIT(.MILLI.,.METRE.) );
#6262 = ( NAMED_UNIT(*) PLANE_ANGLE_UNIT() SI_UNIT($,.RADIAN.) );
#6263 = ( NAMED_UNIT(*) SI_UNIT($,.STERADIAN.) SOLID_ANGLE_UNIT() );
#6264 = UNCERTAINTY_MEASURE_WITH_UNIT(LENGTH_MEASURE(1.E-07),#6261,
  'distance_accuracy_value','confusion accuracy');
#6265 = CONTEXT_DEPENDENT_SHAPE_REPRESENTATION(#6266,#6268);
#6266 = ( REPRESENTATION_RELATIONSHIP('','',#5929,#10) 
REPRESENTATION_RELATIONSHIP_WITH_TRANSFORMATION(#6267) 
SHAPE_REPRESENTATION_RELATIONSHIP() );
#6267 = ITEM_DEFINED_TRANSFORMATION('','',#11,#75);
#6268 = PRODUCT_DEFINITION_SHAPE('Placement','Placement of an item',
  #6269);
#6269 = NEXT_ASSEMBLY_USAGE_OCCURRENCE('116','part_0022__01','',#5,#5924
  ,$);
#6270 = PRODUCT_RELATED_PRODUCT_CATEGORY('part',$,(#5926));
#6271 = SHAPE_DEFINITION_REPRESENTATION(#6272,#6278);
#6272 = PRODUCT_DEFINITION_SHAPE('','',#6273);
#6273 = PRODUCT_DEFINITION('design','',#6274,#6277);
#6274 = PRODUCT_DEFINITION_FORMATION('','',#6275);
#6275 = PRODUCT('part_0012__01','part_0012__01','',(#6276));
#6276 = PRODUCT_CONTEXT('',#2,'mechanical');
#6277 = PRODUCT_DEFINITION_CONTEXT('part definition',#2,'design');
#6278 = ADVANCED_BREP_SHAPE_REPRESENTATION('',(#11,#6279),#6609);
#6279 = MANIFOLD_SOLID_BREP('',#6280);
#6280 = CLOSED_SHELL('',(#6281,#6401,#6477,#6548,#6595,#6602));
#6281 = ADVANCED_FACE('',(#6282),#6296,.T.);
#6282 = FACE_BOUND('',#6283,.T.);
#6283 = EDGE_LOOP('',(#6284,#6319,#6347,#6375));
#6284 = ORIENTED_EDGE('',*,*,#6285,.T.);
#6285 = EDGE_CURVE('',#6286,#6288,#6290,.T.);
#6286 = VERTEX_POINT('',#6287);
#6287 = CARTESIAN_POINT('',(0.,102.975,0.));
#6288 = VERTEX_POINT('',#6289);
#6289 = CARTESIAN_POINT('',(0.,102.975,8.));
#6290 = SURFACE_CURVE('',#6291,(#6295,#6307),.PCURVE_S1.);
#6291 = LINE('',#6292,#6293);
#6292 = CARTESIAN_POINT('',(0.,102.975,0.));
#6293 = VECTOR('',#6294,1.);
#6294 = DIRECTION('',(0.,0.,1.));
#6295 = PCURVE('',#6296,#6301);
#6296 = PLANE('',#6297);
#6297 = AXIS2_PLACEMENT_3D('',#6298,#6299,#6300);
#6298 = CARTESIAN_POINT('',(0.,102.975,0.));
#6299 = DIRECTION('',(0.,1.,0.));
#6300 = DIRECTION('',(1.,0.,0.));
#6301 = DEFINITIONAL_REPRESENTATION('',(#6302),#6306);
#6302 = LINE('',#6303,#6304);
#6303 = CARTESIAN_POINT('',(0.,0.));
#6304 = VECTOR('',#6305,1.);
#6305 = DIRECTION('',(0.,-1.));
#6306 = ( GEOMETRIC_REPRESENTATION_CONTEXT(2) 
PARAMETRIC_REPRESENTATION_CONTEXT() REPRESENTATION_CONTEXT('2D SPACE',''
  ) );
#6307 = PCURVE('',#6308,#6313);
#6308 = PLANE('',#6309);
#6309 = AXIS2_PLACEMENT_3D('',#6310,#6311,#6312);
#6310 = CARTESIAN_POINT('',(0.,92.975,0.));
#6311 = DIRECTION('',(-1.,0.,0.));
#6312 = DIRECTION('',(0.,1.,0.));
#6313 = DEFINITIONAL_REPRESENTATION('',(#6314),#6318);
#6314 = LINE('',#6315,#6316);
#6315 = CARTESIAN_POINT('',(10.,0.));
#6316 = VECTOR('',#6317,1.);
#6317 = DIRECTION('',(0.,-1.));
#6318 = ( GEOMETRIC_REPRESENTATION_CONTEXT(2) 
PARAMETRIC_REPRESENTATION_CONTEXT() REPRESENTATION_CONTEXT('2D SPACE',''
  ) );
#6319 = ORIENTED_EDGE('',*,*,#6320,.T.);
#6320 = EDGE_CURVE('',#6288,#6321,#6323,.T.);
#6321 = VERTEX_POINT('',#6322);
#6322 = CARTESIAN_POINT('',(82.5,102.975,8.));
#6323 = SURFACE_CURVE('',#6324,(#6328,#6335),.PCURVE_S1.);
#6324 = LINE('',#6325,#6326);
#6325 = CARTESIAN_POINT('',(0.,102.975,8.));
#6326 = VECTOR('',#6327,1.);
#6327 = DIRECTION('',(1.,0.,0.));
#6328 = PCURVE('',#6296,#6329);
#6329 = DEFINITIONAL_REPRESENTATION('',(#6330),#6334);
#6330 = LINE('',#6331,#6332);
#6331 = CARTESIAN_POINT('',(0.,-8.));
#6332 = VECTOR('',#6333,1.);
#6333 = DIRECTION('',(1.,0.));
#6334 = ( GEOMETRIC_REPRESENTATION_CONTEXT(2) 
PARAMETRIC_REPRESENTATION_CONTEXT() REPRESENTATION_CONTEXT('2D SPACE',''
  ) );
#6335 = PCURVE('',#6336,#6341);
#6336 = PLANE('',#6337);
#6337 = AXIS2_PLACEMENT_3D('',#6338,#6339,#6340);
#6338 = CARTESIAN_POINT('',(41.25,97.975,8.));
#6339 = DIRECTION('',(-0.,-0.,-1.));
#6340 = DIRECTION('',(-1.,0.,0.));
#6341 = DEFINITIONAL_REPRESENTATION('',(#6342),#6346);
#6342 = LINE('',#6343,#6344);
#6343 = CARTESIAN_POINT('',(41.25,5.));
#6344 = VECTOR('',#6345,1.);
#6345 = DIRECTION('',(-1.,0.));
#6346 = ( GEOMETRIC_REPRESENTATION_CONTEXT(2) 
PARAMETRIC_REPRESENTATION_CONTEXT() REPRESENTATION_CONTEXT('2D SPACE',''
  ) );
#6347 = ORIENTED_EDGE('',*,*,#6348,.F.);
#6348 = EDGE_CURVE('',#6349,#6321,#6351,.T.);
#6349 = VERTEX_POINT('',#6350);
#6350 = CARTESIAN_POINT('',(82.5,102.975,0.));
#6351 = SURFACE_CURVE('',#6352,(#6356,#6363),.PCURVE_S1.);
#6352 = LINE('',#6353,#6354);
#6353 = CARTESIAN_POINT('',(82.5,102.975,0.));
#6354 = VECTOR('',#6355,1.);
#6355 = DIRECTION('',(0.,0.,1.));
#6356 = PCURVE('',#6296,#6357);
#6357 = DEFINITIONAL_REPRESENTATION('',(#6358),#6362);
#6358 = LINE('',#6359,#6360);
#6359 = CARTESIAN_POINT('',(82.5,0.));
#6360 = VECTOR('',#6361,1.);
#6361 = DIRECTION('',(0.,-1.));
#6362 = ( GEOMETRIC_REPRESENTATION_CONTEXT(2) 
PARAMETRIC_REPRESENTATION_CONTEXT() REPRESENTATION_CONTEXT('2D SPACE',''
  ) );
#6363 = PCURVE('',#6364,#6369);
#6364 = PLANE('',#6365);
#6365 = AXIS2_PLACEMENT_3D('',#6366,#6367,#6368);
#6366 = CARTESIAN_POINT('',(82.5,102.975,0.));
#6367 = DIRECTION('',(1.,0.,-0.));
#6368 = DIRECTION('',(0.,-1.,0.));
#6369 = DEFINITIONAL_REPRESENTATION('',(#6370),#6374);
#6370 = LINE('',#6371,#6372);
#6371 = CARTESIAN_POINT('',(0.,0.));
#6372 = VECTOR('',#6373,1.);
#6373 = DIRECTION('',(0.,-1.));
#6374 = ( GEOMETRIC_REPRESENTATION_CONTEXT(2) 
PARAMETRIC_REPRESENTATION_CONTEXT() REPRESENTATION_CONTEXT('2D SPACE',''
  ) );
#6375 = ORIENTED_EDGE('',*,*,#6376,.F.);
#6376 = EDGE_CURVE('',#6286,#6349,#6377,.T.);
#6377 = SURFACE_CURVE('',#6378,(#6382,#6389),.PCURVE_S1.);
#6378 = LINE('',#6379,#6380);
#6379 = CARTESIAN_POINT('',(0.,102.975,0.));
#6380 = VECTOR('',#6381,1.);
#6381 = DIRECTION('',(1.,0.,0.));
#6382 = PCURVE('',#6296,#6383);
#6383 = DEFINITIONAL_REPRESENTATION('',(#6384),#6388);
#6384 = LINE('',#6385,#6386);
#6385 = CARTESIAN_POINT('',(0.,0.));
#6386 = VECTOR('',#6387,1.);
#6387 = DIRECTION('',(1.,0.));
#6388 = ( GEOMETRIC_REPRESENTATION_CONTEXT(2) 
PARAMETRIC_REPRESENTATION_CONTEXT() REPRESENTATION_CONTEXT('2D SPACE',''
  ) );
#6389 = PCURVE('',#6390,#6395);
#6390 = PLANE('',#6391);
#6391 = AXIS2_PLACEMENT_3D('',#6392,#6393,#6394);
#6392 = CARTESIAN_POINT('',(41.25,97.975,0.));
#6393 = DIRECTION('',(-0.,-0.,-1.));
#6394 = DIRECTION('',(-1.,0.,0.));
#6395 = DEFINITIONAL_REPRESENTATION('',(#6396),#6400);
#6396 = LINE('',#6397,#6398);
#6397 = CARTESIAN_POINT('',(41.25,5.));
#6398 = VECTOR('',#6399,1.);
#6399 = DIRECTION('',(-1.,0.));
#6400 = ( GEOMETRIC_REPRESENTATION_CONTEXT(2) 
PARAMETRIC_REPRESENTATION_CONTEXT() REPRESENTATION_CONTEXT('2D SPACE',''
  ) );
#6401 = ADVANCED_FACE('',(#6402),#6364,.T.);
#6402 = FACE_BOUND('',#6403,.T.);
#6403 = EDGE_LOOP('',(#6404,#6405,#6428,#6456));
#6404 = ORIENTED_EDGE('',*,*,#6348,.T.);
#6405 = ORIENTED_EDGE('',*,*,#6406,.T.);
#6406 = EDGE_CURVE('',#6321,#6407,#6409,.T.);
#6407 = VERTEX_POINT('',#6408);
#6408 = CARTESIAN_POINT('',(82.5,92.975,8.));
#6409 = SURFACE_CURVE('',#6410,(#6414,#6421),.PCURVE_S1.);
#6410 = LINE('',#6411,#6412);
#6411 = CARTESIAN_POINT('',(82.5,102.975,8.));
#6412 = VECTOR('',#6413,1.);
#6413 = DIRECTION('',(0.,-1.,0.));
#6414 = PCURVE('',#6364,#6415);
#6415 = DEFINITIONAL_REPRESENTATION('',(#6416),#6420);
#6416 = LINE('',#6417,#6418);
#6417 = CARTESIAN_POINT('',(0.,-8.));
#6418 = VECTOR('',#6419,1.);
#6419 = DIRECTION('',(1.,0.));
#6420 = ( GEOMETRIC_REPRESENTATION_CONTEXT(2) 
PARAMETRIC_REPRESENTATION_CONTEXT() REPRESENTATION_CONTEXT('2D SPACE',''
  ) );
#6421 = PCURVE('',#6336,#6422);
#6422 = DEFINITIONAL_REPRESENTATION('',(#6423),#6427);
#6423 = LINE('',#6424,#6425);
#6424 = CARTESIAN_POINT('',(-41.25,5.));
#6425 = VECTOR('',#6426,1.);
#6426 = DIRECTION('',(0.,-1.));
#6427 = ( GEOMETRIC_REPRESENTATION_CONTEXT(2) 
PARAMETRIC_REPRESENTATION_CONTEXT() REPRESENTATION_CONTEXT('2D SPACE',''
  ) );
#6428 = ORIENTED_EDGE('',*,*,#6429,.F.);
#6429 = EDGE_CURVE('',#6430,#6407,#6432,.T.);
#6430 = VERTEX_POINT('',#6431);
#6431 = CARTESIAN_POINT('',(82.5,92.975,0.));
#6432 = SURFACE_CURVE('',#6433,(#6437,#6444),.PCURVE_S1.);
#6433 = LINE('',#6434,#6435);
#6434 = CARTESIAN_POINT('',(82.5,92.975,0.));
#6435 = VECTOR('',#6436,1.);
#6436 = DIRECTION('',(0.,0.,1.));
#6437 = PCURVE('',#6364,#6438);
#6438 = DEFINITIONAL_REPRESENTATION('',(#6439),#6443);
#6439 = LINE('',#6440,#6441);
#6440 = CARTESIAN_POINT('',(10.,0.));
#6441 = VECTOR('',#6442,1.);
#6442 = DIRECTION('',(0.,-1.));
#6443 = ( GEOMETRIC_REPRESENTATION_CONTEXT(2) 
PARAMETRIC_REPRESENTATION_CONTEXT() REPRESENTATION_CONTEXT('2D SPACE',''
  ) );
#6444 = PCURVE('',#6445,#6450);
#6445 = PLANE('',#6446);
#6446 = AXIS2_PLACEMENT_3D('',#6447,#6448,#6449);
#6447 = CARTESIAN_POINT('',(82.5,92.975,0.));
#6448 = DIRECTION('',(0.,-1.,0.));
#6449 = DIRECTION('',(-1.,0.,0.));
#6450 = DEFINITIONAL_REPRESENTATION('',(#6451),#6455);
#6451 = LINE('',#6452,#6453);
#6452 = CARTESIAN_POINT('',(0.,-0.));
#6453 = VECTOR('',#6454,1.);
#6454 = DIRECTION('',(0.,-1.));
#6455 = ( GEOMETRIC_REPRESENTATION_CONTEXT(2) 
PARAMETRIC_REPRESENTATION_CONTEXT() REPRESENTATION_CONTEXT('2D SPACE',''
  ) );
#6456 = ORIENTED_EDGE('',*,*,#6457,.F.);
#6457 = EDGE_CURVE('',#6349,#6430,#6458,.T.);
#6458 = SURFACE_CURVE('',#6459,(#6463,#6470),.PCURVE_S1.);
#6459 = LINE('',#6460,#6461);
#6460 = CARTESIAN_POINT('',(82.5,102.975,0.));
#6461 = VECTOR('',#6462,1.);
#6462 = DIRECTION('',(0.,-1.,0.));
#6463 = PCURVE('',#6364,#6464);
#6464 = DEFINITIONAL_REPRESENTATION('',(#6465),#6469);
#6465 = LINE('',#6466,#6467);
#6466 = CARTESIAN_POINT('',(0.,0.));
#6467 = VECTOR('',#6468,1.);
#6468 = DIRECTION('',(1.,0.));
#6469 = ( GEOMETRIC_REPRESENTATION_CONTEXT(2) 
PARAMETRIC_REPRESENTATION_CONTEXT() REPRESENTATION_CONTEXT('2D SPACE',''
  ) );
#6470 = PCURVE('',#6390,#6471);
#6471 = DEFINITIONAL_REPRESENTATION('',(#6472),#6476);
#6472 = LINE('',#6473,#6474);
#6473 = CARTESIAN_POINT('',(-41.25,5.));
#6474 = VECTOR('',#6475,1.);
#6475 = DIRECTION('',(0.,-1.));
#6476 = ( GEOMETRIC_REPRESENTATION_CONTEXT(2) 
PARAMETRIC_REPRESENTATION_CONTEXT() REPRESENTATION_CONTEXT('2D SPACE',''
  ) );
#6477 = ADVANCED_FACE('',(#6478),#6445,.T.);
#6478 = FACE_BOUND('',#6479,.T.);
#6479 = EDGE_LOOP('',(#6480,#6481,#6504,#6527));
#6480 = ORIENTED_EDGE('',*,*,#6429,.T.);
#6481 = ORIENTED_EDGE('',*,*,#6482,.T.);
#6482 = EDGE_CURVE('',#6407,#6483,#6485,.T.);
#6483 = VERTEX_POINT('',#6484);
#6484 = CARTESIAN_POINT('',(0.,92.975,8.));
#6485 = SURFACE_CURVE('',#6486,(#6490,#6497),.PCURVE_S1.);
#6486 = LINE('',#6487,#6488);
#6487 = CARTESIAN_POINT('',(82.5,92.975,8.));
#6488 = VECTOR('',#6489,1.);
#6489 = DIRECTION('',(-1.,0.,0.));
#6490 = PCURVE('',#6445,#6491);
#6491 = DEFINITIONAL_REPRESENTATION('',(#6492),#6496);
#6492 = LINE('',#6493,#6494);
#6493 = CARTESIAN_POINT('',(0.,-8.));
#6494 = VECTOR('',#6495,1.);
#6495 = DIRECTION('',(1.,0.));
#6496 = ( GEOMETRIC_REPRESENTATION_CONTEXT(2) 
PARAMETRIC_REPRESENTATION_CONTEXT() REPRESENTATION_CONTEXT('2D SPACE',''
  ) );
#6497 = PCURVE('',#6336,#6498);
#6498 = DEFINITIONAL_REPRESENTATION('',(#6499),#6503);
#6499 = LINE('',#6500,#6501);
#6500 = CARTESIAN_POINT('',(-41.25,-5.));
#6501 = VECTOR('',#6502,1.);
#6502 = DIRECTION('',(1.,0.));
#6503 = ( GEOMETRIC_REPRESENTATION_CONTEXT(2) 
PARAMETRIC_REPRESENTATION_CONTEXT() REPRESENTATION_CONTEXT('2D SPACE',''
  ) );
#6504 = ORIENTED_EDGE('',*,*,#6505,.F.);
#6505 = EDGE_CURVE('',#6506,#6483,#6508,.T.);
#6506 = VERTEX_POINT('',#6507);
#6507 = CARTESIAN_POINT('',(0.,92.975,0.));
#6508 = SURFACE_CURVE('',#6509,(#6513,#6520),.PCURVE_S1.);
#6509 = LINE('',#6510,#6511);
#6510 = CARTESIAN_POINT('',(0.,92.975,0.));
#6511 = VECTOR('',#6512,1.);
#6512 = DIRECTION('',(0.,0.,1.));
#6513 = PCURVE('',#6445,#6514);
#6514 = DEFINITIONAL_REPRESENTATION('',(#6515),#6519);
#6515 = LINE('',#6516,#6517);
#6516 = CARTESIAN_POINT('',(82.5,0.));
#6517 = VECTOR('',#6518,1.);
#6518 = DIRECTION('',(0.,-1.));
#6519 = ( GEOMETRIC_REPRESENTATION_CONTEXT(2) 
PARAMETRIC_REPRESENTATION_CONTEXT() REPRESENTATION_CONTEXT('2D SPACE',''
  ) );
#6520 = PCURVE('',#6308,#6521);
#6521 = DEFINITIONAL_REPRESENTATION('',(#6522),#6526);
#6522 = LINE('',#6523,#6524);
#6523 = CARTESIAN_POINT('',(0.,0.));
#6524 = VECTOR('',#6525,1.);
#6525 = DIRECTION('',(0.,-1.));
#6526 = ( GEOMETRIC_REPRESENTATION_CONTEXT(2) 
PARAMETRIC_REPRESENTATION_CONTEXT() REPRESENTATION_CONTEXT('2D SPACE',''
  ) );
#6527 = ORIENTED_EDGE('',*,*,#6528,.F.);
#6528 = EDGE_CURVE('',#6430,#6506,#6529,.T.);
#6529 = SURFACE_CURVE('',#6530,(#6534,#6541),.PCURVE_S1.);
#6530 = LINE('',#6531,#6532);
#6531 = CARTESIAN_POINT('',(82.5,92.975,0.));
#6532 = VECTOR('',#6533,1.);
#6533 = DIRECTION('',(-1.,0.,0.));
#6534 = PCURVE('',#6445,#6535);
#6535 = DEFINITIONAL_REPRESENTATION('',(#6536),#6540);
#6536 = LINE('',#6537,#6538);
#6537 = CARTESIAN_POINT('',(0.,-0.));
#6538 = VECTOR('',#6539,1.);
#6539 = DIRECTION('',(1.,0.));
#6540 = ( GEOMETRIC_REPRESENTATION_CONTEXT(2) 
PARAMETRIC_REPRESENTATION_CONTEXT() REPRESENTATION_CONTEXT('2D SPACE',''
  ) );
#6541 = PCURVE('',#6390,#6542);
#6542 = DEFINITIONAL_REPRESENTATION('',(#6543),#6547);
#6543 = LINE('',#6544,#6545);
#6544 = CARTESIAN_POINT('',(-41.25,-5.));
#6545 = VECTOR('',#6546,1.);
#6546 = DIRECTION('',(1.,0.));
#6547 = ( GEOMETRIC_REPRESENTATION_CONTEXT(2) 
PARAMETRIC_REPRESENTATION_CONTEXT() REPRESENTATION_CONTEXT('2D SPACE',''
  ) );
#6548 = ADVANCED_FACE('',(#6549),#6308,.T.);
#6549 = FACE_BOUND('',#6550,.T.);
#6550 = EDGE_LOOP('',(#6551,#6552,#6573,#6574));
#6551 = ORIENTED_EDGE('',*,*,#6505,.T.);
#6552 = ORIENTED_EDGE('',*,*,#6553,.T.);
#6553 = EDGE_CURVE('',#6483,#6288,#6554,.T.);
#6554 = SURFACE_CURVE('',#6555,(#6559,#6566),.PCURVE_S1.);
#6555 = LINE('',#6556,#6557);
#6556 = CARTESIAN_POINT('',(0.,92.975,8.));
#6557 = VECTOR('',#6558,1.);
#6558 = DIRECTION('',(0.,1.,0.));
#6559 = PCURVE('',#6308,#6560);
#6560 = DEFINITIONAL_REPRESENTATION('',(#6561),#6565);
#6561 = LINE('',#6562,#6563);
#6562 = CARTESIAN_POINT('',(0.,-8.));
#6563 = VECTOR('',#6564,1.);
#6564 = DIRECTION('',(1.,0.));
#6565 = ( GEOMETRIC_REPRESENTATION_CONTEXT(2) 
PARAMETRIC_REPRESENTATION_CONTEXT() REPRESENTATION_CONTEXT('2D SPACE',''
  ) );
#6566 = PCURVE('',#6336,#6567);
#6567 = DEFINITIONAL_REPRESENTATION('',(#6568),#6572);
#6568 = LINE('',#6569,#6570);
#6569 = CARTESIAN_POINT('',(41.25,-5.));
#6570 = VECTOR('',#6571,1.);
#6571 = DIRECTION('',(0.,1.));
#6572 = ( GEOMETRIC_REPRESENTATION_CONTEXT(2) 
PARAMETRIC_REPRESENTATION_CONTEXT() REPRESENTATION_CONTEXT('2D SPACE',''
  ) );
#6573 = ORIENTED_EDGE('',*,*,#6285,.F.);
#6574 = ORIENTED_EDGE('',*,*,#6575,.F.);
#6575 = EDGE_CURVE('',#6506,#6286,#6576,.T.);
#6576 = SURFACE_CURVE('',#6577,(#6581,#6588),.PCURVE_S1.);
#6577 = LINE('',#6578,#6579);
#6578 = CARTESIAN_POINT('',(0.,92.975,0.));
#6579 = VECTOR('',#6580,1.);
#6580 = DIRECTION('',(0.,1.,0.));
#6581 = PCURVE('',#6308,#6582);
#6582 = DEFINITIONAL_REPRESENTATION('',(#6583),#6587);
#6583 = LINE('',#6584,#6585);
#6584 = CARTESIAN_POINT('',(0.,0.));
#6585 = VECTOR('',#6586,1.);
#6586 = DIRECTION('',(1.,0.));
#6587 = ( GEOMETRIC_REPRESENTATION_CONTEXT(2) 
PARAMETRIC_REPRESENTATION_CONTEXT() REPRESENTATION_CONTEXT('2D SPACE',''
  ) );
#6588 = PCURVE('',#6390,#6589);
#6589 = DEFINITIONAL_REPRESENTATION('',(#6590),#6594);
#6590 = LINE('',#6591,#6592);
#6591 = CARTESIAN_POINT('',(41.25,-5.));
#6592 = VECTOR('',#6593,1.);
#6593 = DIRECTION('',(0.,1.));
#6594 = ( GEOMETRIC_REPRESENTATION_CONTEXT(2) 
PARAMETRIC_REPRESENTATION_CONTEXT() REPRESENTATION_CONTEXT('2D SPACE',''
  ) );
#6595 = ADVANCED_FACE('',(#6596),#6390,.T.);
#6596 = FACE_BOUND('',#6597,.T.);
#6597 = EDGE_LOOP('',(#6598,#6599,#6600,#6601));
#6598 = ORIENTED_EDGE('',*,*,#6376,.T.);
#6599 = ORIENTED_EDGE('',*,*,#6457,.T.);
#6600 = ORIENTED_EDGE('',*,*,#6528,.T.);
#6601 = ORIENTED_EDGE('',*,*,#6575,.T.);
#6602 = ADVANCED_FACE('',(#6603),#6336,.F.);
#6603 = FACE_BOUND('',#6604,.F.);
#6604 = EDGE_LOOP('',(#6605,#6606,#6607,#6608));
#6605 = ORIENTED_EDGE('',*,*,#6320,.T.);
#6606 = ORIENTED_EDGE('',*,*,#6406,.T.);
#6607 = ORIENTED_EDGE('',*,*,#6482,.T.);
#6608 = ORIENTED_EDGE('',*,*,#6553,.T.);
#6609 = ( GEOMETRIC_REPRESENTATION_CONTEXT(3) 
GLOBAL_UNCERTAINTY_ASSIGNED_CONTEXT((#6613)) 
GLOBAL_UNIT_ASSIGNED_CONTEXT((#6610,#6611,#6612)) REPRESENTATION_CONTEXT
('Context #1','3D Context with UNIT and UNCERTAINTY') );
#6610 = ( LENGTH_UNIT() NAMED_UNIT(*) SI_UNIT(.MILLI.,.METRE.) );
#6611 = ( NAMED_UNIT(*) PLANE_ANGLE_UNIT() SI_UNIT($,.RADIAN.) );
#6612 = ( NAMED_UNIT(*) SI_UNIT($,.STERADIAN.) SOLID_ANGLE_UNIT() );
#6613 = UNCERTAINTY_MEASURE_WITH_UNIT(LENGTH_MEASURE(1.E-07),#6610,
  'distance_accuracy_value','confusion accuracy');
#6614 = CONTEXT_DEPENDENT_SHAPE_REPRESENTATION(#6615,#6617);
#6615 = ( REPRESENTATION_RELATIONSHIP('','',#6278,#10) 
REPRESENTATION_RELATIONSHIP_WITH_TRANSFORMATION(#6616) 
SHAPE_REPRESENTATION_RELATIONSHIP() );
#6616 = ITEM_DEFINED_TRANSFORMATION('','',#11,#79);
#6617 = PRODUCT_DEFINITION_SHAPE('Placement','Placement of an item',
  #6618);
#6618 = NEXT_ASSEMBLY_USAGE_OCCURRENCE('117','part_0012__01','',#5,#6273
  ,$);
#6619 = PRODUCT_RELATED_PRODUCT_CATEGORY('part',$,(#6275));
#6620 = SHAPE_DEFINITION_REPRESENTATION(#6621,#6627);
#6621 = PRODUCT_DEFINITION_SHAPE('','',#6622);
#6622 = PRODUCT_DEFINITION('design','',#6623,#6626);
#6623 = PRODUCT_DEFINITION_FORMATION('','',#6624);
#6624 = PRODUCT('part_0013__01','part_0013__01','',(#6625));
#6625 = PRODUCT_CONTEXT('',#2,'mechanical');
#6626 = PRODUCT_DEFINITION_CONTEXT('part definition',#2,'design');
#6627 = ADVANCED_BREP_SHAPE_REPRESENTATION('',(#11,#6628),#6958);
#6628 = MANIFOLD_SOLID_BREP('',#6629);
#6629 = CLOSED_SHELL('',(#6630,#6750,#6826,#6897,#6944,#6951));
#6630 = ADVANCED_FACE('',(#6631),#6645,.T.);
#6631 = FACE_BOUND('',#6632,.T.);
#6632 = EDGE_LOOP('',(#6633,#6668,#6696,#6724));
#6633 = ORIENTED_EDGE('',*,*,#6634,.T.);
#6634 = EDGE_CURVE('',#6635,#6637,#6639,.T.);
#6635 = VERTEX_POINT('',#6636);
#6636 = CARTESIAN_POINT('',(86.5,102.975,0.));
#6637 = VERTEX_POINT('',#6638);
#6638 = CARTESIAN_POINT('',(86.5,102.975,8.));
#6639 = SURFACE_CURVE('',#6640,(#6644,#6656),.PCURVE_S1.);
#6640 = LINE('',#6641,#6642);
#6641 = CARTESIAN_POINT('',(86.5,102.975,0.));
#6642 = VECTOR('',#6643,1.);
#6643 = DIRECTION('',(0.,0.,1.));
#6644 = PCURVE('',#6645,#6650);
#6645 = PLANE('',#6646);
#6646 = AXIS2_PLACEMENT_3D('',#6647,#6648,#6649);
#6647 = CARTESIAN_POINT('',(86.5,102.975,0.));
#6648 = DIRECTION('',(0.,1.,0.));
#6649 = DIRECTION('',(1.,0.,0.));
#6650 = DEFINITIONAL_REPRESENTATION('',(#6651),#6655);
#6651 = LINE('',#6652,#6653);
#6652 = CARTESIAN_POINT('',(0.,0.));
#6653 = VECTOR('',#6654,1.);
#6654 = DIRECTION('',(0.,-1.));
#6655 = ( GEOMETRIC_REPRESENTATION_CONTEXT(2) 
PARAMETRIC_REPRESENTATION_CONTEXT() REPRESENTATION_CONTEXT('2D SPACE',''
  ) );
#6656 = PCURVE('',#6657,#6662);
#6657 = PLANE('',#6658);
#6658 = AXIS2_PLACEMENT_3D('',#6659,#6660,#6661);
#6659 = CARTESIAN_POINT('',(86.5,92.975,0.));
#6660 = DIRECTION('',(-1.,0.,0.));
#6661 = DIRECTION('',(0.,1.,0.));
#6662 = DEFINITIONAL_REPRESENTATION('',(#6663),#6667);
#6663 = LINE('',#6664,#6665);
#6664 = CARTESIAN_POINT('',(10.,0.));
#6665 = VECTOR('',#6666,1.);
#6666 = DIRECTION('',(0.,-1.));
#6667 = ( GEOMETRIC_REPRESENTATION_CONTEXT(2) 
PARAMETRIC_REPRESENTATION_CONTEXT() REPRESENTATION_CONTEXT('2D SPACE',''
  ) );
#6668 = ORIENTED_EDGE('',*,*,#6669,.T.);
#6669 = EDGE_CURVE('',#6637,#6670,#6672,.T.);
#6670 = VERTEX_POINT('',#6671);
#6671 = CARTESIAN_POINT('',(129.,102.975,8.));
#6672 = SURFACE_CURVE('',#6673,(#6677,#6684),.PCURVE_S1.);
#6673 = LINE('',#6674,#6675);
#6674 = CARTESIAN_POINT('',(86.5,102.975,8.));
#6675 = VECTOR('',#6676,1.);
#6676 = DIRECTION('',(1.,0.,0.));
#6677 = PCURVE('',#6645,#6678);
#6678 = DEFINITIONAL_REPRESENTATION('',(#6679),#6683);
#6679 = LINE('',#6680,#6681);
#6680 = CARTESIAN_POINT('',(0.,-8.));
#6681 = VECTOR('',#6682,1.);
#6682 = DIRECTION('',(1.,0.));
#6683 = ( GEOMETRIC_REPRESENTATION_CONTEXT(2) 
PARAMETRIC_REPRESENTATION_CONTEXT() REPRESENTATION_CONTEXT('2D SPACE',''
  ) );
#6684 = PCURVE('',#6685,#6690);
#6685 = PLANE('',#6686);
#6686 = AXIS2_PLACEMENT_3D('',#6687,#6688,#6689);
#6687 = CARTESIAN_POINT('',(107.75,97.975,8.));
#6688 = DIRECTION('',(-0.,-0.,-1.));
#6689 = DIRECTION('',(-1.,0.,0.));
#6690 = DEFINITIONAL_REPRESENTATION('',(#6691),#6695);
#6691 = LINE('',#6692,#6693);
#6692 = CARTESIAN_POINT('',(21.25,5.));
#6693 = VECTOR('',#6694,1.);
#6694 = DIRECTION('',(-1.,0.));
#6695 = ( GEOMETRIC_REPRESENTATION_CONTEXT(2) 
PARAMETRIC_REPRESENTATION_CONTEXT() REPRESENTATION_CONTEXT('2D SPACE',''
  ) );
#6696 = ORIENTED_EDGE('',*,*,#6697,.F.);
#6697 = EDGE_CURVE('',#6698,#6670,#6700,.T.);
#6698 = VERTEX_POINT('',#6699);
#6699 = CARTESIAN_POINT('',(129.,102.975,0.));
#6700 = SURFACE_CURVE('',#6701,(#6705,#6712),.PCURVE_S1.);
#6701 = LINE('',#6702,#6703);
#6702 = CARTESIAN_POINT('',(129.,102.975,0.));
#6703 = VECTOR('',#6704,1.);
#6704 = DIRECTION('',(0.,0.,1.));
#6705 = PCURVE('',#6645,#6706);
#6706 = DEFINITIONAL_REPRESENTATION('',(#6707),#6711);
#6707 = LINE('',#6708,#6709);
#6708 = CARTESIAN_POINT('',(42.5,0.));
#6709 = VECTOR('',#6710,1.);
#6710 = DIRECTION('',(0.,-1.));
#6711 = ( GEOMETRIC_REPRESENTATION_CONTEXT(2) 
PARAMETRIC_REPRESENTATION_CONTEXT() REPRESENTATION_CONTEXT('2D SPACE',''
  ) );
#6712 = PCURVE('',#6713,#6718);
#6713 = PLANE('',#6714);
#6714 = AXIS2_PLACEMENT_3D('',#6715,#6716,#6717);
#6715 = CARTESIAN_POINT('',(129.,102.975,0.));
#6716 = DIRECTION('',(1.,0.,-0.));
#6717 = DIRECTION('',(0.,-1.,0.));
#6718 = DEFINITIONAL_REPRESENTATION('',(#6719),#6723);
#6719 = LINE('',#6720,#6721);
#6720 = CARTESIAN_POINT('',(0.,0.));
#6721 = VECTOR('',#6722,1.);
#6722 = DIRECTION('',(0.,-1.));
#6723 = ( GEOMETRIC_REPRESENTATION_CONTEXT(2) 
PARAMETRIC_REPRESENTATION_CONTEXT() REPRESENTATION_CONTEXT('2D SPACE',''
  ) );
#6724 = ORIENTED_EDGE('',*,*,#6725,.F.);
#6725 = EDGE_CURVE('',#6635,#6698,#6726,.T.);
#6726 = SURFACE_CURVE('',#6727,(#6731,#6738),.PCURVE_S1.);
#6727 = LINE('',#6728,#6729);
#6728 = CARTESIAN_POINT('',(86.5,102.975,0.));
#6729 = VECTOR('',#6730,1.);
#6730 = DIRECTION('',(1.,0.,0.));
#6731 = PCURVE('',#6645,#6732);
#6732 = DEFINITIONAL_REPRESENTATION('',(#6733),#6737);
#6733 = LINE('',#6734,#6735);
#6734 = CARTESIAN_POINT('',(0.,0.));
#6735 = VECTOR('',#6736,1.);
#6736 = DIRECTION('',(1.,0.));
#6737 = ( GEOMETRIC_REPRESENTATION_CONTEXT(2) 
PARAMETRIC_REPRESENTATION_CONTEXT() REPRESENTATION_CONTEXT('2D SPACE',''
  ) );
#6738 = PCURVE('',#6739,#6744);
#6739 = PLANE('',#6740);
#6740 = AXIS2_PLACEMENT_3D('',#6741,#6742,#6743);
#6741 = CARTESIAN_POINT('',(107.75,97.975,0.));
#6742 = DIRECTION('',(-0.,-0.,-1.));
#6743 = DIRECTION('',(-1.,0.,0.));
#6744 = DEFINITIONAL_REPRESENTATION('',(#6745),#6749);
#6745 = LINE('',#6746,#6747);
#6746 = CARTESIAN_POINT('',(21.25,5.));
#6747 = VECTOR('',#6748,1.);
#6748 = DIRECTION('',(-1.,0.));
#6749 = ( GEOMETRIC_REPRESENTATION_CONTEXT(2) 
PARAMETRIC_REPRESENTATION_CONTEXT() REPRESENTATION_CONTEXT('2D SPACE',''
  ) );
#6750 = ADVANCED_FACE('',(#6751),#6713,.T.);
#6751 = FACE_BOUND('',#6752,.T.);
#6752 = EDGE_LOOP('',(#6753,#6754,#6777,#6805));
#6753 = ORIENTED_EDGE('',*,*,#6697,.T.);
#6754 = ORIENTED_EDGE('',*,*,#6755,.T.);
#6755 = EDGE_CURVE('',#6670,#6756,#6758,.T.);
#6756 = VERTEX_POINT('',#6757);
#6757 = CARTESIAN_POINT('',(129.,92.975,8.));
#6758 = SURFACE_CURVE('',#6759,(#6763,#6770),.PCURVE_S1.);
#6759 = LINE('',#6760,#6761);
#6760 = CARTESIAN_POINT('',(129.,102.975,8.));
#6761 = VECTOR('',#6762,1.);
#6762 = DIRECTION('',(0.,-1.,0.));
#6763 = PCURVE('',#6713,#6764);
#6764 = DEFINITIONAL_REPRESENTATION('',(#6765),#6769);
#6765 = LINE('',#6766,#6767);
#6766 = CARTESIAN_POINT('',(0.,-8.));
#6767 = VECTOR('',#6768,1.);
#6768 = DIRECTION('',(1.,0.));
#6769 = ( GEOMETRIC_REPRESENTATION_CONTEXT(2) 
PARAMETRIC_REPRESENTATION_CONTEXT() REPRESENTATION_CONTEXT('2D SPACE',''
  ) );
#6770 = PCURVE('',#6685,#6771);
#6771 = DEFINITIONAL_REPRESENTATION('',(#6772),#6776);
#6772 = LINE('',#6773,#6774);
#6773 = CARTESIAN_POINT('',(-21.25,5.));
#6774 = VECTOR('',#6775,1.);
#6775 = DIRECTION('',(0.,-1.));
#6776 = ( GEOMETRIC_REPRESENTATION_CONTEXT(2) 
PARAMETRIC_REPRESENTATION_CONTEXT() REPRESENTATION_CONTEXT('2D SPACE',''
  ) );
#6777 = ORIENTED_EDGE('',*,*,#6778,.F.);
#6778 = EDGE_CURVE('',#6779,#6756,#6781,.T.);
#6779 = VERTEX_POINT('',#6780);
#6780 = CARTESIAN_POINT('',(129.,92.975,0.));
#6781 = SURFACE_CURVE('',#6782,(#6786,#6793),.PCURVE_S1.);
#6782 = LINE('',#6783,#6784);
#6783 = CARTESIAN_POINT('',(129.,92.975,0.));
#6784 = VECTOR('',#6785,1.);
#6785 = DIRECTION('',(0.,0.,1.));
#6786 = PCURVE('',#6713,#6787);
#6787 = DEFINITIONAL_REPRESENTATION('',(#6788),#6792);
#6788 = LINE('',#6789,#6790);
#6789 = CARTESIAN_POINT('',(10.,0.));
#6790 = VECTOR('',#6791,1.);
#6791 = DIRECTION('',(0.,-1.));
#6792 = ( GEOMETRIC_REPRESENTATION_CONTEXT(2) 
PARAMETRIC_REPRESENTATION_CONTEXT() REPRESENTATION_CONTEXT('2D SPACE',''
  ) );
#6793 = PCURVE('',#6794,#6799);
#6794 = PLANE('',#6795);
#6795 = AXIS2_PLACEMENT_3D('',#6796,#6797,#6798);
#6796 = CARTESIAN_POINT('',(129.,92.975,0.));
#6797 = DIRECTION('',(0.,-1.,0.));
#6798 = DIRECTION('',(-1.,0.,0.));
#6799 = DEFINITIONAL_REPRESENTATION('',(#6800),#6804);
#6800 = LINE('',#6801,#6802);
#6801 = CARTESIAN_POINT('',(0.,-0.));
#6802 = VECTOR('',#6803,1.);
#6803 = DIRECTION('',(0.,-1.));
#6804 = ( GEOMETRIC_REPRESENTATION_CONTEXT(2) 
PARAMETRIC_REPRESENTATION_CONTEXT() REPRESENTATION_CONTEXT('2D SPACE',''
  ) );
#6805 = ORIENTED_EDGE('',*,*,#6806,.F.);
#6806 = EDGE_CURVE('',#6698,#6779,#6807,.T.);
#6807 = SURFACE_CURVE('',#6808,(#6812,#6819),.PCURVE_S1.);
#6808 = LINE('',#6809,#6810);
#6809 = CARTESIAN_POINT('',(129.,102.975,0.));
#6810 = VECTOR('',#6811,1.);
#6811 = DIRECTION('',(0.,-1.,0.));
#6812 = PCURVE('',#6713,#6813);
#6813 = DEFINITIONAL_REPRESENTATION('',(#6814),#6818);
#6814 = LINE('',#6815,#6816);
#6815 = CARTESIAN_POINT('',(0.,0.));
#6816 = VECTOR('',#6817,1.);
#6817 = DIRECTION('',(1.,0.));
#6818 = ( GEOMETRIC_REPRESENTATION_CONTEXT(2) 
PARAMETRIC_REPRESENTATION_CONTEXT() REPRESENTATION_CONTEXT('2D SPACE',''
  ) );
#6819 = PCURVE('',#6739,#6820);
#6820 = DEFINITIONAL_REPRESENTATION('',(#6821),#6825);
#6821 = LINE('',#6822,#6823);
#6822 = CARTESIAN_POINT('',(-21.25,5.));
#6823 = VECTOR('',#6824,1.);
#6824 = DIRECTION('',(0.,-1.));
#6825 = ( GEOMETRIC_REPRESENTATION_CONTEXT(2) 
PARAMETRIC_REPRESENTATION_CONTEXT() REPRESENTATION_CONTEXT('2D SPACE',''
  ) );
#6826 = ADVANCED_FACE('',(#6827),#6794,.T.);
#6827 = FACE_BOUND('',#6828,.T.);
#6828 = EDGE_LOOP('',(#6829,#6830,#6853,#6876));
#6829 = ORIENTED_EDGE('',*,*,#6778,.T.);
#6830 = ORIENTED_EDGE('',*,*,#6831,.T.);
#6831 = EDGE_CURVE('',#6756,#6832,#6834,.T.);
#6832 = VERTEX_POINT('',#6833);
#6833 = CARTESIAN_POINT('',(86.5,92.975,8.));
#6834 = SURFACE_CURVE('',#6835,(#6839,#6846),.PCURVE_S1.);
#6835 = LINE('',#6836,#6837);
#6836 = CARTESIAN_POINT('',(129.,92.975,8.));
#6837 = VECTOR('',#6838,1.);
#6838 = DIRECTION('',(-1.,0.,0.));
#6839 = PCURVE('',#6794,#6840);
#6840 = DEFINITIONAL_REPRESENTATION('',(#6841),#6845);
#6841 = LINE('',#6842,#6843);
#6842 = CARTESIAN_POINT('',(0.,-8.));
#6843 = VECTOR('',#6844,1.);
#6844 = DIRECTION('',(1.,0.));
#6845 = ( GEOMETRIC_REPRESENTATION_CONTEXT(2) 
PARAMETRIC_REPRESENTATION_CONTEXT() REPRESENTATION_CONTEXT('2D SPACE',''
  ) );
#6846 = PCURVE('',#6685,#6847);
#6847 = DEFINITIONAL_REPRESENTATION('',(#6848),#6852);
#6848 = LINE('',#6849,#6850);
#6849 = CARTESIAN_POINT('',(-21.25,-5.));
#6850 = VECTOR('',#6851,1.);
#6851 = DIRECTION('',(1.,0.));
#6852 = ( GEOMETRIC_REPRESENTATION_CONTEXT(2) 
PARAMETRIC_REPRESENTATION_CONTEXT() REPRESENTATION_CONTEXT('2D SPACE',''
  ) );
#6853 = ORIENTED_EDGE('',*,*,#6854,.F.);
#6854 = EDGE_CURVE('',#6855,#6832,#6857,.T.);
#6855 = VERTEX_POINT('',#6856);
#6856 = CARTESIAN_POINT('',(86.5,92.975,0.));
#6857 = SURFACE_CURVE('',#6858,(#6862,#6869),.PCURVE_S1.);
#6858 = LINE('',#6859,#6860);
#6859 = CARTESIAN_POINT('',(86.5,92.975,0.));
#6860 = VECTOR('',#6861,1.);
#6861 = DIRECTION('',(0.,0.,1.));
#6862 = PCURVE('',#6794,#6863);
#6863 = DEFINITIONAL_REPRESENTATION('',(#6864),#6868);
#6864 = LINE('',#6865,#6866);
#6865 = CARTESIAN_POINT('',(42.5,0.));
#6866 = VECTOR('',#6867,1.);
#6867 = DIRECTION('',(0.,-1.));
#6868 = ( GEOMETRIC_REPRESENTATION_CONTEXT(2) 
PARAMETRIC_REPRESENTATION_CONTEXT() REPRESENTATION_CONTEXT('2D SPACE',''
  ) );
#6869 = PCURVE('',#6657,#6870);
#6870 = DEFINITIONAL_REPRESENTATION('',(#6871),#6875);
#6871 = LINE('',#6872,#6873);
#6872 = CARTESIAN_POINT('',(0.,0.));
#6873 = VECTOR('',#6874,1.);
#6874 = DIRECTION('',(0.,-1.));
#6875 = ( GEOMETRIC_REPRESENTATION_CONTEXT(2) 
PARAMETRIC_REPRESENTATION_CONTEXT() REPRESENTATION_CONTEXT('2D SPACE',''
  ) );
#6876 = ORIENTED_EDGE('',*,*,#6877,.F.);
#6877 = EDGE_CURVE('',#6779,#6855,#6878,.T.);
#6878 = SURFACE_CURVE('',#6879,(#6883,#6890),.PCURVE_S1.);
#6879 = LINE('',#6880,#6881);
#6880 = CARTESIAN_POINT('',(129.,92.975,0.));
#6881 = VECTOR('',#6882,1.);
#6882 = DIRECTION('',(-1.,0.,0.));
#6883 = PCURVE('',#6794,#6884);
#6884 = DEFINITIONAL_REPRESENTATION('',(#6885),#6889);
#6885 = LINE('',#6886,#6887);
#6886 = CARTESIAN_POINT('',(0.,-0.));
#6887 = VECTOR('',#6888,1.);
#6888 = DIRECTION('',(1.,0.));
#6889 = ( GEOMETRIC_REPRESENTATION_CONTEXT(2) 
PARAMETRIC_REPRESENTATION_CONTEXT() REPRESENTATION_CONTEXT('2D SPACE',''
  ) );
#6890 = PCURVE('',#6739,#6891);
#6891 = DEFINITIONAL_REPRESENTATION('',(#6892),#6896);
#6892 = LINE('',#6893,#6894);
#6893 = CARTESIAN_POINT('',(-21.25,-5.));
#6894 = VECTOR('',#6895,1.);
#6895 = DIRECTION('',(1.,0.));
#6896 = ( GEOMETRIC_REPRESENTATION_CONTEXT(2) 
PARAMETRIC_REPRESENTATION_CONTEXT() REPRESENTATION_CONTEXT('2D SPACE',''
  ) );
#6897 = ADVANCED_FACE('',(#6898),#6657,.T.);
#6898 = FACE_BOUND('',#6899,.T.);
#6899 = EDGE_LOOP('',(#6900,#6901,#6922,#6923));
#6900 = ORIENTED_EDGE('',*,*,#6854,.T.);
#6901 = ORIENTED_EDGE('',*,*,#6902,.T.);
#6902 = EDGE_CURVE('',#6832,#6637,#6903,.T.);
#6903 = SURFACE_CURVE('',#6904,(#6908,#6915),.PCURVE_S1.);
#6904 = LINE('',#6905,#6906);
#6905 = CARTESIAN_POINT('',(86.5,92.975,8.));
#6906 = VECTOR('',#6907,1.);
#6907 = DIRECTION('',(0.,1.,0.));
#6908 = PCURVE('',#6657,#6909);
#6909 = DEFINITIONAL_REPRESENTATION('',(#6910),#6914);
#6910 = LINE('',#6911,#6912);
#6911 = CARTESIAN_POINT('',(0.,-8.));
#6912 = VECTOR('',#6913,1.);
#6913 = DIRECTION('',(1.,0.));
#6914 = ( GEOMETRIC_REPRESENTATION_CONTEXT(2) 
PARAMETRIC_REPRESENTATION_CONTEXT() REPRESENTATION_CONTEXT('2D SPACE',''
  ) );
#6915 = PCURVE('',#6685,#6916);
#6916 = DEFINITIONAL_REPRESENTATION('',(#6917),#6921);
#6917 = LINE('',#6918,#6919);
#6918 = CARTESIAN_POINT('',(21.25,-5.));
#6919 = VECTOR('',#6920,1.);
#6920 = DIRECTION('',(0.,1.));
#6921 = ( GEOMETRIC_REPRESENTATION_CONTEXT(2) 
PARAMETRIC_REPRESENTATION_CONTEXT() REPRESENTATION_CONTEXT('2D SPACE',''
  ) );
#6922 = ORIENTED_EDGE('',*,*,#6634,.F.);
#6923 = ORIENTED_EDGE('',*,*,#6924,.F.);
#6924 = EDGE_CURVE('',#6855,#6635,#6925,.T.);
#6925 = SURFACE_CURVE('',#6926,(#6930,#6937),.PCURVE_S1.);
#6926 = LINE('',#6927,#6928);
#6927 = CARTESIAN_POINT('',(86.5,92.975,0.));
#6928 = VECTOR('',#6929,1.);
#6929 = DIRECTION('',(0.,1.,0.));
#6930 = PCURVE('',#6657,#6931);
#6931 = DEFINITIONAL_REPRESENTATION('',(#6932),#6936);
#6932 = LINE('',#6933,#6934);
#6933 = CARTESIAN_POINT('',(0.,0.));
#6934 = VECTOR('',#6935,1.);
#6935 = DIRECTION('',(1.,0.));
#6936 = ( GEOMETRIC_REPRESENTATION_CONTEXT(2) 
PARAMETRIC_REPRESENTATION_CONTEXT() REPRESENTATION_CONTEXT('2D SPACE',''
  ) );
#6937 = PCURVE('',#6739,#6938);
#6938 = DEFINITIONAL_REPRESENTATION('',(#6939),#6943);
#6939 = LINE('',#6940,#6941);
#6940 = CARTESIAN_POINT('',(21.25,-5.));
#6941 = VECTOR('',#6942,1.);
#6942 = DIRECTION('',(0.,1.));
#6943 = ( GEOMETRIC_REPRESENTATION_CONTEXT(2) 
PARAMETRIC_REPRESENTATION_CONTEXT() REPRESENTATION_CONTEXT('2D SPACE',''
  ) );
#6944 = ADVANCED_FACE('',(#6945),#6739,.T.);
#6945 = FACE_BOUND('',#6946,.T.);
#6946 = EDGE_LOOP('',(#6947,#6948,#6949,#6950));
#6947 = ORIENTED_EDGE('',*,*,#6725,.T.);
#6948 = ORIENTED_EDGE('',*,*,#6806,.T.);
#6949 = ORIENTED_EDGE('',*,*,#6877,.T.);
#6950 = ORIENTED_EDGE('',*,*,#6924,.T.);
#6951 = ADVANCED_FACE('',(#6952),#6685,.F.);
#6952 = FACE_BOUND('',#6953,.F.);
#6953 = EDGE_LOOP('',(#6954,#6955,#6956,#6957));
#6954 = ORIENTED_EDGE('',*,*,#6669,.T.);
#6955 = ORIENTED_EDGE('',*,*,#6755,.T.);
#6956 = ORIENTED_EDGE('',*,*,#6831,.T.);
#6957 = ORIENTED_EDGE('',*,*,#6902,.T.);
#6958 = ( GEOMETRIC_REPRESENTATION_CONTEXT(3) 
GLOBAL_UNCERTAINTY_ASSIGNED_CONTEXT((#6962)) 
GLOBAL_UNIT_ASSIGNED_CONTEXT((#6959,#6960,#6961)) REPRESENTATION_CONTEXT
('Context #1','3D Context with UNIT and UNCERTAINTY') );
#6959 = ( LENGTH_UNIT() NAMED_UNIT(*) SI_UNIT(.MILLI.,.METRE.) );
#6960 = ( NAMED_UNIT(*) PLANE_ANGLE_UNIT() SI_UNIT($,.RADIAN.) );
#6961 = ( NAMED_UNIT(*) SI_UNIT($,.STERADIAN.) SOLID_ANGLE_UNIT() );
#6962 = UNCERTAINTY_MEASURE_WITH_UNIT(LENGTH_MEASURE(1.E-07),#6959,
  'distance_accuracy_value','confusion accuracy');
#6963 = CONTEXT_DEPENDENT_SHAPE_REPRESENTATION(#6964,#6966);
#6964 = ( REPRESENTATION_RELATIONSHIP('','',#6627,#10) 
REPRESENTATION_RELATIONSHIP_WITH_TRANSFORMATION(#6965) 
SHAPE_REPRESENTATION_RELATIONSHIP() );
#6965 = ITEM_DEFINED_TRANSFORMATION('','',#11,#83);
#6966 = PRODUCT_DEFINITION_SHAPE('Placement','Placement of an item',
  #6967);
#6967 = NEXT_ASSEMBLY_USAGE_OCCURRENCE('118','part_0013__01','',#5,#6622
  ,$);
#6968 = PRODUCT_RELATED_PRODUCT_CATEGORY('part',$,(#6624));
#6969 = SHAPE_DEFINITION_REPRESENTATION(#6970,#6976);
#6970 = PRODUCT_DEFINITION_SHAPE('','',#6971);
#6971 = PRODUCT_DEFINITION('design','',#6972,#6975);
#6972 = PRODUCT_DEFINITION_FORMATION('','',#6973);
#6973 = PRODUCT('part_0054__01','part_0054__01','',(#6974));
#6974 = PRODUCT_CONTEXT('',#2,'mechanical');
#6975 = PRODUCT_DEFINITION_CONTEXT('part definition',#2,'design');
#6976 = ADVANCED_BREP_SHAPE_REPRESENTATION('',(#11,#6977),#7307);
#6977 = MANIFOLD_SOLID_BREP('',#6978);
#6978 = CLOSED_SHELL('',(#6979,#7099,#7175,#7246,#7293,#7300));
#6979 = ADVANCED_FACE('',(#6980),#6994,.F.);
#6980 = FACE_BOUND('',#6981,.F.);
#6981 = EDGE_LOOP('',(#6982,#7017,#7045,#7073));
#6982 = ORIENTED_EDGE('',*,*,#6983,.T.);
#6983 = EDGE_CURVE('',#6984,#6986,#6988,.T.);
#6984 = VERTEX_POINT('',#6985);
#6985 = CARTESIAN_POINT('',(165.5,102.975,0.));
#6986 = VERTEX_POINT('',#6987);
#6987 = CARTESIAN_POINT('',(165.5,102.975,8.));
#6988 = SURFACE_CURVE('',#6989,(#6993,#7005),.PCURVE_S1.);
#6989 = LINE('',#6990,#6991);
#6990 = CARTESIAN_POINT('',(165.5,102.975,0.));
#6991 = VECTOR('',#6992,1.);
#6992 = DIRECTION('',(0.,0.,1.));
#6993 = PCURVE('',#6994,#6999);
#6994 = PLANE('',#6995);
#6995 = AXIS2_PLACEMENT_3D('',#6996,#6997,#6998);
#6996 = CARTESIAN_POINT('',(165.5,102.975,0.));
#6997 = DIRECTION('',(0.,-1.,0.));
#6998 = DIRECTION('',(-1.,0.,0.));
#6999 = DEFINITIONAL_REPRESENTATION('',(#7000),#7004);
#7000 = LINE('',#7001,#7002);
#7001 = CARTESIAN_POINT('',(0.,-0.));
#7002 = VECTOR('',#7003,1.);
#7003 = DIRECTION('',(0.,-1.));
#7004 = ( GEOMETRIC_REPRESENTATION_CONTEXT(2) 
PARAMETRIC_REPRESENTATION_CONTEXT() REPRESENTATION_CONTEXT('2D SPACE',''
  ) );
#7005 = PCURVE('',#7006,#7011);
#7006 = PLANE('',#7007);
#7007 = AXIS2_PLACEMENT_3D('',#7008,#7009,#7010);
#7008 = CARTESIAN_POINT('',(175.5,92.975,0.));
#7009 = DIRECTION('',(-0.707106781187,-0.707106781187,0.));
#7010 = DIRECTION('',(-0.707106781187,0.707106781187,0.));
#7011 = DEFINITIONAL_REPRESENTATION('',(#7012),#7016);
#7012 = LINE('',#7013,#7014);
#7013 = CARTESIAN_POINT('',(14.142135623731,0.));
#7014 = VECTOR('',#7015,1.);
#7015 = DIRECTION('',(0.,-1.));
#7016 = ( GEOMETRIC_REPRESENTATION_CONTEXT(2) 
PARAMETRIC_REPRESENTATION_CONTEXT() REPRESENTATION_CONTEXT('2D SPACE',''
  ) );
#7017 = ORIENTED_EDGE('',*,*,#7018,.T.);
#7018 = EDGE_CURVE('',#6986,#7019,#7021,.T.);
#7019 = VERTEX_POINT('',#7020);
#7020 = CARTESIAN_POINT('',(143.,102.975,8.));
#7021 = SURFACE_CURVE('',#7022,(#7026,#7033),.PCURVE_S1.);
#7022 = LINE('',#7023,#7024);
#7023 = CARTESIAN_POINT('',(165.5,102.975,8.));
#7024 = VECTOR('',#7025,1.);
#7025 = DIRECTION('',(-1.,0.,0.));
#7026 = PCURVE('',#6994,#7027);
#7027 = DEFINITIONAL_REPRESENTATION('',(#7028),#7032);
#7028 = LINE('',#7029,#7030);
#7029 = CARTESIAN_POINT('',(0.,-8.));
#7030 = VECTOR('',#7031,1.);
#7031 = DIRECTION('',(1.,0.));
#7032 = ( GEOMETRIC_REPRESENTATION_CONTEXT(2) 
PARAMETRIC_REPRESENTATION_CONTEXT() REPRESENTATION_CONTEXT('2D SPACE',''
  ) );
#7033 = PCURVE('',#7034,#7039);
#7034 = PLANE('',#7035);
#7035 = AXIS2_PLACEMENT_3D('',#7036,#7037,#7038);
#7036 = CARTESIAN_POINT('',(154.25,96.903007919634,8.));
#7037 = DIRECTION('',(0.,0.,1.));
#7038 = DIRECTION('',(1.,0.,0.));
#7039 = DEFINITIONAL_REPRESENTATION('',(#7040),#7044);
#7040 = LINE('',#7041,#7042);
#7041 = CARTESIAN_POINT('',(11.25,6.071992080366));
#7042 = VECTOR('',#7043,1.);
#7043 = DIRECTION('',(-1.,0.));
#7044 = ( GEOMETRIC_REPRESENTATION_CONTEXT(2) 
PARAMETRIC_REPRESENTATION_CONTEXT() REPRESENTATION_CONTEXT('2D SPACE',''
  ) );
#7045 = ORIENTED_EDGE('',*,*,#7046,.F.);
#7046 = EDGE_CURVE('',#7047,#7019,#7049,.T.);
#7047 = VERTEX_POINT('',#7048);
#7048 = CARTESIAN_POINT('',(143.,102.975,0.));
#7049 = SURFACE_CURVE('',#7050,(#7054,#7061),.PCURVE_S1.);
#7050 = LINE('',#7051,#7052);
#7051 = CARTESIAN_POINT('',(143.,102.975,0.));
#7052 = VECTOR('',#7053,1.);
#7053 = DIRECTION('',(0.,0.,1.));
#7054 = PCURVE('',#6994,#7055);
#7055 = DEFINITIONAL_REPRESENTATION('',(#7056),#7060);
#7056 = LINE('',#7057,#7058);
#7057 = CARTESIAN_POINT('',(22.5,0.));
#7058 = VECTOR('',#7059,1.);
#7059 = DIRECTION('',(0.,-1.));
#7060 = ( GEOMETRIC_REPRESENTATION_CONTEXT(2) 
PARAMETRIC_REPRESENTATION_CONTEXT() REPRESENTATION_CONTEXT('2D SPACE',''
  ) );
#7061 = PCURVE('',#7062,#7067);
#7062 = PLANE('',#7063);
#7063 = AXIS2_PLACEMENT_3D('',#7064,#7065,#7066);
#7064 = CARTESIAN_POINT('',(143.,102.975,0.));
#7065 = DIRECTION('',(0.707106781187,-0.707106781187,0.));
#7066 = DIRECTION('',(-0.707106781187,-0.707106781187,0.));
#7067 = DEFINITIONAL_REPRESENTATION('',(#7068),#7072);
#7068 = LINE('',#7069,#7070);
#7069 = CARTESIAN_POINT('',(0.,0.));
#7070 = VECTOR('',#7071,1.);
#7071 = DIRECTION('',(0.,-1.));
#7072 = ( GEOMETRIC_REPRESENTATION_CONTEXT(2) 
PARAMETRIC_REPRESENTATION_CONTEXT() REPRESENTATION_CONTEXT('2D SPACE',''
  ) );
#7073 = ORIENTED_EDGE('',*,*,#7074,.F.);
#7074 = EDGE_CURVE('',#6984,#7047,#7075,.T.);
#7075 = SURFACE_CURVE('',#7076,(#7080,#7087),.PCURVE_S1.);
#7076 = LINE('',#7077,#7078);
#7077 = CARTESIAN_POINT('',(165.5,102.975,0.));
#7078 = VECTOR('',#7079,1.);
#7079 = DIRECTION('',(-1.,0.,0.));
#7080 = PCURVE('',#6994,#7081);
#7081 = DEFINITIONAL_REPRESENTATION('',(#7082),#7086);
#7082 = LINE('',#7083,#7084);
#7083 = CARTESIAN_POINT('',(0.,-0.));
#7084 = VECTOR('',#7085,1.);
#7085 = DIRECTION('',(1.,0.));
#7086 = ( GEOMETRIC_REPRESENTATION_CONTEXT(2) 
PARAMETRIC_REPRESENTATION_CONTEXT() REPRESENTATION_CONTEXT('2D SPACE',''
  ) );
#7087 = PCURVE('',#7088,#7093);
#7088 = PLANE('',#7089);
#7089 = AXIS2_PLACEMENT_3D('',#7090,#7091,#7092);
#7090 = CARTESIAN_POINT('',(154.25,96.903007919634,0.));
#7091 = DIRECTION('',(0.,0.,1.));
#7092 = DIRECTION('',(1.,0.,0.));
#7093 = DEFINITIONAL_REPRESENTATION('',(#7094),#7098);
#7094 = LINE('',#7095,#7096);
#7095 = CARTESIAN_POINT('',(11.25,6.071992080366));
#7096 = VECTOR('',#7097,1.);
#7097 = DIRECTION('',(-1.,0.));
#7098 = ( GEOMETRIC_REPRESENTATION_CONTEXT(2) 
PARAMETRIC_REPRESENTATION_CONTEXT() REPRESENTATION_CONTEXT('2D SPACE',''
  ) );
#7099 = ADVANCED_FACE('',(#7100),#7062,.F.);
#7100 = FACE_BOUND('',#7101,.F.);
#7101 = EDGE_LOOP('',(#7102,#7103,#7126,#7154));
#7102 = ORIENTED_EDGE('',*,*,#7046,.T.);
#7103 = ORIENTED_EDGE('',*,*,#7104,.T.);
#7104 = EDGE_CURVE('',#7019,#7105,#7107,.T.);
#7105 = VERTEX_POINT('',#7106);
#7106 = CARTESIAN_POINT('',(133.,92.975,8.));
#7107 = SURFACE_CURVE('',#7108,(#7112,#7119),.PCURVE_S1.);
#7108 = LINE('',#7109,#7110);
#7109 = CARTESIAN_POINT('',(143.,102.975,8.));
#7110 = VECTOR('',#7111,1.);
#7111 = DIRECTION('',(-0.707106781187,-0.707106781187,0.));
#7112 = PCURVE('',#7062,#7113);
#7113 = DEFINITIONAL_REPRESENTATION('',(#7114),#7118);
#7114 = LINE('',#7115,#7116);
#7115 = CARTESIAN_POINT('',(0.,-8.));
#7116 = VECTOR('',#7117,1.);
#7117 = DIRECTION('',(1.,0.));
#7118 = ( GEOMETRIC_REPRESENTATION_CONTEXT(2) 
PARAMETRIC_REPRESENTATION_CONTEXT() REPRESENTATION_CONTEXT('2D SPACE',''
  ) );
#7119 = PCURVE('',#7034,#7120);
#7120 = DEFINITIONAL_REPRESENTATION('',(#7121),#7125);
#7121 = LINE('',#7122,#7123);
#7122 = CARTESIAN_POINT('',(-11.25,6.071992080366));
#7123 = VECTOR('',#7124,1.);
#7124 = DIRECTION('',(-0.707106781187,-0.707106781187));
#7125 = ( GEOMETRIC_REPRESENTATION_CONTEXT(2) 
PARAMETRIC_REPRESENTATION_CONTEXT() REPRESENTATION_CONTEXT('2D SPACE',''
  ) );
#7126 = ORIENTED_EDGE('',*,*,#7127,.F.);
#7127 = EDGE_CURVE('',#7128,#7105,#7130,.T.);
#7128 = VERTEX_POINT('',#7129);
#7129 = CARTESIAN_POINT('',(133.,92.975,0.));
#7130 = SURFACE_CURVE('',#7131,(#7135,#7142),.PCURVE_S1.);
#7131 = LINE('',#7132,#7133);
#7132 = CARTESIAN_POINT('',(133.,92.975,0.));
#7133 = VECTOR('',#7134,1.);
#7134 = DIRECTION('',(0.,0.,1.));
#7135 = PCURVE('',#7062,#7136);
#7136 = DEFINITIONAL_REPRESENTATION('',(#7137),#7141);
#7137 = LINE('',#7138,#7139);
#7138 = CARTESIAN_POINT('',(14.142135623731,0.));
#7139 = VECTOR('',#7140,1.);
#7140 = DIRECTION('',(0.,-1.));
#7141 = ( GEOMETRIC_REPRESENTATION_CONTEXT(2) 
PARAMETRIC_REPRESENTATION_CONTEXT() REPRESENTATION_CONTEXT('2D SPACE',''
  ) );
#7142 = PCURVE('',#7143,#7148);
#7143 = PLANE('',#7144);
#7144 = AXIS2_PLACEMENT_3D('',#7145,#7146,#7147);
#7145 = CARTESIAN_POINT('',(133.,92.975,0.));
#7146 = DIRECTION('',(0.,1.,0.));
#7147 = DIRECTION('',(1.,0.,0.));
#7148 = DEFINITIONAL_REPRESENTATION('',(#7149),#7153);
#7149 = LINE('',#7150,#7151);
#7150 = CARTESIAN_POINT('',(0.,0.));
#7151 = VECTOR('',#7152,1.);
#7152 = DIRECTION('',(0.,-1.));
#7153 = ( GEOMETRIC_REPRESENTATION_CONTEXT(2) 
PARAMETRIC_REPRESENTATION_CONTEXT() REPRESENTATION_CONTEXT('2D SPACE',''
  ) );
#7154 = ORIENTED_EDGE('',*,*,#7155,.F.);
#7155 = EDGE_CURVE('',#7047,#7128,#7156,.T.);
#7156 = SURFACE_CURVE('',#7157,(#7161,#7168),.PCURVE_S1.);
#7157 = LINE('',#7158,#7159);
#7158 = CARTESIAN_POINT('',(143.,102.975,0.));
#7159 = VECTOR('',#7160,1.);
#7160 = DIRECTION('',(-0.707106781187,-0.707106781187,0.));
#7161 = PCURVE('',#7062,#7162);
#7162 = DEFINITIONAL_REPRESENTATION('',(#7163),#7167);
#7163 = LINE('',#7164,#7165);
#7164 = CARTESIAN_POINT('',(0.,0.));
#7165 = VECTOR('',#7166,1.);
#7166 = DIRECTION('',(1.,0.));
#7167 = ( GEOMETRIC_REPRESENTATION_CONTEXT(2) 
PARAMETRIC_REPRESENTATION_CONTEXT() REPRESENTATION_CONTEXT('2D SPACE',''
  ) );
#7168 = PCURVE('',#7088,#7169);
#7169 = DEFINITIONAL_REPRESENTATION('',(#7170),#7174);
#7170 = LINE('',#7171,#7172);
#7171 = CARTESIAN_POINT('',(-11.25,6.071992080366));
#7172 = VECTOR('',#7173,1.);
#7173 = DIRECTION('',(-0.707106781187,-0.707106781187));
#7174 = ( GEOMETRIC_REPRESENTATION_CONTEXT(2) 
PARAMETRIC_REPRESENTATION_CONTEXT() REPRESENTATION_CONTEXT('2D SPACE',''
  ) );
#7175 = ADVANCED_FACE('',(#7176),#7143,.F.);
#7176 = FACE_BOUND('',#7177,.F.);
#7177 = EDGE_LOOP('',(#7178,#7179,#7202,#7225));
#7178 = ORIENTED_EDGE('',*,*,#7127,.T.);
#7179 = ORIENTED_EDGE('',*,*,#7180,.T.);
#7180 = EDGE_CURVE('',#7105,#7181,#7183,.T.);
#7181 = VERTEX_POINT('',#7182);
#7182 = CARTESIAN_POINT('',(175.5,92.975,8.));
#7183 = SURFACE_CURVE('',#7184,(#7188,#7195),.PCURVE_S1.);
#7184 = LINE('',#7185,#7186);
#7185 = CARTESIAN_POINT('',(133.,92.975,8.));
#7186 = VECTOR('',#7187,1.);
#7187 = DIRECTION('',(1.,0.,0.));
#7188 = PCURVE('',#7143,#7189);
#7189 = DEFINITIONAL_REPRESENTATION('',(#7190),#7194);
#7190 = LINE('',#7191,#7192);
#7191 = CARTESIAN_POINT('',(0.,-8.));
#7192 = VECTOR('',#7193,1.);
#7193 = DIRECTION('',(1.,0.));
#7194 = ( GEOMETRIC_REPRESENTATION_CONTEXT(2) 
PARAMETRIC_REPRESENTATION_CONTEXT() REPRESENTATION_CONTEXT('2D SPACE',''
  ) );
#7195 = PCURVE('',#7034,#7196);
#7196 = DEFINITIONAL_REPRESENTATION('',(#7197),#7201);
#7197 = LINE('',#7198,#7199);
#7198 = CARTESIAN_POINT('',(-21.25,-3.928007919634));
#7199 = VECTOR('',#7200,1.);
#7200 = DIRECTION('',(1.,0.));
#7201 = ( GEOMETRIC_REPRESENTATION_CONTEXT(2) 
PARAMETRIC_REPRESENTATION_CONTEXT() REPRESENTATION_CONTEXT('2D SPACE',''
  ) );
#7202 = ORIENTED_EDGE('',*,*,#7203,.F.);
#7203 = EDGE_CURVE('',#7204,#7181,#7206,.T.);
#7204 = VERTEX_POINT('',#7205);
#7205 = CARTESIAN_POINT('',(175.5,92.975,0.));
#7206 = SURFACE_CURVE('',#7207,(#7211,#7218),.PCURVE_S1.);
#7207 = LINE('',#7208,#7209);
#7208 = CARTESIAN_POINT('',(175.5,92.975,0.));
#7209 = VECTOR('',#7210,1.);
#7210 = DIRECTION('',(0.,0.,1.));
#7211 = PCURVE('',#7143,#7212);
#7212 = DEFINITIONAL_REPRESENTATION('',(#7213),#7217);
#7213 = LINE('',#7214,#7215);
#7214 = CARTESIAN_POINT('',(42.5,0.));
#7215 = VECTOR('',#7216,1.);
#7216 = DIRECTION('',(0.,-1.));
#7217 = ( GEOMETRIC_REPRESENTATION_CONTEXT(2) 
PARAMETRIC_REPRESENTATION_CONTEXT() REPRESENTATION_CONTEXT('2D SPACE',''
  ) );
#7218 = PCURVE('',#7006,#7219);
#7219 = DEFINITIONAL_REPRESENTATION('',(#7220),#7224);
#7220 = LINE('',#7221,#7222);
#7221 = CARTESIAN_POINT('',(0.,0.));
#7222 = VECTOR('',#7223,1.);
#7223 = DIRECTION('',(0.,-1.));
#7224 = ( GEOMETRIC_REPRESENTATION_CONTEXT(2) 
PARAMETRIC_REPRESENTATION_CONTEXT() REPRESENTATION_CONTEXT('2D SPACE',''
  ) );
#7225 = ORIENTED_EDGE('',*,*,#7226,.F.);
#7226 = EDGE_CURVE('',#7128,#7204,#7227,.T.);
#7227 = SURFACE_CURVE('',#7228,(#7232,#7239),.PCURVE_S1.);
#7228 = LINE('',#7229,#7230);
#7229 = CARTESIAN_POINT('',(133.,92.975,0.));
#7230 = VECTOR('',#7231,1.);
#7231 = DIRECTION('',(1.,0.,0.));
#7232 = PCURVE('',#7143,#7233);
#7233 = DEFINITIONAL_REPRESENTATION('',(#7234),#7238);
#7234 = LINE('',#7235,#7236);
#7235 = CARTESIAN_POINT('',(0.,0.));
#7236 = VECTOR('',#7237,1.);
#7237 = DIRECTION('',(1.,0.));
#7238 = ( GEOMETRIC_REPRESENTATION_CONTEXT(2) 
PARAMETRIC_REPRESENTATION_CONTEXT() REPRESENTATION_CONTEXT('2D SPACE',''
  ) );
#7239 = PCURVE('',#7088,#7240);
#7240 = DEFINITIONAL_REPRESENTATION('',(#7241),#7245);
#7241 = LINE('',#7242,#7243);
#7242 = CARTESIAN_POINT('',(-21.25,-3.928007919634));
#7243 = VECTOR('',#7244,1.);
#7244 = DIRECTION('',(1.,0.));
#7245 = ( GEOMETRIC_REPRESENTATION_CONTEXT(2) 
PARAMETRIC_REPRESENTATION_CONTEXT() REPRESENTATION_CONTEXT('2D SPACE',''
  ) );
#7246 = ADVANCED_FACE('',(#7247),#7006,.F.);
#7247 = FACE_BOUND('',#7248,.F.);
#7248 = EDGE_LOOP('',(#7249,#7250,#7271,#7272));
#7249 = ORIENTED_EDGE('',*,*,#7203,.T.);
#7250 = ORIENTED_EDGE('',*,*,#7251,.T.);
#7251 = EDGE_CURVE('',#7181,#6986,#7252,.T.);
#7252 = SURFACE_CURVE('',#7253,(#7257,#7264),.PCURVE_S1.);
#7253 = LINE('',#7254,#7255);
#7254 = CARTESIAN_POINT('',(175.5,92.975,8.));
#7255 = VECTOR('',#7256,1.);
#7256 = DIRECTION('',(-0.707106781187,0.707106781187,0.));
#7257 = PCURVE('',#7006,#7258);
#7258 = DEFINITIONAL_REPRESENTATION('',(#7259),#7263);
#7259 = LINE('',#7260,#7261);
#7260 = CARTESIAN_POINT('',(0.,-8.));
#7261 = VECTOR('',#7262,1.);
#7262 = DIRECTION('',(1.,0.));
#7263 = ( GEOMETRIC_REPRESENTATION_CONTEXT(2) 
PARAMETRIC_REPRESENTATION_CONTEXT() REPRESENTATION_CONTEXT('2D SPACE',''
  ) );
#7264 = PCURVE('',#7034,#7265);
#7265 = DEFINITIONAL_REPRESENTATION('',(#7266),#7270);
#7266 = LINE('',#7267,#7268);
#7267 = CARTESIAN_POINT('',(21.25,-3.928007919634));
#7268 = VECTOR('',#7269,1.);
#7269 = DIRECTION('',(-0.707106781187,0.707106781187));
#7270 = ( GEOMETRIC_REPRESENTATION_CONTEXT(2) 
PARAMETRIC_REPRESENTATION_CONTEXT() REPRESENTATION_CONTEXT('2D SPACE',''
  ) );
#7271 = ORIENTED_EDGE('',*,*,#6983,.F.);
#7272 = ORIENTED_EDGE('',*,*,#7273,.F.);
#7273 = EDGE_CURVE('',#7204,#6984,#7274,.T.);
#7274 = SURFACE_CURVE('',#7275,(#7279,#7286),.PCURVE_S1.);
#7275 = LINE('',#7276,#7277);
#7276 = CARTESIAN_POINT('',(175.5,92.975,0.));
#7277 = VECTOR('',#7278,1.);
#7278 = DIRECTION('',(-0.707106781187,0.707106781187,0.));
#7279 = PCURVE('',#7006,#7280);
#7280 = DEFINITIONAL_REPRESENTATION('',(#7281),#7285);
#7281 = LINE('',#7282,#7283);
#7282 = CARTESIAN_POINT('',(0.,0.));
#7283 = VECTOR('',#7284,1.);
#7284 = DIRECTION('',(1.,0.));
#7285 = ( GEOMETRIC_REPRESENTATION_CONTEXT(2) 
PARAMETRIC_REPRESENTATION_CONTEXT() REPRESENTATION_CONTEXT('2D SPACE',''
  ) );
#7286 = PCURVE('',#7088,#7287);
#7287 = DEFINITIONAL_REPRESENTATION('',(#7288),#7292);
#7288 = LINE('',#7289,#7290);
#7289 = CARTESIAN_POINT('',(21.25,-3.928007919634));
#7290 = VECTOR('',#7291,1.);
#7291 = DIRECTION('',(-0.707106781187,0.707106781187));
#7292 = ( GEOMETRIC_REPRESENTATION_CONTEXT(2) 
PARAMETRIC_REPRESENTATION_CONTEXT() REPRESENTATION_CONTEXT('2D SPACE',''
  ) );
#7293 = ADVANCED_FACE('',(#7294),#7088,.F.);
#7294 = FACE_BOUND('',#7295,.F.);
#7295 = EDGE_LOOP('',(#7296,#7297,#7298,#7299));
#7296 = ORIENTED_EDGE('',*,*,#7074,.T.);
#7297 = ORIENTED_EDGE('',*,*,#7155,.T.);
#7298 = ORIENTED_EDGE('',*,*,#7226,.T.);
#7299 = ORIENTED_EDGE('',*,*,#7273,.T.);
#7300 = ADVANCED_FACE('',(#7301),#7034,.T.);
#7301 = FACE_BOUND('',#7302,.T.);
#7302 = EDGE_LOOP('',(#7303,#7304,#7305,#7306));
#7303 = ORIENTED_EDGE('',*,*,#7018,.T.);
#7304 = ORIENTED_EDGE('',*,*,#7104,.T.);
#7305 = ORIENTED_EDGE('',*,*,#7180,.T.);
#7306 = ORIENTED_EDGE('',*,*,#7251,.T.);
#7307 = ( GEOMETRIC_REPRESENTATION_CONTEXT(3) 
GLOBAL_UNCERTAINTY_ASSIGNED_CONTEXT((#7311)) 
GLOBAL_UNIT_ASSIGNED_CONTEXT((#7308,#7309,#7310)) REPRESENTATION_CONTEXT
('Context #1','3D Context with UNIT and UNCERTAINTY') );
#7308 = ( LENGTH_UNIT() NAMED_UNIT(*) SI_UNIT(.MILLI.,.METRE.) );
#7309 = ( NAMED_UNIT(*) PLANE_ANGLE_UNIT() SI_UNIT($,.RADIAN.) );
#7310 = ( NAMED_UNIT(*) SI_UNIT($,.STERADIAN.) SOLID_ANGLE_UNIT() );
#7311 = UNCERTAINTY_MEASURE_WITH_UNIT(LENGTH_MEASURE(1.E-07),#7308,
  'distance_accuracy_value','confusion accuracy');
#7312 = CONTEXT_DEPENDENT_SHAPE_REPRESENTATION(#7313,#7315);
#7313 = ( REPRESENTATION_RELATIONSHIP('','',#6976,#10) 
REPRESENTATION_RELATIONSHIP_WITH_TRANSFORMATION(#7314) 
SHAPE_REPRESENTATION_RELATIONSHIP() );
#7314 = ITEM_DEFINED_TRANSFORMATION('','',#11,#87);
#7315 = PRODUCT_DEFINITION_SHAPE('Placement','Placement of an item',
  #7316);
#7316 = NEXT_ASSEMBLY_USAGE_OCCURRENCE('119','part_0054__01','',#5,#6971
  ,$);
#7317 = PRODUCT_RELATED_PRODUCT_CATEGORY('part',$,(#6973));
#7318 = SHAPE_DEFINITION_REPRESENTATION(#7319,#7325);
#7319 = PRODUCT_DEFINITION_SHAPE('','',#7320);
#7320 = PRODUCT_DEFINITION('design','',#7321,#7324);
#7321 = PRODUCT_DEFINITION_FORMATION('','',#7322);
#7322 = PRODUCT('part_0054__02','part_0054__02','',(#7323));
#7323 = PRODUCT_CONTEXT('',#2,'mechanical');
#7324 = PRODUCT_DEFINITION_CONTEXT('part definition',#2,'design');
#7325 = ADVANCED_BREP_SHAPE_REPRESENTATION('',(#11,#7326),#7656);
#7326 = MANIFOLD_SOLID_BREP('',#7327);
#7327 = CLOSED_SHELL('',(#7328,#7448,#7524,#7595,#7642,#7649));
#7328 = ADVANCED_FACE('',(#7329),#7343,.F.);
#7329 = FACE_BOUND('',#7330,.F.);
#7330 = EDGE_LOOP('',(#7331,#7366,#7394,#7422));
#7331 = ORIENTED_EDGE('',*,*,#7332,.T.);
#7332 = EDGE_CURVE('',#7333,#7335,#7337,.T.);
#7333 = VERTEX_POINT('',#7334);
#7334 = CARTESIAN_POINT('',(32.5,116.975,0.));
#7335 = VERTEX_POINT('',#7336);
#7336 = CARTESIAN_POINT('',(32.5,116.975,8.));
#7337 = SURFACE_CURVE('',#7338,(#7342,#7354),.PCURVE_S1.);
#7338 = LINE('',#7339,#7340);
#7339 = CARTESIAN_POINT('',(32.5,116.975,0.));
#7340 = VECTOR('',#7341,1.);
#7341 = DIRECTION('',(0.,0.,1.));
#7342 = PCURVE('',#7343,#7348);
#7343 = PLANE('',#7344);
#7344 = AXIS2_PLACEMENT_3D('',#7345,#7346,#7347);
#7345 = CARTESIAN_POINT('',(32.5,116.975,0.));
#7346 = DIRECTION('',(0.,-1.,0.));
#7347 = DIRECTION('',(-1.,0.,0.));
#7348 = DEFINITIONAL_REPRESENTATION('',(#7349),#7353);
#7349 = LINE('',#7350,#7351);
#7350 = CARTESIAN_POINT('',(0.,-0.));
#7351 = VECTOR('',#7352,1.);
#7352 = DIRECTION('',(0.,-1.));
#7353 = ( GEOMETRIC_REPRESENTATION_CONTEXT(2) 
PARAMETRIC_REPRESENTATION_CONTEXT() REPRESENTATION_CONTEXT('2D SPACE',''
  ) );
#7354 = PCURVE('',#7355,#7360);
#7355 = PLANE('',#7356);
#7356 = AXIS2_PLACEMENT_3D('',#7357,#7358,#7359);
#7357 = CARTESIAN_POINT('',(42.5,106.975,0.));
#7358 = DIRECTION('',(-0.707106781187,-0.707106781187,0.));
#7359 = DIRECTION('',(-0.707106781187,0.707106781187,0.));
#7360 = DEFINITIONAL_REPRESENTATION('',(#7361),#7365);
#7361 = LINE('',#7362,#7363);
#7362 = CARTESIAN_POINT('',(14.142135623731,0.));
#7363 = VECTOR('',#7364,1.);
#7364 = DIRECTION('',(0.,-1.));
#7365 = ( GEOMETRIC_REPRESENTATION_CONTEXT(2) 
PARAMETRIC_REPRESENTATION_CONTEXT() REPRESENTATION_CONTEXT('2D SPACE',''
  ) );
#7366 = ORIENTED_EDGE('',*,*,#7367,.T.);
#7367 = EDGE_CURVE('',#7335,#7368,#7370,.T.);
#7368 = VERTEX_POINT('',#7369);
#7369 = CARTESIAN_POINT('',(10.,116.975,8.));
#7370 = SURFACE_CURVE('',#7371,(#7375,#7382),.PCURVE_S1.);
#7371 = LINE('',#7372,#7373);
#7372 = CARTESIAN_POINT('',(32.5,116.975,8.));
#7373 = VECTOR('',#7374,1.);
#7374 = DIRECTION('',(-1.,0.,0.));
#7375 = PCURVE('',#7343,#7376);
#7376 = DEFINITIONAL_REPRESENTATION('',(#7377),#7381);
#7377 = LINE('',#7378,#7379);
#7378 = CARTESIAN_POINT('',(0.,-8.));
#7379 = VECTOR('',#7380,1.);
#7380 = DIRECTION('',(1.,0.));
#7381 = ( GEOMETRIC_REPRESENTATION_CONTEXT(2) 
PARAMETRIC_REPRESENTATION_CONTEXT() REPRESENTATION_CONTEXT('2D SPACE',''
  ) );
#7382 = PCURVE('',#7383,#7388);
#7383 = PLANE('',#7384);
#7384 = AXIS2_PLACEMENT_3D('',#7385,#7386,#7387);
#7385 = CARTESIAN_POINT('',(21.25,110.90300791963,8.));
#7386 = DIRECTION('',(0.,0.,1.));
#7387 = DIRECTION('',(1.,0.,0.));
#7388 = DEFINITIONAL_REPRESENTATION('',(#7389),#7393);
#7389 = LINE('',#7390,#7391);
#7390 = CARTESIAN_POINT('',(11.25,6.071992080366));
#7391 = VECTOR('',#7392,1.);
#7392 = DIRECTION('',(-1.,0.));
#7393 = ( GEOMETRIC_REPRESENTATION_CONTEXT(2) 
PARAMETRIC_REPRESENTATION_CONTEXT() REPRESENTATION_CONTEXT('2D SPACE',''
  ) );
#7394 = ORIENTED_EDGE('',*,*,#7395,.F.);
#7395 = EDGE_CURVE('',#7396,#7368,#7398,.T.);
#7396 = VERTEX_POINT('',#7397);
#7397 = CARTESIAN_POINT('',(10.,116.975,0.));
#7398 = SURFACE_CURVE('',#7399,(#7403,#7410),.PCURVE_S1.);
#7399 = LINE('',#7400,#7401);
#7400 = CARTESIAN_POINT('',(10.,116.975,0.));
#7401 = VECTOR('',#7402,1.);
#7402 = DIRECTION('',(0.,0.,1.));
#7403 = PCURVE('',#7343,#7404);
#7404 = DEFINITIONAL_REPRESENTATION('',(#7405),#7409);
#7405 = LINE('',#7406,#7407);
#7406 = CARTESIAN_POINT('',(22.5,0.));
#7407 = VECTOR('',#7408,1.);
#7408 = DIRECTION('',(0.,-1.));
#7409 = ( GEOMETRIC_REPRESENTATION_CONTEXT(2) 
PARAMETRIC_REPRESENTATION_CONTEXT() REPRESENTATION_CONTEXT('2D SPACE',''
  ) );
#7410 = PCURVE('',#7411,#7416);
#7411 = PLANE('',#7412);
#7412 = AXIS2_PLACEMENT_3D('',#7413,#7414,#7415);
#7413 = CARTESIAN_POINT('',(10.,116.975,0.));
#7414 = DIRECTION('',(0.707106781187,-0.707106781187,0.));
#7415 = DIRECTION('',(-0.707106781187,-0.707106781187,0.));
#7416 = DEFINITIONAL_REPRESENTATION('',(#7417),#7421);
#7417 = LINE('',#7418,#7419);
#7418 = CARTESIAN_POINT('',(0.,0.));
#7419 = VECTOR('',#7420,1.);
#7420 = DIRECTION('',(0.,-1.));
#7421 = ( GEOMETRIC_REPRESENTATION_CONTEXT(2) 
PARAMETRIC_REPRESENTATION_CONTEXT() REPRESENTATION_CONTEXT('2D SPACE',''
  ) );
#7422 = ORIENTED_EDGE('',*,*,#7423,.F.);
#7423 = EDGE_CURVE('',#7333,#7396,#7424,.T.);
#7424 = SURFACE_CURVE('',#7425,(#7429,#7436),.PCURVE_S1.);
#7425 = LINE('',#7426,#7427);
#7426 = CARTESIAN_POINT('',(32.5,116.975,0.));
#7427 = VECTOR('',#7428,1.);
#7428 = DIRECTION('',(-1.,0.,0.));
#7429 = PCURVE('',#7343,#7430);
#7430 = DEFINITIONAL_REPRESENTATION('',(#7431),#7435);
#7431 = LINE('',#7432,#7433);
#7432 = CARTESIAN_POINT('',(0.,-0.));
#7433 = VECTOR('',#7434,1.);
#7434 = DIRECTION('',(1.,0.));
#7435 = ( GEOMETRIC_REPRESENTATION_CONTEXT(2) 
PARAMETRIC_REPRESENTATION_CONTEXT() REPRESENTATION_CONTEXT('2D SPACE',''
  ) );
#7436 = PCURVE('',#7437,#7442);
#7437 = PLANE('',#7438);
#7438 = AXIS2_PLACEMENT_3D('',#7439,#7440,#7441);
#7439 = CARTESIAN_POINT('',(21.25,110.90300791963,0.));
#7440 = DIRECTION('',(0.,0.,1.));
#7441 = DIRECTION('',(1.,0.,0.));
#7442 = DEFINITIONAL_REPRESENTATION('',(#7443),#7447);
#7443 = LINE('',#7444,#7445);
#7444 = CARTESIAN_POINT('',(11.25,6.071992080366));
#7445 = VECTOR('',#7446,1.);
#7446 = DIRECTION('',(-1.,0.));
#7447 = ( GEOMETRIC_REPRESENTATION_CONTEXT(2) 
PARAMETRIC_REPRESENTATION_CONTEXT() REPRESENTATION_CONTEXT('2D SPACE',''
  ) );
#7448 = ADVANCED_FACE('',(#7449),#7411,.F.);
#7449 = FACE_BOUND('',#7450,.F.);
#7450 = EDGE_LOOP('',(#7451,#7452,#7475,#7503));
#7451 = ORIENTED_EDGE('',*,*,#7395,.T.);
#7452 = ORIENTED_EDGE('',*,*,#7453,.T.);
#7453 = EDGE_CURVE('',#7368,#7454,#7456,.T.);
#7454 = VERTEX_POINT('',#7455);
#7455 = CARTESIAN_POINT('',(0.,106.975,8.));
#7456 = SURFACE_CURVE('',#7457,(#7461,#7468),.PCURVE_S1.);
#7457 = LINE('',#7458,#7459);
#7458 = CARTESIAN_POINT('',(10.,116.975,8.));
#7459 = VECTOR('',#7460,1.);
#7460 = DIRECTION('',(-0.707106781187,-0.707106781187,0.));
#7461 = PCURVE('',#7411,#7462);
#7462 = DEFINITIONAL_REPRESENTATION('',(#7463),#7467);
#7463 = LINE('',#7464,#7465);
#7464 = CARTESIAN_POINT('',(0.,-8.));
#7465 = VECTOR('',#7466,1.);
#7466 = DIRECTION('',(1.,0.));
#7467 = ( GEOMETRIC_REPRESENTATION_CONTEXT(2) 
PARAMETRIC_REPRESENTATION_CONTEXT() REPRESENTATION_CONTEXT('2D SPACE',''
  ) );
#7468 = PCURVE('',#7383,#7469);
#7469 = DEFINITIONAL_REPRESENTATION('',(#7470),#7474);
#7470 = LINE('',#7471,#7472);
#7471 = CARTESIAN_POINT('',(-11.25,6.071992080366));
#7472 = VECTOR('',#7473,1.);
#7473 = DIRECTION('',(-0.707106781187,-0.707106781187));
#7474 = ( GEOMETRIC_REPRESENTATION_CONTEXT(2) 
PARAMETRIC_REPRESENTATION_CONTEXT() REPRESENTATION_CONTEXT('2D SPACE',''
  ) );
#7475 = ORIENTED_EDGE('',*,*,#7476,.F.);
#7476 = EDGE_CURVE('',#7477,#7454,#7479,.T.);
#7477 = VERTEX_POINT('',#7478);
#7478 = CARTESIAN_POINT('',(0.,106.975,0.));
#7479 = SURFACE_CURVE('',#7480,(#7484,#7491),.PCURVE_S1.);
#7480 = LINE('',#7481,#7482);
#7481 = CARTESIAN_POINT('',(0.,106.975,0.));
#7482 = VECTOR('',#7483,1.);
#7483 = DIRECTION('',(0.,0.,1.));
#7484 = PCURVE('',#7411,#7485);
#7485 = DEFINITIONAL_REPRESENTATION('',(#7486),#7490);
#7486 = LINE('',#7487,#7488);
#7487 = CARTESIAN_POINT('',(14.142135623731,0.));
#7488 = VECTOR('',#7489,1.);
#7489 = DIRECTION('',(0.,-1.));
#7490 = ( GEOMETRIC_REPRESENTATION_CONTEXT(2) 
PARAMETRIC_REPRESENTATION_CONTEXT() REPRESENTATION_CONTEXT('2D SPACE',''
  ) );
#7491 = PCURVE('',#7492,#7497);
#7492 = PLANE('',#7493);
#7493 = AXIS2_PLACEMENT_3D('',#7494,#7495,#7496);
#7494 = CARTESIAN_POINT('',(0.,106.975,0.));
#7495 = DIRECTION('',(0.,1.,0.));
#7496 = DIRECTION('',(1.,0.,0.));
#7497 = DEFINITIONAL_REPRESENTATION('',(#7498),#7502);
#7498 = LINE('',#7499,#7500);
#7499 = CARTESIAN_POINT('',(0.,0.));
#7500 = VECTOR('',#7501,1.);
#7501 = DIRECTION('',(0.,-1.));
#7502 = ( GEOMETRIC_REPRESENTATION_CONTEXT(2) 
PARAMETRIC_REPRESENTATION_CONTEXT() REPRESENTATION_CONTEXT('2D SPACE',''
  ) );
#7503 = ORIENTED_EDGE('',*,*,#7504,.F.);
#7504 = EDGE_CURVE('',#7396,#7477,#7505,.T.);
#7505 = SURFACE_CURVE('',#7506,(#7510,#7517),.PCURVE_S1.);
#7506 = LINE('',#7507,#7508);
#7507 = CARTESIAN_POINT('',(10.,116.975,0.));
#7508 = VECTOR('',#7509,1.);
#7509 = DIRECTION('',(-0.707106781187,-0.707106781187,0.));
#7510 = PCURVE('',#7411,#7511);
#7511 = DEFINITIONAL_REPRESENTATION('',(#7512),#7516);
#7512 = LINE('',#7513,#7514);
#7513 = CARTESIAN_POINT('',(0.,0.));
#7514 = VECTOR('',#7515,1.);
#7515 = DIRECTION('',(1.,0.));
#7516 = ( GEOMETRIC_REPRESENTATION_CONTEXT(2) 
PARAMETRIC_REPRESENTATION_CONTEXT() REPRESENTATION_CONTEXT('2D SPACE',''
  ) );
#7517 = PCURVE('',#7437,#7518);
#7518 = DEFINITIONAL_REPRESENTATION('',(#7519),#7523);
#7519 = LINE('',#7520,#7521);
#7520 = CARTESIAN_POINT('',(-11.25,6.071992080366));
#7521 = VECTOR('',#7522,1.);
#7522 = DIRECTION('',(-0.707106781187,-0.707106781187));
#7523 = ( GEOMETRIC_REPRESENTATION_CONTEXT(2) 
PARAMETRIC_REPRESENTATION_CONTEXT() REPRESENTATION_CONTEXT('2D SPACE',''
  ) );
#7524 = ADVANCED_FACE('',(#7525),#7492,.F.);
#7525 = FACE_BOUND('',#7526,.F.);
#7526 = EDGE_LOOP('',(#7527,#7528,#7551,#7574));
#7527 = ORIENTED_EDGE('',*,*,#7476,.T.);
#7528 = ORIENTED_EDGE('',*,*,#7529,.T.);
#7529 = EDGE_CURVE('',#7454,#7530,#7532,.T.);
#7530 = VERTEX_POINT('',#7531);
#7531 = CARTESIAN_POINT('',(42.5,106.975,8.));
#7532 = SURFACE_CURVE('',#7533,(#7537,#7544),.PCURVE_S1.);
#7533 = LINE('',#7534,#7535);
#7534 = CARTESIAN_POINT('',(0.,106.975,8.));
#7535 = VECTOR('',#7536,1.);
#7536 = DIRECTION('',(1.,0.,0.));
#7537 = PCURVE('',#7492,#7538);
#7538 = DEFINITIONAL_REPRESENTATION('',(#7539),#7543);
#7539 = LINE('',#7540,#7541);
#7540 = CARTESIAN_POINT('',(0.,-8.));
#7541 = VECTOR('',#7542,1.);
#7542 = DIRECTION('',(1.,0.));
#7543 = ( GEOMETRIC_REPRESENTATION_CONTEXT(2) 
PARAMETRIC_REPRESENTATION_CONTEXT() REPRESENTATION_CONTEXT('2D SPACE',''
  ) );
#7544 = PCURVE('',#7383,#7545);
#7545 = DEFINITIONAL_REPRESENTATION('',(#7546),#7550);
#7546 = LINE('',#7547,#7548);
#7547 = CARTESIAN_POINT('',(-21.25,-3.928007919634));
#7548 = VECTOR('',#7549,1.);
#7549 = DIRECTION('',(1.,0.));
#7550 = ( GEOMETRIC_REPRESENTATION_CONTEXT(2) 
PARAMETRIC_REPRESENTATION_CONTEXT() REPRESENTATION_CONTEXT('2D SPACE',''
  ) );
#7551 = ORIENTED_EDGE('',*,*,#7552,.F.);
#7552 = EDGE_CURVE('',#7553,#7530,#7555,.T.);
#7553 = VERTEX_POINT('',#7554);
#7554 = CARTESIAN_POINT('',(42.5,106.975,0.));
#7555 = SURFACE_CURVE('',#7556,(#7560,#7567),.PCURVE_S1.);
#7556 = LINE('',#7557,#7558);
#7557 = CARTESIAN_POINT('',(42.5,106.975,0.));
#7558 = VECTOR('',#7559,1.);
#7559 = DIRECTION('',(0.,0.,1.));
#7560 = PCURVE('',#7492,#7561);
#7561 = DEFINITIONAL_REPRESENTATION('',(#7562),#7566);
#7562 = LINE('',#7563,#7564);
#7563 = CARTESIAN_POINT('',(42.5,0.));
#7564 = VECTOR('',#7565,1.);
#7565 = DIRECTION('',(0.,-1.));
#7566 = ( GEOMETRIC_REPRESENTATION_CONTEXT(2) 
PARAMETRIC_REPRESENTATION_CONTEXT() REPRESENTATION_CONTEXT('2D SPACE',''
  ) );
#7567 = PCURVE('',#7355,#7568);
#7568 = DEFINITIONAL_REPRESENTATION('',(#7569),#7573);
#7569 = LINE('',#7570,#7571);
#7570 = CARTESIAN_POINT('',(0.,0.));
#7571 = VECTOR('',#7572,1.);
#7572 = DIRECTION('',(0.,-1.));
#7573 = ( GEOMETRIC_REPRESENTATION_CONTEXT(2) 
PARAMETRIC_REPRESENTATION_CONTEXT() REPRESENTATION_CONTEXT('2D SPACE',''
  ) );
#7574 = ORIENTED_EDGE('',*,*,#7575,.F.);
#7575 = EDGE_CURVE('',#7477,#7553,#7576,.T.);
#7576 = SURFACE_CURVE('',#7577,(#7581,#7588),.PCURVE_S1.);
#7577 = LINE('',#7578,#7579);
#7578 = CARTESIAN_POINT('',(0.,106.975,0.));
#7579 = VECTOR('',#7580,1.);
#7580 = DIRECTION('',(1.,0.,0.));
#7581 = PCURVE('',#7492,#7582);
#7582 = DEFINITIONAL_REPRESENTATION('',(#7583),#7587);
#7583 = LINE('',#7584,#7585);
#7584 = CARTESIAN_POINT('',(0.,0.));
#7585 = VECTOR('',#7586,1.);
#7586 = DIRECTION('',(1.,0.));
#7587 = ( GEOMETRIC_REPRESENTATION_CONTEXT(2) 
PARAMETRIC_REPRESENTATION_CONTEXT() REPRESENTATION_CONTEXT('2D SPACE',''
  ) );
#7588 = PCURVE('',#7437,#7589);
#7589 = DEFINITIONAL_REPRESENTATION('',(#7590),#7594);
#7590 = LINE('',#7591,#7592);
#7591 = CARTESIAN_POINT('',(-21.25,-3.928007919634));
#7592 = VECTOR('',#7593,1.);
#7593 = DIRECTION('',(1.,0.));
#7594 = ( GEOMETRIC_REPRESENTATION_CONTEXT(2) 
PARAMETRIC_REPRESENTATION_CONTEXT() REPRESENTATION_CONTEXT('2D SPACE',''
  ) );
#7595 = ADVANCED_FACE('',(#7596),#7355,.F.);
#7596 = FACE_BOUND('',#7597,.F.);
#7597 = EDGE_LOOP('',(#7598,#7599,#7620,#7621));
#7598 = ORIENTED_EDGE('',*,*,#7552,.T.);
#7599 = ORIENTED_EDGE('',*,*,#7600,.T.);
#7600 = EDGE_CURVE('',#7530,#7335,#7601,.T.);
#7601 = SURFACE_CURVE('',#7602,(#7606,#7613),.PCURVE_S1.);
#7602 = LINE('',#7603,#7604);
#7603 = CARTESIAN_POINT('',(42.5,106.975,8.));
#7604 = VECTOR('',#7605,1.);
#7605 = DIRECTION('',(-0.707106781187,0.707106781187,0.));
#7606 = PCURVE('',#7355,#7607);
#7607 = DEFINITIONAL_REPRESENTATION('',(#7608),#7612);
#7608 = LINE('',#7609,#7610);
#7609 = CARTESIAN_POINT('',(0.,-8.));
#7610 = VECTOR('',#7611,1.);
#7611 = DIRECTION('',(1.,0.));
#7612 = ( GEOMETRIC_REPRESENTATION_CONTEXT(2) 
PARAMETRIC_REPRESENTATION_CONTEXT() REPRESENTATION_CONTEXT('2D SPACE',''
  ) );
#7613 = PCURVE('',#7383,#7614);
#7614 = DEFINITIONAL_REPRESENTATION('',(#7615),#7619);
#7615 = LINE('',#7616,#7617);
#7616 = CARTESIAN_POINT('',(21.25,-3.928007919634));
#7617 = VECTOR('',#7618,1.);
#7618 = DIRECTION('',(-0.707106781187,0.707106781187));
#7619 = ( GEOMETRIC_REPRESENTATION_CONTEXT(2) 
PARAMETRIC_REPRESENTATION_CONTEXT() REPRESENTATION_CONTEXT('2D SPACE',''
  ) );
#7620 = ORIENTED_EDGE('',*,*,#7332,.F.);
#7621 = ORIENTED_EDGE('',*,*,#7622,.F.);
#7622 = EDGE_CURVE('',#7553,#7333,#7623,.T.);
#7623 = SURFACE_CURVE('',#7624,(#7628,#7635),.PCURVE_S1.);
#7624 = LINE('',#7625,#7626);
#7625 = CARTESIAN_POINT('',(42.5,106.975,0.));
#7626 = VECTOR('',#7627,1.);
#7627 = DIRECTION('',(-0.707106781187,0.707106781187,0.));
#7628 = PCURVE('',#7355,#7629);
#7629 = DEFINITIONAL_REPRESENTATION('',(#7630),#7634);
#7630 = LINE('',#7631,#7632);
#7631 = CARTESIAN_POINT('',(0.,0.));
#7632 = VECTOR('',#7633,1.);
#7633 = DIRECTION('',(1.,0.));
#7634 = ( GEOMETRIC_REPRESENTATION_CONTEXT(2) 
PARAMETRIC_REPRESENTATION_CONTEXT() REPRESENTATION_CONTEXT('2D SPACE',''
  ) );
#7635 = PCURVE('',#7437,#7636);
#7636 = DEFINITIONAL_REPRESENTATION('',(#7637),#7641);
#7637 = LINE('',#7638,#7639);
#7638 = CARTESIAN_POINT('',(21.25,-3.928007919634));
#7639 = VECTOR('',#7640,1.);
#7640 = DIRECTION('',(-0.707106781187,0.707106781187));
#7641 = ( GEOMETRIC_REPRESENTATION_CONTEXT(2) 
PARAMETRIC_REPRESENTATION_CONTEXT() REPRESENTATION_CONTEXT('2D SPACE',''
  ) );
#7642 = ADVANCED_FACE('',(#7643),#7437,.F.);
#7643 = FACE_BOUND('',#7644,.F.);
#7644 = EDGE_LOOP('',(#7645,#7646,#7647,#7648));
#7645 = ORIENTED_EDGE('',*,*,#7423,.T.);
#7646 = ORIENTED_EDGE('',*,*,#7504,.T.);
#7647 = ORIENTED_EDGE('',*,*,#7575,.T.);
#7648 = ORIENTED_EDGE('',*,*,#7622,.T.);
#7649 = ADVANCED_FACE('',(#7650),#7383,.T.);
#7650 = FACE_BOUND('',#7651,.T.);
#7651 = EDGE_LOOP('',(#7652,#7653,#7654,#7655));
#7652 = ORIENTED_EDGE('',*,*,#7367,.T.);
#7653 = ORIENTED_EDGE('',*,*,#7453,.T.);
#7654 = ORIENTED_EDGE('',*,*,#7529,.T.);
#7655 = ORIENTED_EDGE('',*,*,#7600,.T.);
#7656 = ( GEOMETRIC_REPRESENTATION_CONTEXT(3) 
GLOBAL_UNCERTAINTY_ASSIGNED_CONTEXT((#7660)) 
GLOBAL_UNIT_ASSIGNED_CONTEXT((#7657,#7658,#7659)) REPRESENTATION_CONTEXT
('Context #1','3D Context with UNIT and UNCERTAINTY') );
#7657 = ( LENGTH_UNIT() NAMED_UNIT(*) SI_UNIT(.MILLI.,.METRE.) );
#7658 = ( NAMED_UNIT(*) PLANE_ANGLE_UNIT() SI_UNIT($,.RADIAN.) );
#7659 = ( NAMED_UNIT(*) SI_UNIT($,.STERADIAN.) SOLID_ANGLE_UNIT() );
#7660 = UNCERTAINTY_MEASURE_WITH_UNIT(LENGTH_MEASURE(1.E-07),#7657,
  'distance_accuracy_value','confusion accuracy');
#7661 = CONTEXT_DEPENDENT_SHAPE_REPRESENTATION(#7662,#7664);
#7662 = ( REPRESENTATION_RELATIONSHIP('','',#7325,#10) 
REPRESENTATION_RELATIONSHIP_WITH_TRANSFORMATION(#7663) 
SHAPE_REPRESENTATION_RELATIONSHIP() );
#7663 = ITEM_DEFINED_TRANSFORMATION('','',#11,#91);
#7664 = PRODUCT_DEFINITION_SHAPE('Placement','Placement of an item',
  #7665);
#7665 = NEXT_ASSEMBLY_USAGE_OCCURRENCE('120','part_0054__02','',#5,#7320
  ,$);
#7666 = PRODUCT_RELATED_PRODUCT_CATEGORY('part',$,(#7322));
#7667 = SHAPE_DEFINITION_REPRESENTATION(#7668,#7674);
#7668 = PRODUCT_DEFINITION_SHAPE('','',#7669);
#7669 = PRODUCT_DEFINITION('design','',#7670,#7673);
#7670 = PRODUCT_DEFINITION_FORMATION('','',#7671);
#7671 = PRODUCT('part_0050__01','part_0050__01','',(#7672));
#7672 = PRODUCT_CONTEXT('',#2,'mechanical');
#7673 = PRODUCT_DEFINITION_CONTEXT('part definition',#2,'design');
#7674 = ADVANCED_BREP_SHAPE_REPRESENTATION('',(#11,#7675),#8005);
#7675 = MANIFOLD_SOLID_BREP('',#7676);
#7676 = CLOSED_SHELL('',(#7677,#7797,#7873,#7944,#7991,#7998));
#7677 = ADVANCED_FACE('',(#7678),#7692,.F.);
#7678 = FACE_BOUND('',#7679,.F.);
#7679 = EDGE_LOOP('',(#7680,#7715,#7743,#7771));
#7680 = ORIENTED_EDGE('',*,*,#7681,.T.);
#7681 = EDGE_CURVE('',#7682,#7684,#7686,.T.);
#7682 = VERTEX_POINT('',#7683);
#7683 = CARTESIAN_POINT('',(46.5,106.975,0.));
#7684 = VERTEX_POINT('',#7685);
#7685 = CARTESIAN_POINT('',(46.5,106.975,8.));
#7686 = SURFACE_CURVE('',#7687,(#7691,#7703),.PCURVE_S1.);
#7687 = LINE('',#7688,#7689);
#7688 = CARTESIAN_POINT('',(46.5,106.975,0.));
#7689 = VECTOR('',#7690,1.);
#7690 = DIRECTION('',(0.,0.,1.));
#7691 = PCURVE('',#7692,#7697);
#7692 = PLANE('',#7693);
#7693 = AXIS2_PLACEMENT_3D('',#7694,#7695,#7696);
#7694 = CARTESIAN_POINT('',(46.5,106.975,0.));
#7695 = DIRECTION('',(0.,1.,0.));
#7696 = DIRECTION('',(1.,0.,0.));
#7697 = DEFINITIONAL_REPRESENTATION('',(#7698),#7702);
#7698 = LINE('',#7699,#7700);
#7699 = CARTESIAN_POINT('',(0.,0.));
#7700 = VECTOR('',#7701,1.);
#7701 = DIRECTION('',(0.,-1.));
#7702 = ( GEOMETRIC_REPRESENTATION_CONTEXT(2) 
PARAMETRIC_REPRESENTATION_CONTEXT() REPRESENTATION_CONTEXT('2D SPACE',''
  ) );
#7703 = PCURVE('',#7704,#7709);
#7704 = PLANE('',#7705);
#7705 = AXIS2_PLACEMENT_3D('',#7706,#7707,#7708);
#7706 = CARTESIAN_POINT('',(54.,116.975,0.));
#7707 = DIRECTION('',(0.8,-0.6,0.));
#7708 = DIRECTION('',(-0.6,-0.8,0.));
#7709 = DEFINITIONAL_REPRESENTATION('',(#7710),#7714);
#7710 = LINE('',#7711,#7712);
#7711 = CARTESIAN_POINT('',(12.5,0.));
#7712 = VECTOR('',#7713,1.);
#7713 = DIRECTION('',(0.,-1.));
#7714 = ( GEOMETRIC_REPRESENTATION_CONTEXT(2) 
PARAMETRIC_REPRESENTATION_CONTEXT() REPRESENTATION_CONTEXT('2D SPACE',''
  ) );
#7715 = ORIENTED_EDGE('',*,*,#7716,.T.);
#7716 = EDGE_CURVE('',#7684,#7717,#7719,.T.);
#7717 = VERTEX_POINT('',#7718);
#7718 = CARTESIAN_POINT('',(74.,106.975,8.));
#7719 = SURFACE_CURVE('',#7720,(#7724,#7731),.PCURVE_S1.);
#7720 = LINE('',#7721,#7722);
#7721 = CARTESIAN_POINT('',(46.5,106.975,8.));
#7722 = VECTOR('',#7723,1.);
#7723 = DIRECTION('',(1.,0.,0.));
#7724 = PCURVE('',#7692,#7725);
#7725 = DEFINITIONAL_REPRESENTATION('',(#7726),#7730);
#7726 = LINE('',#7727,#7728);
#7727 = CARTESIAN_POINT('',(0.,-8.));
#7728 = VECTOR('',#7729,1.);
#7729 = DIRECTION('',(1.,0.));
#7730 = ( GEOMETRIC_REPRESENTATION_CONTEXT(2) 
PARAMETRIC_REPRESENTATION_CONTEXT() REPRESENTATION_CONTEXT('2D SPACE',''
  ) );
#7731 = PCURVE('',#7732,#7737);
#7732 = PLANE('',#7733);
#7733 = AXIS2_PLACEMENT_3D('',#7734,#7735,#7736);
#7734 = CARTESIAN_POINT('',(61.5,111.43928571428,8.));
#7735 = DIRECTION('',(0.,0.,1.));
#7736 = DIRECTION('',(1.,0.,0.));
#7737 = DEFINITIONAL_REPRESENTATION('',(#7738),#7742);
#7738 = LINE('',#7739,#7740);
#7739 = CARTESIAN_POINT('',(-15.,-4.464285714286));
#7740 = VECTOR('',#7741,1.);
#7741 = DIRECTION('',(1.,0.));
#7742 = ( GEOMETRIC_REPRESENTATION_CONTEXT(2) 
PARAMETRIC_REPRESENTATION_CONTEXT() REPRESENTATION_CONTEXT('2D SPACE',''
  ) );
#7743 = ORIENTED_EDGE('',*,*,#7744,.F.);
#7744 = EDGE_CURVE('',#7745,#7717,#7747,.T.);
#7745 = VERTEX_POINT('',#7746);
#7746 = CARTESIAN_POINT('',(74.,106.975,0.));
#7747 = SURFACE_CURVE('',#7748,(#7752,#7759),.PCURVE_S1.);
#7748 = LINE('',#7749,#7750);
#7749 = CARTESIAN_POINT('',(74.,106.975,0.));
#7750 = VECTOR('',#7751,1.);
#7751 = DIRECTION('',(0.,0.,1.));
#7752 = PCURVE('',#7692,#7753);
#7753 = DEFINITIONAL_REPRESENTATION('',(#7754),#7758);
#7754 = LINE('',#7755,#7756);
#7755 = CARTESIAN_POINT('',(27.5,0.));
#7756 = VECTOR('',#7757,1.);
#7757 = DIRECTION('',(0.,-1.));
#7758 = ( GEOMETRIC_REPRESENTATION_CONTEXT(2) 
PARAMETRIC_REPRESENTATION_CONTEXT() REPRESENTATION_CONTEXT('2D SPACE',''
  ) );
#7759 = PCURVE('',#7760,#7765);
#7760 = PLANE('',#7761);
#7761 = AXIS2_PLACEMENT_3D('',#7762,#7763,#7764);
#7762 = CARTESIAN_POINT('',(74.,106.975,0.));
#7763 = DIRECTION('',(-1.,0.,0.));
#7764 = DIRECTION('',(0.,1.,0.));
#7765 = DEFINITIONAL_REPRESENTATION('',(#7766),#7770);
#7766 = LINE('',#7767,#7768);
#7767 = CARTESIAN_POINT('',(0.,0.));
#7768 = VECTOR('',#7769,1.);
#7769 = DIRECTION('',(0.,-1.));
#7770 = ( GEOMETRIC_REPRESENTATION_CONTEXT(2) 
PARAMETRIC_REPRESENTATION_CONTEXT() REPRESENTATION_CONTEXT('2D SPACE',''
  ) );
#7771 = ORIENTED_EDGE('',*,*,#7772,.F.);
#7772 = EDGE_CURVE('',#7682,#7745,#7773,.T.);
#7773 = SURFACE_CURVE('',#7774,(#7778,#7785),.PCURVE_S1.);
#7774 = LINE('',#7775,#7776);
#7775 = CARTESIAN_POINT('',(46.5,106.975,0.));
#7776 = VECTOR('',#7777,1.);
#7777 = DIRECTION('',(1.,0.,0.));
#7778 = PCURVE('',#7692,#7779);
#7779 = DEFINITIONAL_REPRESENTATION('',(#7780),#7784);
#7780 = LINE('',#7781,#7782);
#7781 = CARTESIAN_POINT('',(0.,0.));
#7782 = VECTOR('',#7783,1.);
#7783 = DIRECTION('',(1.,0.));
#7784 = ( GEOMETRIC_REPRESENTATION_CONTEXT(2) 
PARAMETRIC_REPRESENTATION_CONTEXT() REPRESENTATION_CONTEXT('2D SPACE',''
  ) );
#7785 = PCURVE('',#7786,#7791);
#7786 = PLANE('',#7787);
#7787 = AXIS2_PLACEMENT_3D('',#7788,#7789,#7790);
#7788 = CARTESIAN_POINT('',(61.5,111.43928571428,0.));
#7789 = DIRECTION('',(0.,0.,1.));
#7790 = DIRECTION('',(1.,0.,0.));
#7791 = DEFINITIONAL_REPRESENTATION('',(#7792),#7796);
#7792 = LINE('',#7793,#7794);
#7793 = CARTESIAN_POINT('',(-15.,-4.464285714286));
#7794 = VECTOR('',#7795,1.);
#7795 = DIRECTION('',(1.,0.));
#7796 = ( GEOMETRIC_REPRESENTATION_CONTEXT(2) 
PARAMETRIC_REPRESENTATION_CONTEXT() REPRESENTATION_CONTEXT('2D SPACE',''
  ) );
#7797 = ADVANCED_FACE('',(#7798),#7760,.F.);
#7798 = FACE_BOUND('',#7799,.F.);
#7799 = EDGE_LOOP('',(#7800,#7801,#7824,#7852));
#7800 = ORIENTED_EDGE('',*,*,#7744,.T.);
#7801 = ORIENTED_EDGE('',*,*,#7802,.T.);
#7802 = EDGE_CURVE('',#7717,#7803,#7805,.T.);
#7803 = VERTEX_POINT('',#7804);
#7804 = CARTESIAN_POINT('',(74.,116.975,8.));
#7805 = SURFACE_CURVE('',#7806,(#7810,#7817),.PCURVE_S1.);
#7806 = LINE('',#7807,#7808);
#7807 = CARTESIAN_POINT('',(74.,106.975,8.));
#7808 = VECTOR('',#7809,1.);
#7809 = DIRECTION('',(0.,1.,0.));
#7810 = PCURVE('',#7760,#7811);
#7811 = DEFINITIONAL_REPRESENTATION('',(#7812),#7816);
#7812 = LINE('',#7813,#7814);
#7813 = CARTESIAN_POINT('',(0.,-8.));
#7814 = VECTOR('',#7815,1.);
#7815 = DIRECTION('',(1.,0.));
#7816 = ( GEOMETRIC_REPRESENTATION_CONTEXT(2) 
PARAMETRIC_REPRESENTATION_CONTEXT() REPRESENTATION_CONTEXT('2D SPACE',''
  ) );
#7817 = PCURVE('',#7732,#7818);
#7818 = DEFINITIONAL_REPRESENTATION('',(#7819),#7823);
#7819 = LINE('',#7820,#7821);
#7820 = CARTESIAN_POINT('',(12.5,-4.464285714286));
#7821 = VECTOR('',#7822,1.);
#7822 = DIRECTION('',(0.,1.));
#7823 = ( GEOMETRIC_REPRESENTATION_CONTEXT(2) 
PARAMETRIC_REPRESENTATION_CONTEXT() REPRESENTATION_CONTEXT('2D SPACE',''
  ) );
#7824 = ORIENTED_EDGE('',*,*,#7825,.F.);
#7825 = EDGE_CURVE('',#7826,#7803,#7828,.T.);
#7826 = VERTEX_POINT('',#7827);
#7827 = CARTESIAN_POINT('',(74.,116.975,0.));
#7828 = SURFACE_CURVE('',#7829,(#7833,#7840),.PCURVE_S1.);
#7829 = LINE('',#7830,#7831);
#7830 = CARTESIAN_POINT('',(74.,116.975,0.));
#7831 = VECTOR('',#7832,1.);
#7832 = DIRECTION('',(0.,0.,1.));
#7833 = PCURVE('',#7760,#7834);
#7834 = DEFINITIONAL_REPRESENTATION('',(#7835),#7839);
#7835 = LINE('',#7836,#7837);
#7836 = CARTESIAN_POINT('',(10.,0.));
#7837 = VECTOR('',#7838,1.);
#7838 = DIRECTION('',(0.,-1.));
#7839 = ( GEOMETRIC_REPRESENTATION_CONTEXT(2) 
PARAMETRIC_REPRESENTATION_CONTEXT() REPRESENTATION_CONTEXT('2D SPACE',''
  ) );
#7840 = PCURVE('',#7841,#7846);
#7841 = PLANE('',#7842);
#7842 = AXIS2_PLACEMENT_3D('',#7843,#7844,#7845);
#7843 = CARTESIAN_POINT('',(74.,116.975,0.));
#7844 = DIRECTION('',(0.,-1.,0.));
#7845 = DIRECTION('',(-1.,0.,0.));
#7846 = DEFINITIONAL_REPRESENTATION('',(#7847),#7851);
#7847 = LINE('',#7848,#7849);
#7848 = CARTESIAN_POINT('',(0.,-0.));
#7849 = VECTOR('',#7850,1.);
#7850 = DIRECTION('',(0.,-1.));
#7851 = ( GEOMETRIC_REPRESENTATION_CONTEXT(2) 
PARAMETRIC_REPRESENTATION_CONTEXT() REPRESENTATION_CONTEXT('2D SPACE',''
  ) );
#7852 = ORIENTED_EDGE('',*,*,#7853,.F.);
#7853 = EDGE_CURVE('',#7745,#7826,#7854,.T.);
#7854 = SURFACE_CURVE('',#7855,(#7859,#7866),.PCURVE_S1.);
#7855 = LINE('',#7856,#7857);
#7856 = CARTESIAN_POINT('',(74.,106.975,0.));
#7857 = VECTOR('',#7858,1.);
#7858 = DIRECTION('',(0.,1.,0.));
#7859 = PCURVE('',#7760,#7860);
#7860 = DEFINITIONAL_REPRESENTATION('',(#7861),#7865);
#7861 = LINE('',#7862,#7863);
#7862 = CARTESIAN_POINT('',(0.,0.));
#7863 = VECTOR('',#7864,1.);
#7864 = DIRECTION('',(1.,0.));
#7865 = ( GEOMETRIC_REPRESENTATION_CONTEXT(2) 
PARAMETRIC_REPRESENTATION_CONTEXT() REPRESENTATION_CONTEXT('2D SPACE',''
  ) );
#7866 = PCURVE('',#7786,#7867);
#7867 = DEFINITIONAL_REPRESENTATION('',(#7868),#7872);
#7868 = LINE('',#7869,#7870);
#7869 = CARTESIAN_POINT('',(12.5,-4.464285714286));
#7870 = VECTOR('',#7871,1.);
#7871 = DIRECTION('',(0.,1.));
#7872 = ( GEOMETRIC_REPRESENTATION_CONTEXT(2) 
PARAMETRIC_REPRESENTATION_CONTEXT() REPRESENTATION_CONTEXT('2D SPACE',''
  ) );
#7873 = ADVANCED_FACE('',(#7874),#7841,.F.);
#7874 = FACE_BOUND('',#7875,.F.);
#7875 = EDGE_LOOP('',(#7876,#7877,#7900,#7923));
#7876 = ORIENTED_EDGE('',*,*,#7825,.T.);
#7877 = ORIENTED_EDGE('',*,*,#7878,.T.);
#7878 = EDGE_CURVE('',#7803,#7879,#7881,.T.);
#7879 = VERTEX_POINT('',#7880);
#7880 = CARTESIAN_POINT('',(54.,116.975,8.));
#7881 = SURFACE_CURVE('',#7882,(#7886,#7893),.PCURVE_S1.);
#7882 = LINE('',#7883,#7884);
#7883 = CARTESIAN_POINT('',(74.,116.975,8.));
#7884 = VECTOR('',#7885,1.);
#7885 = DIRECTION('',(-1.,0.,0.));
#7886 = PCURVE('',#7841,#7887);
#7887 = DEFINITIONAL_REPRESENTATION('',(#7888),#7892);
#7888 = LINE('',#7889,#7890);
#7889 = CARTESIAN_POINT('',(0.,-8.));
#7890 = VECTOR('',#7891,1.);
#7891 = DIRECTION('',(1.,0.));
#7892 = ( GEOMETRIC_REPRESENTATION_CONTEXT(2) 
PARAMETRIC_REPRESENTATION_CONTEXT() REPRESENTATION_CONTEXT('2D SPACE',''
  ) );
#7893 = PCURVE('',#7732,#7894);
#7894 = DEFINITIONAL_REPRESENTATION('',(#7895),#7899);
#7895 = LINE('',#7896,#7897);
#7896 = CARTESIAN_POINT('',(12.5,5.535714285714));
#7897 = VECTOR('',#7898,1.);
#7898 = DIRECTION('',(-1.,0.));
#7899 = ( GEOMETRIC_REPRESENTATION_CONTEXT(2) 
PARAMETRIC_REPRESENTATION_CONTEXT() REPRESENTATION_CONTEXT('2D SPACE',''
  ) );
#7900 = ORIENTED_EDGE('',*,*,#7901,.F.);
#7901 = EDGE_CURVE('',#7902,#7879,#7904,.T.);
#7902 = VERTEX_POINT('',#7903);
#7903 = CARTESIAN_POINT('',(54.,116.975,0.));
#7904 = SURFACE_CURVE('',#7905,(#7909,#7916),.PCURVE_S1.);
#7905 = LINE('',#7906,#7907);
#7906 = CARTESIAN_POINT('',(54.,116.975,0.));
#7907 = VECTOR('',#7908,1.);
#7908 = DIRECTION('',(0.,0.,1.));
#7909 = PCURVE('',#7841,#7910);
#7910 = DEFINITIONAL_REPRESENTATION('',(#7911),#7915);
#7911 = LINE('',#7912,#7913);
#7912 = CARTESIAN_POINT('',(20.,0.));
#7913 = VECTOR('',#7914,1.);
#7914 = DIRECTION('',(0.,-1.));
#7915 = ( GEOMETRIC_REPRESENTATION_CONTEXT(2) 
PARAMETRIC_REPRESENTATION_CONTEXT() REPRESENTATION_CONTEXT('2D SPACE',''
  ) );
#7916 = PCURVE('',#7704,#7917);
#7917 = DEFINITIONAL_REPRESENTATION('',(#7918),#7922);
#7918 = LINE('',#7919,#7920);
#7919 = CARTESIAN_POINT('',(0.,0.));
#7920 = VECTOR('',#7921,1.);
#7921 = DIRECTION('',(0.,-1.));
#7922 = ( GEOMETRIC_REPRESENTATION_CONTEXT(2) 
PARAMETRIC_REPRESENTATION_CONTEXT() REPRESENTATION_CONTEXT('2D SPACE',''
  ) );
#7923 = ORIENTED_EDGE('',*,*,#7924,.F.);
#7924 = EDGE_CURVE('',#7826,#7902,#7925,.T.);
#7925 = SURFACE_CURVE('',#7926,(#7930,#7937),.PCURVE_S1.);
#7926 = LINE('',#7927,#7928);
#7927 = CARTESIAN_POINT('',(74.,116.975,0.));
#7928 = VECTOR('',#7929,1.);
#7929 = DIRECTION('',(-1.,0.,0.));
#7930 = PCURVE('',#7841,#7931);
#7931 = DEFINITIONAL_REPRESENTATION('',(#7932),#7936);
#7932 = LINE('',#7933,#7934);
#7933 = CARTESIAN_POINT('',(0.,-0.));
#7934 = VECTOR('',#7935,1.);
#7935 = DIRECTION('',(1.,0.));
#7936 = ( GEOMETRIC_REPRESENTATION_CONTEXT(2) 
PARAMETRIC_REPRESENTATION_CONTEXT() REPRESENTATION_CONTEXT('2D SPACE',''
  ) );
#7937 = PCURVE('',#7786,#7938);
#7938 = DEFINITIONAL_REPRESENTATION('',(#7939),#7943);
#7939 = LINE('',#7940,#7941);
#7940 = CARTESIAN_POINT('',(12.5,5.535714285714));
#7941 = VECTOR('',#7942,1.);
#7942 = DIRECTION('',(-1.,0.));
#7943 = ( GEOMETRIC_REPRESENTATION_CONTEXT(2) 
PARAMETRIC_REPRESENTATION_CONTEXT() REPRESENTATION_CONTEXT('2D SPACE',''
  ) );
#7944 = ADVANCED_FACE('',(#7945),#7704,.F.);
#7945 = FACE_BOUND('',#7946,.F.);
#7946 = EDGE_LOOP('',(#7947,#7948,#7969,#7970));
#7947 = ORIENTED_EDGE('',*,*,#7901,.T.);
#7948 = ORIENTED_EDGE('',*,*,#7949,.T.);
#7949 = EDGE_CURVE('',#7879,#7684,#7950,.T.);
#7950 = SURFACE_CURVE('',#7951,(#7955,#7962),.PCURVE_S1.);
#7951 = LINE('',#7952,#7953);
#7952 = CARTESIAN_POINT('',(54.,116.975,8.));
#7953 = VECTOR('',#7954,1.);
#7954 = DIRECTION('',(-0.6,-0.8,0.));
#7955 = PCURVE('',#7704,#7956);
#7956 = DEFINITIONAL_REPRESENTATION('',(#7957),#7961);
#7957 = LINE('',#7958,#7959);
#7958 = CARTESIAN_POINT('',(0.,-8.));
#7959 = VECTOR('',#7960,1.);
#7960 = DIRECTION('',(1.,0.));
#7961 = ( GEOMETRIC_REPRESENTATION_CONTEXT(2) 
PARAMETRIC_REPRESENTATION_CONTEXT() REPRESENTATION_CONTEXT('2D SPACE',''
  ) );
#7962 = PCURVE('',#7732,#7963);
#7963 = DEFINITIONAL_REPRESENTATION('',(#7964),#7968);
#7964 = LINE('',#7965,#7966);
#7965 = CARTESIAN_POINT('',(-7.5,5.535714285714));
#7966 = VECTOR('',#7967,1.);
#7967 = DIRECTION('',(-0.6,-0.8));
#7968 = ( GEOMETRIC_REPRESENTATION_CONTEXT(2) 
PARAMETRIC_REPRESENTATION_CONTEXT() REPRESENTATION_CONTEXT('2D SPACE',''
  ) );
#7969 = ORIENTED_EDGE('',*,*,#7681,.F.);
#7970 = ORIENTED_EDGE('',*,*,#7971,.F.);
#7971 = EDGE_CURVE('',#7902,#7682,#7972,.T.);
#7972 = SURFACE_CURVE('',#7973,(#7977,#7984),.PCURVE_S1.);
#7973 = LINE('',#7974,#7975);
#7974 = CARTESIAN_POINT('',(54.,116.975,0.));
#7975 = VECTOR('',#7976,1.);
#7976 = DIRECTION('',(-0.6,-0.8,0.));
#7977 = PCURVE('',#7704,#7978);
#7978 = DEFINITIONAL_REPRESENTATION('',(#7979),#7983);
#7979 = LINE('',#7980,#7981);
#7980 = CARTESIAN_POINT('',(0.,0.));
#7981 = VECTOR('',#7982,1.);
#7982 = DIRECTION('',(1.,0.));
#7983 = ( GEOMETRIC_REPRESENTATION_CONTEXT(2) 
PARAMETRIC_REPRESENTATION_CONTEXT() REPRESENTATION_CONTEXT('2D SPACE',''
  ) );
#7984 = PCURVE('',#7786,#7985);
#7985 = DEFINITIONAL_REPRESENTATION('',(#7986),#7990);
#7986 = LINE('',#7987,#7988);
#7987 = CARTESIAN_POINT('',(-7.5,5.535714285714));
#7988 = VECTOR('',#7989,1.);
#7989 = DIRECTION('',(-0.6,-0.8));
#7990 = ( GEOMETRIC_REPRESENTATION_CONTEXT(2) 
PARAMETRIC_REPRESENTATION_CONTEXT() REPRESENTATION_CONTEXT('2D SPACE',''
  ) );
#7991 = ADVANCED_FACE('',(#7992),#7786,.F.);
#7992 = FACE_BOUND('',#7993,.F.);
#7993 = EDGE_LOOP('',(#7994,#7995,#7996,#7997));
#7994 = ORIENTED_EDGE('',*,*,#7772,.T.);
#7995 = ORIENTED_EDGE('',*,*,#7853,.T.);
#7996 = ORIENTED_EDGE('',*,*,#7924,.T.);
#7997 = ORIENTED_EDGE('',*,*,#7971,.T.);
#7998 = ADVANCED_FACE('',(#7999),#7732,.T.);
#7999 = FACE_BOUND('',#8000,.T.);
#8000 = EDGE_LOOP('',(#8001,#8002,#8003,#8004));
#8001 = ORIENTED_EDGE('',*,*,#7716,.T.);
#8002 = ORIENTED_EDGE('',*,*,#7802,.T.);
#8003 = ORIENTED_EDGE('',*,*,#7878,.T.);
#8004 = ORIENTED_EDGE('',*,*,#7949,.T.);
#8005 = ( GEOMETRIC_REPRESENTATION_CONTEXT(3) 
GLOBAL_UNCERTAINTY_ASSIGNED_CONTEXT((#8009)) 
GLOBAL_UNIT_ASSIGNED_CONTEXT((#8006,#8007,#8008)) REPRESENTATION_CONTEXT
('Context #1','3D Context with UNIT and UNCERTAINTY') );
#8006 = ( LENGTH_UNIT() NAMED_UNIT(*) SI_UNIT(.MILLI.,.METRE.) );
#8007 = ( NAMED_UNIT(*) PLANE_ANGLE_UNIT() SI_UNIT($,.RADIAN.) );
#8008 = ( NAMED_UNIT(*) SI_UNIT($,.STERADIAN.) SOLID_ANGLE_UNIT() );
#8009 = UNCERTAINTY_MEASURE_WITH_UNIT(LENGTH_MEASURE(1.E-07),#8006,
  'distance_accuracy_value','confusion accuracy');
#8010 = CONTEXT_DEPENDENT_SHAPE_REPRESENTATION(#8011,#8013);
#8011 = ( REPRESENTATION_RELATIONSHIP('','',#7674,#10) 
REPRESENTATION_RELATIONSHIP_WITH_TRANSFORMATION(#8012) 
SHAPE_REPRESENTATION_RELATIONSHIP() );
#8012 = ITEM_DEFINED_TRANSFORMATION('','',#11,#95);
#8013 = PRODUCT_DEFINITION_SHAPE('Placement','Placement of an item',
  #8014);
#8014 = NEXT_ASSEMBLY_USAGE_OCCURRENCE('121','part_0050__01','',#5,#7669
  ,$);
#8015 = PRODUCT_RELATED_PRODUCT_CATEGORY('part',$,(#7671));
#8016 = SHAPE_DEFINITION_REPRESENTATION(#8017,#8023);
#8017 = PRODUCT_DEFINITION_SHAPE('','',#8018);
#8018 = PRODUCT_DEFINITION('design','',#8019,#8022);
#8019 = PRODUCT_DEFINITION_FORMATION('','',#8020);
#8020 = PRODUCT('part_0017__01','part_0017__01','',(#8021));
#8021 = PRODUCT_CONTEXT('',#2,'mechanical');
#8022 = PRODUCT_DEFINITION_CONTEXT('part definition',#2,'design');
#8023 = ADVANCED_BREP_SHAPE_REPRESENTATION('',(#11,#8024),#8354);
#8024 = MANIFOLD_SOLID_BREP('',#8025);
#8025 = CLOSED_SHELL('',(#8026,#8146,#8222,#8293,#8340,#8347));
#8026 = ADVANCED_FACE('',(#8027),#8041,.F.);
#8027 = FACE_BOUND('',#8028,.F.);
#8028 = EDGE_LOOP('',(#8029,#8064,#8092,#8120));
#8029 = ORIENTED_EDGE('',*,*,#8030,.T.);
#8030 = EDGE_CURVE('',#8031,#8033,#8035,.T.);
#8031 = VERTEX_POINT('',#8032);
#8032 = CARTESIAN_POINT('',(98.,116.975,0.));
#8033 = VERTEX_POINT('',#8034);
#8034 = CARTESIAN_POINT('',(98.,116.975,8.));
#8035 = SURFACE_CURVE('',#8036,(#8040,#8052),.PCURVE_S1.);
#8036 = LINE('',#8037,#8038);
#8037 = CARTESIAN_POINT('',(98.,116.975,0.));
#8038 = VECTOR('',#8039,1.);
#8039 = DIRECTION('',(0.,0.,1.));
#8040 = PCURVE('',#8041,#8046);
#8041 = PLANE('',#8042);
#8042 = AXIS2_PLACEMENT_3D('',#8043,#8044,#8045);
#8043 = CARTESIAN_POINT('',(98.,116.975,0.));
#8044 = DIRECTION('',(0.,-1.,0.));
#8045 = DIRECTION('',(-1.,0.,0.));
#8046 = DEFINITIONAL_REPRESENTATION('',(#8047),#8051);
#8047 = LINE('',#8048,#8049);
#8048 = CARTESIAN_POINT('',(0.,-0.));
#8049 = VECTOR('',#8050,1.);
#8050 = DIRECTION('',(0.,-1.));
#8051 = ( GEOMETRIC_REPRESENTATION_CONTEXT(2) 
PARAMETRIC_REPRESENTATION_CONTEXT() REPRESENTATION_CONTEXT('2D SPACE',''
  ) );
#8052 = PCURVE('',#8053,#8058);
#8053 = PLANE('',#8054);
#8054 = AXIS2_PLACEMENT_3D('',#8055,#8056,#8057);
#8055 = CARTESIAN_POINT('',(98.,106.975,0.));
#8056 = DIRECTION('',(-1.,0.,0.));
#8057 = DIRECTION('',(0.,1.,0.));
#8058 = DEFINITIONAL_REPRESENTATION('',(#8059),#8063);
#8059 = LINE('',#8060,#8061);
#8060 = CARTESIAN_POINT('',(10.,0.));
#8061 = VECTOR('',#8062,1.);
#8062 = DIRECTION('',(0.,-1.));
#8063 = ( GEOMETRIC_REPRESENTATION_CONTEXT(2) 
PARAMETRIC_REPRESENTATION_CONTEXT() REPRESENTATION_CONTEXT('2D SPACE',''
  ) );
#8064 = ORIENTED_EDGE('',*,*,#8065,.T.);
#8065 = EDGE_CURVE('',#8033,#8066,#8068,.T.);
#8066 = VERTEX_POINT('',#8067);
#8067 = CARTESIAN_POINT('',(85.5,116.975,8.));
#8068 = SURFACE_CURVE('',#8069,(#8073,#8080),.PCURVE_S1.);
#8069 = LINE('',#8070,#8071);
#8070 = CARTESIAN_POINT('',(98.,116.975,8.));
#8071 = VECTOR('',#8072,1.);
#8072 = DIRECTION('',(-1.,0.,0.));
#8073 = PCURVE('',#8041,#8074);
#8074 = DEFINITIONAL_REPRESENTATION('',(#8075),#8079);
#8075 = LINE('',#8076,#8077);
#8076 = CARTESIAN_POINT('',(0.,-8.));
#8077 = VECTOR('',#8078,1.);
#8078 = DIRECTION('',(1.,0.));
#8079 = ( GEOMETRIC_REPRESENTATION_CONTEXT(2) 
PARAMETRIC_REPRESENTATION_CONTEXT() REPRESENTATION_CONTEXT('2D SPACE',''
  ) );
#8080 = PCURVE('',#8081,#8086);
#8081 = PLANE('',#8082);
#8082 = AXIS2_PLACEMENT_3D('',#8083,#8084,#8085);
#8083 = CARTESIAN_POINT('',(89.25,111.29318181818,8.));
#8084 = DIRECTION('',(0.,0.,1.));
#8085 = DIRECTION('',(1.,0.,0.));
#8086 = DEFINITIONAL_REPRESENTATION('',(#8087),#8091);
#8087 = LINE('',#8088,#8089);
#8088 = CARTESIAN_POINT('',(8.75,5.681818181818));
#8089 = VECTOR('',#8090,1.);
#8090 = DIRECTION('',(-1.,0.));
#8091 = ( GEOMETRIC_REPRESENTATION_CONTEXT(2) 
PARAMETRIC_REPRESENTATION_CONTEXT() REPRESENTATION_CONTEXT('2D SPACE',''
  ) );
#8092 = ORIENTED_EDGE('',*,*,#8093,.F.);
#8093 = EDGE_CURVE('',#8094,#8066,#8096,.T.);
#8094 = VERTEX_POINT('',#8095);
#8095 = CARTESIAN_POINT('',(85.5,116.975,0.));
#8096 = SURFACE_CURVE('',#8097,(#8101,#8108),.PCURVE_S1.);
#8097 = LINE('',#8098,#8099);
#8098 = CARTESIAN_POINT('',(85.5,116.975,0.));
#8099 = VECTOR('',#8100,1.);
#8100 = DIRECTION('',(0.,0.,1.));
#8101 = PCURVE('',#8041,#8102);
#8102 = DEFINITIONAL_REPRESENTATION('',(#8103),#8107);
#8103 = LINE('',#8104,#8105);
#8104 = CARTESIAN_POINT('',(12.5,0.));
#8105 = VECTOR('',#8106,1.);
#8106 = DIRECTION('',(0.,-1.));
#8107 = ( GEOMETRIC_REPRESENTATION_CONTEXT(2) 
PARAMETRIC_REPRESENTATION_CONTEXT() REPRESENTATION_CONTEXT('2D SPACE',''
  ) );
#8108 = PCURVE('',#8109,#8114);
#8109 = PLANE('',#8110);
#8110 = AXIS2_PLACEMENT_3D('',#8111,#8112,#8113);
#8111 = CARTESIAN_POINT('',(85.5,116.975,0.));
#8112 = DIRECTION('',(0.8,-0.6,0.));
#8113 = DIRECTION('',(-0.6,-0.8,0.));
#8114 = DEFINITIONAL_REPRESENTATION('',(#8115),#8119);
#8115 = LINE('',#8116,#8117);
#8116 = CARTESIAN_POINT('',(0.,0.));
#8117 = VECTOR('',#8118,1.);
#8118 = DIRECTION('',(0.,-1.));
#8119 = ( GEOMETRIC_REPRESENTATION_CONTEXT(2) 
PARAMETRIC_REPRESENTATION_CONTEXT() REPRESENTATION_CONTEXT('2D SPACE',''
  ) );
#8120 = ORIENTED_EDGE('',*,*,#8121,.F.);
#8121 = EDGE_CURVE('',#8031,#8094,#8122,.T.);
#8122 = SURFACE_CURVE('',#8123,(#8127,#8134),.PCURVE_S1.);
#8123 = LINE('',#8124,#8125);
#8124 = CARTESIAN_POINT('',(98.,116.975,0.));
#8125 = VECTOR('',#8126,1.);
#8126 = DIRECTION('',(-1.,0.,0.));
#8127 = PCURVE('',#8041,#8128);
#8128 = DEFINITIONAL_REPRESENTATION('',(#8129),#8133);
#8129 = LINE('',#8130,#8131);
#8130 = CARTESIAN_POINT('',(0.,-0.));
#8131 = VECTOR('',#8132,1.);
#8132 = DIRECTION('',(1.,0.));
#8133 = ( GEOMETRIC_REPRESENTATION_CONTEXT(2) 
PARAMETRIC_REPRESENTATION_CONTEXT() REPRESENTATION_CONTEXT('2D SPACE',''
  ) );
#8134 = PCURVE('',#8135,#8140);
#8135 = PLANE('',#8136);
#8136 = AXIS2_PLACEMENT_3D('',#8137,#8138,#8139);
#8137 = CARTESIAN_POINT('',(89.25,111.29318181818,0.));
#8138 = DIRECTION('',(0.,0.,1.));
#8139 = DIRECTION('',(1.,0.,0.));
#8140 = DEFINITIONAL_REPRESENTATION('',(#8141),#8145);
#8141 = LINE('',#8142,#8143);
#8142 = CARTESIAN_POINT('',(8.75,5.681818181818));
#8143 = VECTOR('',#8144,1.);
#8144 = DIRECTION('',(-1.,0.));
#8145 = ( GEOMETRIC_REPRESENTATION_CONTEXT(2) 
PARAMETRIC_REPRESENTATION_CONTEXT() REPRESENTATION_CONTEXT('2D SPACE',''
  ) );
#8146 = ADVANCED_FACE('',(#8147),#8109,.F.);
#8147 = FACE_BOUND('',#8148,.F.);
#8148 = EDGE_LOOP('',(#8149,#8150,#8173,#8201));
#8149 = ORIENTED_EDGE('',*,*,#8093,.T.);
#8150 = ORIENTED_EDGE('',*,*,#8151,.T.);
#8151 = EDGE_CURVE('',#8066,#8152,#8154,.T.);
#8152 = VERTEX_POINT('',#8153);
#8153 = CARTESIAN_POINT('',(78.,106.975,8.));
#8154 = SURFACE_CURVE('',#8155,(#8159,#8166),.PCURVE_S1.);
#8155 = LINE('',#8156,#8157);
#8156 = CARTESIAN_POINT('',(85.5,116.975,8.));
#8157 = VECTOR('',#8158,1.);
#8158 = DIRECTION('',(-0.6,-0.8,0.));
#8159 = PCURVE('',#8109,#8160);
#8160 = DEFINITIONAL_REPRESENTATION('',(#8161),#8165);
#8161 = LINE('',#8162,#8163);
#8162 = CARTESIAN_POINT('',(0.,-8.));
#8163 = VECTOR('',#8164,1.);
#8164 = DIRECTION('',(1.,0.));
#8165 = ( GEOMETRIC_REPRESENTATION_CONTEXT(2) 
PARAMETRIC_REPRESENTATION_CONTEXT() REPRESENTATION_CONTEXT('2D SPACE',''
  ) );
#8166 = PCURVE('',#8081,#8167);
#8167 = DEFINITIONAL_REPRESENTATION('',(#8168),#8172);
#8168 = LINE('',#8169,#8170);
#8169 = CARTESIAN_POINT('',(-3.75,5.681818181818));
#8170 = VECTOR('',#8171,1.);
#8171 = DIRECTION('',(-0.6,-0.8));
#8172 = ( GEOMETRIC_REPRESENTATION_CONTEXT(2) 
PARAMETRIC_REPRESENTATION_CONTEXT() REPRESENTATION_CONTEXT('2D SPACE',''
  ) );
#8173 = ORIENTED_EDGE('',*,*,#8174,.F.);
#8174 = EDGE_CURVE('',#8175,#8152,#8177,.T.);
#8175 = VERTEX_POINT('',#8176);
#8176 = CARTESIAN_POINT('',(78.,106.975,0.));
#8177 = SURFACE_CURVE('',#8178,(#8182,#8189),.PCURVE_S1.);
#8178 = LINE('',#8179,#8180);
#8179 = CARTESIAN_POINT('',(78.,106.975,0.));
#8180 = VECTOR('',#8181,1.);
#8181 = DIRECTION('',(0.,0.,1.));
#8182 = PCURVE('',#8109,#8183);
#8183 = DEFINITIONAL_REPRESENTATION('',(#8184),#8188);
#8184 = LINE('',#8185,#8186);
#8185 = CARTESIAN_POINT('',(12.5,0.));
#8186 = VECTOR('',#8187,1.);
#8187 = DIRECTION('',(0.,-1.));
#8188 = ( GEOMETRIC_REPRESENTATION_CONTEXT(2) 
PARAMETRIC_REPRESENTATION_CONTEXT() REPRESENTATION_CONTEXT('2D SPACE',''
  ) );
#8189 = PCURVE('',#8190,#8195);
#8190 = PLANE('',#8191);
#8191 = AXIS2_PLACEMENT_3D('',#8192,#8193,#8194);
#8192 = CARTESIAN_POINT('',(78.,106.975,0.));
#8193 = DIRECTION('',(0.,1.,0.));
#8194 = DIRECTION('',(1.,0.,0.));
#8195 = DEFINITIONAL_REPRESENTATION('',(#8196),#8200);
#8196 = LINE('',#8197,#8198);
#8197 = CARTESIAN_POINT('',(0.,0.));
#8198 = VECTOR('',#8199,1.);
#8199 = DIRECTION('',(0.,-1.));
#8200 = ( GEOMETRIC_REPRESENTATION_CONTEXT(2) 
PARAMETRIC_REPRESENTATION_CONTEXT() REPRESENTATION_CONTEXT('2D SPACE',''
  ) );
#8201 = ORIENTED_EDGE('',*,*,#8202,.F.);
#8202 = EDGE_CURVE('',#8094,#8175,#8203,.T.);
#8203 = SURFACE_CURVE('',#8204,(#8208,#8215),.PCURVE_S1.);
#8204 = LINE('',#8205,#8206);
#8205 = CARTESIAN_POINT('',(85.5,116.975,0.));
#8206 = VECTOR('',#8207,1.);
#8207 = DIRECTION('',(-0.6,-0.8,0.));
#8208 = PCURVE('',#8109,#8209);
#8209 = DEFINITIONAL_REPRESENTATION('',(#8210),#8214);
#8210 = LINE('',#8211,#8212);
#8211 = CARTESIAN_POINT('',(0.,0.));
#8212 = VECTOR('',#8213,1.);
#8213 = DIRECTION('',(1.,0.));
#8214 = ( GEOMETRIC_REPRESENTATION_CONTEXT(2) 
PARAMETRIC_REPRESENTATION_CONTEXT() REPRESENTATION_CONTEXT('2D SPACE',''
  ) );
#8215 = PCURVE('',#8135,#8216);
#8216 = DEFINITIONAL_REPRESENTATION('',(#8217),#8221);
#8217 = LINE('',#8218,#8219);
#8218 = CARTESIAN_POINT('',(-3.75,5.681818181818));
#8219 = VECTOR('',#8220,1.);
#8220 = DIRECTION('',(-0.6,-0.8));
#8221 = ( GEOMETRIC_REPRESENTATION_CONTEXT(2) 
PARAMETRIC_REPRESENTATION_CONTEXT() REPRESENTATION_CONTEXT('2D SPACE',''
  ) );
#8222 = ADVANCED_FACE('',(#8223),#8190,.F.);
#8223 = FACE_BOUND('',#8224,.F.);
#8224 = EDGE_LOOP('',(#8225,#8226,#8249,#8272));
#8225 = ORIENTED_EDGE('',*,*,#8174,.T.);
#8226 = ORIENTED_EDGE('',*,*,#8227,.T.);
#8227 = EDGE_CURVE('',#8152,#8228,#8230,.T.);
#8228 = VERTEX_POINT('',#8229);
#8229 = CARTESIAN_POINT('',(98.,106.975,8.));
#8230 = SURFACE_CURVE('',#8231,(#8235,#8242),.PCURVE_S1.);
#8231 = LINE('',#8232,#8233);
#8232 = CARTESIAN_POINT('',(78.,106.975,8.));
#8233 = VECTOR('',#8234,1.);
#8234 = DIRECTION('',(1.,0.,0.));
#8235 = PCURVE('',#8190,#8236);
#8236 = DEFINITIONAL_REPRESENTATION('',(#8237),#8241);
#8237 = LINE('',#8238,#8239);
#8238 = CARTESIAN_POINT('',(0.,-8.));
#8239 = VECTOR('',#8240,1.);
#8240 = DIRECTION('',(1.,0.));
#8241 = ( GEOMETRIC_REPRESENTATION_CONTEXT(2) 
PARAMETRIC_REPRESENTATION_CONTEXT() REPRESENTATION_CONTEXT('2D SPACE',''
  ) );
#8242 = PCURVE('',#8081,#8243);
#8243 = DEFINITIONAL_REPRESENTATION('',(#8244),#8248);
#8244 = LINE('',#8245,#8246);
#8245 = CARTESIAN_POINT('',(-11.25,-4.318181818182));
#8246 = VECTOR('',#8247,1.);
#8247 = DIRECTION('',(1.,0.));
#8248 = ( GEOMETRIC_REPRESENTATION_CONTEXT(2) 
PARAMETRIC_REPRESENTATION_CONTEXT() REPRESENTATION_CONTEXT('2D SPACE',''
  ) );
#8249 = ORIENTED_EDGE('',*,*,#8250,.F.);
#8250 = EDGE_CURVE('',#8251,#8228,#8253,.T.);
#8251 = VERTEX_POINT('',#8252);
#8252 = CARTESIAN_POINT('',(98.,106.975,0.));
#8253 = SURFACE_CURVE('',#8254,(#8258,#8265),.PCURVE_S1.);
#8254 = LINE('',#8255,#8256);
#8255 = CARTESIAN_POINT('',(98.,106.975,0.));
#8256 = VECTOR('',#8257,1.);
#8257 = DIRECTION('',(0.,0.,1.));
#8258 = PCURVE('',#8190,#8259);
#8259 = DEFINITIONAL_REPRESENTATION('',(#8260),#8264);
#8260 = LINE('',#8261,#8262);
#8261 = CARTESIAN_POINT('',(20.,0.));
#8262 = VECTOR('',#8263,1.);
#8263 = DIRECTION('',(0.,-1.));
#8264 = ( GEOMETRIC_REPRESENTATION_CONTEXT(2) 
PARAMETRIC_REPRESENTATION_CONTEXT() REPRESENTATION_CONTEXT('2D SPACE',''
  ) );
#8265 = PCURVE('',#8053,#8266);
#8266 = DEFINITIONAL_REPRESENTATION('',(#8267),#8271);
#8267 = LINE('',#8268,#8269);
#8268 = CARTESIAN_POINT('',(0.,0.));
#8269 = VECTOR('',#8270,1.);
#8270 = DIRECTION('',(0.,-1.));
#8271 = ( GEOMETRIC_REPRESENTATION_CONTEXT(2) 
PARAMETRIC_REPRESENTATION_CONTEXT() REPRESENTATION_CONTEXT('2D SPACE',''
  ) );
#8272 = ORIENTED_EDGE('',*,*,#8273,.F.);
#8273 = EDGE_CURVE('',#8175,#8251,#8274,.T.);
#8274 = SURFACE_CURVE('',#8275,(#8279,#8286),.PCURVE_S1.);
#8275 = LINE('',#8276,#8277);
#8276 = CARTESIAN_POINT('',(78.,106.975,0.));
#8277 = VECTOR('',#8278,1.);
#8278 = DIRECTION('',(1.,0.,0.));
#8279 = PCURVE('',#8190,#8280);
#8280 = DEFINITIONAL_REPRESENTATION('',(#8281),#8285);
#8281 = LINE('',#8282,#8283);
#8282 = CARTESIAN_POINT('',(0.,0.));
#8283 = VECTOR('',#8284,1.);
#8284 = DIRECTION('',(1.,0.));
#8285 = ( GEOMETRIC_REPRESENTATION_CONTEXT(2) 
PARAMETRIC_REPRESENTATION_CONTEXT() REPRESENTATION_CONTEXT('2D SPACE',''
  ) );
#8286 = PCURVE('',#8135,#8287);
#8287 = DEFINITIONAL_REPRESENTATION('',(#8288),#8292);
#8288 = LINE('',#8289,#8290);
#8289 = CARTESIAN_POINT('',(-11.25,-4.318181818182));
#8290 = VECTOR('',#8291,1.);
#8291 = DIRECTION('',(1.,0.));
#8292 = ( GEOMETRIC_REPRESENTATION_CONTEXT(2) 
PARAMETRIC_REPRESENTATION_CONTEXT() REPRESENTATION_CONTEXT('2D SPACE',''
  ) );
#8293 = ADVANCED_FACE('',(#8294),#8053,.F.);
#8294 = FACE_BOUND('',#8295,.F.);
#8295 = EDGE_LOOP('',(#8296,#8297,#8318,#8319));
#8296 = ORIENTED_EDGE('',*,*,#8250,.T.);
#8297 = ORIENTED_EDGE('',*,*,#8298,.T.);
#8298 = EDGE_CURVE('',#8228,#8033,#8299,.T.);
#8299 = SURFACE_CURVE('',#8300,(#8304,#8311),.PCURVE_S1.);
#8300 = LINE('',#8301,#8302);
#8301 = CARTESIAN_POINT('',(98.,106.975,8.));
#8302 = VECTOR('',#8303,1.);
#8303 = DIRECTION('',(0.,1.,0.));
#8304 = PCURVE('',#8053,#8305);
#8305 = DEFINITIONAL_REPRESENTATION('',(#8306),#8310);
#8306 = LINE('',#8307,#8308);
#8307 = CARTESIAN_POINT('',(0.,-8.));
#8308 = VECTOR('',#8309,1.);
#8309 = DIRECTION('',(1.,0.));
#8310 = ( GEOMETRIC_REPRESENTATION_CONTEXT(2) 
PARAMETRIC_REPRESENTATION_CONTEXT() REPRESENTATION_CONTEXT('2D SPACE',''
  ) );
#8311 = PCURVE('',#8081,#8312);
#8312 = DEFINITIONAL_REPRESENTATION('',(#8313),#8317);
#8313 = LINE('',#8314,#8315);
#8314 = CARTESIAN_POINT('',(8.75,-4.318181818182));
#8315 = VECTOR('',#8316,1.);
#8316 = DIRECTION('',(0.,1.));
#8317 = ( GEOMETRIC_REPRESENTATION_CONTEXT(2) 
PARAMETRIC_REPRESENTATION_CONTEXT() REPRESENTATION_CONTEXT('2D SPACE',''
  ) );
#8318 = ORIENTED_EDGE('',*,*,#8030,.F.);
#8319 = ORIENTED_EDGE('',*,*,#8320,.F.);
#8320 = EDGE_CURVE('',#8251,#8031,#8321,.T.);
#8321 = SURFACE_CURVE('',#8322,(#8326,#8333),.PCURVE_S1.);
#8322 = LINE('',#8323,#8324);
#8323 = CARTESIAN_POINT('',(98.,106.975,0.));
#8324 = VECTOR('',#8325,1.);
#8325 = DIRECTION('',(0.,1.,0.));
#8326 = PCURVE('',#8053,#8327);
#8327 = DEFINITIONAL_REPRESENTATION('',(#8328),#8332);
#8328 = LINE('',#8329,#8330);
#8329 = CARTESIAN_POINT('',(0.,0.));
#8330 = VECTOR('',#8331,1.);
#8331 = DIRECTION('',(1.,0.));
#8332 = ( GEOMETRIC_REPRESENTATION_CONTEXT(2) 
PARAMETRIC_REPRESENTATION_CONTEXT() REPRESENTATION_CONTEXT('2D SPACE',''
  ) );
#8333 = PCURVE('',#8135,#8334);
#8334 = DEFINITIONAL_REPRESENTATION('',(#8335),#8339);
#8335 = LINE('',#8336,#8337);
#8336 = CARTESIAN_POINT('',(8.75,-4.318181818182));
#8337 = VECTOR('',#8338,1.);
#8338 = DIRECTION('',(0.,1.));
#8339 = ( GEOMETRIC_REPRESENTATION_CONTEXT(2) 
PARAMETRIC_REPRESENTATION_CONTEXT() REPRESENTATION_CONTEXT('2D SPACE',''
  ) );
#8340 = ADVANCED_FACE('',(#8341),#8135,.F.);
#8341 = FACE_BOUND('',#8342,.F.);
#8342 = EDGE_LOOP('',(#8343,#8344,#8345,#8346));
#8343 = ORIENTED_EDGE('',*,*,#8121,.T.);
#8344 = ORIENTED_EDGE('',*,*,#8202,.T.);
#8345 = ORIENTED_EDGE('',*,*,#8273,.T.);
#8346 = ORIENTED_EDGE('',*,*,#8320,.T.);
#8347 = ADVANCED_FACE('',(#8348),#8081,.T.);
#8348 = FACE_BOUND('',#8349,.T.);
#8349 = EDGE_LOOP('',(#8350,#8351,#8352,#8353));
#8350 = ORIENTED_EDGE('',*,*,#8065,.T.);
#8351 = ORIENTED_EDGE('',*,*,#8151,.T.);
#8352 = ORIENTED_EDGE('',*,*,#8227,.T.);
#8353 = ORIENTED_EDGE('',*,*,#8298,.T.);
#8354 = ( GEOMETRIC_REPRESENTATION_CONTEXT(3) 
GLOBAL_UNCERTAINTY_ASSIGNED_CONTEXT((#8358)) 
GLOBAL_UNIT_ASSIGNED_CONTEXT((#8355,#8356,#8357)) REPRESENTATION_CONTEXT
('Context #1','3D Context with UNIT and UNCERTAINTY') );
#8355 = ( LENGTH_UNIT() NAMED_UNIT(*) SI_UNIT(.MILLI.,.METRE.) );
#8356 = ( NAMED_UNIT(*) PLANE_ANGLE_UNIT() SI_UNIT($,.RADIAN.) );
#8357 = ( NAMED_UNIT(*) SI_UNIT($,.STERADIAN.) SOLID_ANGLE_UNIT() );
#8358 = UNCERTAINTY_MEASURE_WITH_UNIT(LENGTH_MEASURE(1.E-07),#8355,
  'distance_accuracy_value','confusion accuracy');
#8359 = CONTEXT_DEPENDENT_SHAPE_REPRESENTATION(#8360,#8362);
#8360 = ( REPRESENTATION_RELATIONSHIP('','',#8023,#10) 
REPRESENTATION_RELATIONSHIP_WITH_TRANSFORMATION(#8361) 
SHAPE_REPRESENTATION_RELATIONSHIP() );
#8361 = ITEM_DEFINED_TRANSFORMATION('','',#11,#99);
#8362 = PRODUCT_DEFINITION_SHAPE('Placement','Placement of an item',
  #8363);
#8363 = NEXT_ASSEMBLY_USAGE_OCCURRENCE('122','part_0017__01','',#5,#8018
  ,$);
#8364 = PRODUCT_RELATED_PRODUCT_CATEGORY('part',$,(#8020));
#8365 = SHAPE_DEFINITION_REPRESENTATION(#8366,#8372);
#8366 = PRODUCT_DEFINITION_SHAPE('','',#8367);
#8367 = PRODUCT_DEFINITION('design','',#8368,#8371);
#8368 = PRODUCT_DEFINITION_FORMATION('','',#8369);
#8369 = PRODUCT('part_0017__02','part_0017__02','',(#8370));
#8370 = PRODUCT_CONTEXT('',#2,'mechanical');
#8371 = PRODUCT_DEFINITION_CONTEXT('part definition',#2,'design');
#8372 = ADVANCED_BREP_SHAPE_REPRESENTATION('',(#11,#8373),#8703);
#8373 = MANIFOLD_SOLID_BREP('',#8374);
#8374 = CLOSED_SHELL('',(#8375,#8495,#8571,#8642,#8689,#8696));
#8375 = ADVANCED_FACE('',(#8376),#8390,.F.);
#8376 = FACE_BOUND('',#8377,.F.);
#8377 = EDGE_LOOP('',(#8378,#8413,#8441,#8469));
#8378 = ORIENTED_EDGE('',*,*,#8379,.T.);
#8379 = EDGE_CURVE('',#8380,#8382,#8384,.T.);
#8380 = VERTEX_POINT('',#8381);
#8381 = CARTESIAN_POINT('',(122.,116.975,0.));
#8382 = VERTEX_POINT('',#8383);
#8383 = CARTESIAN_POINT('',(122.,116.975,8.));
#8384 = SURFACE_CURVE('',#8385,(#8389,#8401),.PCURVE_S1.);
#8385 = LINE('',#8386,#8387);
#8386 = CARTESIAN_POINT('',(122.,116.975,0.));
#8387 = VECTOR('',#8388,1.);
#8388 = DIRECTION('',(0.,0.,1.));
#8389 = PCURVE('',#8390,#8395);
#8390 = PLANE('',#8391);
#8391 = AXIS2_PLACEMENT_3D('',#8392,#8393,#8394);
#8392 = CARTESIAN_POINT('',(122.,116.975,0.));
#8393 = DIRECTION('',(0.,-1.,0.));
#8394 = DIRECTION('',(-1.,0.,0.));
#8395 = DEFINITIONAL_REPRESENTATION('',(#8396),#8400);
#8396 = LINE('',#8397,#8398);
#8397 = CARTESIAN_POINT('',(0.,-0.));
#8398 = VECTOR('',#8399,1.);
#8399 = DIRECTION('',(0.,-1.));
#8400 = ( GEOMETRIC_REPRESENTATION_CONTEXT(2) 
PARAMETRIC_REPRESENTATION_CONTEXT() REPRESENTATION_CONTEXT('2D SPACE',''
  ) );
#8401 = PCURVE('',#8402,#8407);
#8402 = PLANE('',#8403);
#8403 = AXIS2_PLACEMENT_3D('',#8404,#8405,#8406);
#8404 = CARTESIAN_POINT('',(122.,106.975,0.));
#8405 = DIRECTION('',(-1.,0.,0.));
#8406 = DIRECTION('',(0.,1.,0.));
#8407 = DEFINITIONAL_REPRESENTATION('',(#8408),#8412);
#8408 = LINE('',#8409,#8410);
#8409 = CARTESIAN_POINT('',(10.,0.));
#8410 = VECTOR('',#8411,1.);
#8411 = DIRECTION('',(0.,-1.));
#8412 = ( GEOMETRIC_REPRESENTATION_CONTEXT(2) 
PARAMETRIC_REPRESENTATION_CONTEXT() REPRESENTATION_CONTEXT('2D SPACE',''
  ) );
#8413 = ORIENTED_EDGE('',*,*,#8414,.T.);
#8414 = EDGE_CURVE('',#8382,#8415,#8417,.T.);
#8415 = VERTEX_POINT('',#8416);
#8416 = CARTESIAN_POINT('',(109.5,116.975,8.));
#8417 = SURFACE_CURVE('',#8418,(#8422,#8429),.PCURVE_S1.);
#8418 = LINE('',#8419,#8420);
#8419 = CARTESIAN_POINT('',(122.,116.975,8.));
#8420 = VECTOR('',#8421,1.);
#8421 = DIRECTION('',(-1.,0.,0.));
#8422 = PCURVE('',#8390,#8423);
#8423 = DEFINITIONAL_REPRESENTATION('',(#8424),#8428);
#8424 = LINE('',#8425,#8426);
#8425 = CARTESIAN_POINT('',(0.,-8.));
#8426 = VECTOR('',#8427,1.);
#8427 = DIRECTION('',(1.,0.));
#8428 = ( GEOMETRIC_REPRESENTATION_CONTEXT(2) 
PARAMETRIC_REPRESENTATION_CONTEXT() REPRESENTATION_CONTEXT('2D SPACE',''
  ) );
#8429 = PCURVE('',#8430,#8435);
#8430 = PLANE('',#8431);
#8431 = AXIS2_PLACEMENT_3D('',#8432,#8433,#8434);
#8432 = CARTESIAN_POINT('',(113.25,111.29318181818,8.));
#8433 = DIRECTION('',(0.,0.,1.));
#8434 = DIRECTION('',(1.,0.,0.));
#8435 = DEFINITIONAL_REPRESENTATION('',(#8436),#8440);
#8436 = LINE('',#8437,#8438);
#8437 = CARTESIAN_POINT('',(8.75,5.681818181818));
#8438 = VECTOR('',#8439,1.);
#8439 = DIRECTION('',(-1.,0.));
#8440 = ( GEOMETRIC_REPRESENTATION_CONTEXT(2) 
PARAMETRIC_REPRESENTATION_CONTEXT() REPRESENTATION_CONTEXT('2D SPACE',''
  ) );
#8441 = ORIENTED_EDGE('',*,*,#8442,.F.);
#8442 = EDGE_CURVE('',#8443,#8415,#8445,.T.);
#8443 = VERTEX_POINT('',#8444);
#8444 = CARTESIAN_POINT('',(109.5,116.975,0.));
#8445 = SURFACE_CURVE('',#8446,(#8450,#8457),.PCURVE_S1.);
#8446 = LINE('',#8447,#8448);
#8447 = CARTESIAN_POINT('',(109.5,116.975,0.));
#8448 = VECTOR('',#8449,1.);
#8449 = DIRECTION('',(0.,0.,1.));
#8450 = PCURVE('',#8390,#8451);
#8451 = DEFINITIONAL_REPRESENTATION('',(#8452),#8456);
#8452 = LINE('',#8453,#8454);
#8453 = CARTESIAN_POINT('',(12.5,0.));
#8454 = VECTOR('',#8455,1.);
#8455 = DIRECTION('',(0.,-1.));
#8456 = ( GEOMETRIC_REPRESENTATION_CONTEXT(2) 
PARAMETRIC_REPRESENTATION_CONTEXT() REPRESENTATION_CONTEXT('2D SPACE',''
  ) );
#8457 = PCURVE('',#8458,#8463);
#8458 = PLANE('',#8459);
#8459 = AXIS2_PLACEMENT_3D('',#8460,#8461,#8462);
#8460 = CARTESIAN_POINT('',(109.5,116.975,0.));
#8461 = DIRECTION('',(0.8,-0.6,0.));
#8462 = DIRECTION('',(-0.6,-0.8,0.));
#8463 = DEFINITIONAL_REPRESENTATION('',(#8464),#8468);
#8464 = LINE('',#8465,#8466);
#8465 = CARTESIAN_POINT('',(0.,0.));
#8466 = VECTOR('',#8467,1.);
#8467 = DIRECTION('',(0.,-1.));
#8468 = ( GEOMETRIC_REPRESENTATION_CONTEXT(2) 
PARAMETRIC_REPRESENTATION_CONTEXT() REPRESENTATION_CONTEXT('2D SPACE',''
  ) );
#8469 = ORIENTED_EDGE('',*,*,#8470,.F.);
#8470 = EDGE_CURVE('',#8380,#8443,#8471,.T.);
#8471 = SURFACE_CURVE('',#8472,(#8476,#8483),.PCURVE_S1.);
#8472 = LINE('',#8473,#8474);
#8473 = CARTESIAN_POINT('',(122.,116.975,0.));
#8474 = VECTOR('',#8475,1.);
#8475 = DIRECTION('',(-1.,0.,0.));
#8476 = PCURVE('',#8390,#8477);
#8477 = DEFINITIONAL_REPRESENTATION('',(#8478),#8482);
#8478 = LINE('',#8479,#8480);
#8479 = CARTESIAN_POINT('',(0.,-0.));
#8480 = VECTOR('',#8481,1.);
#8481 = DIRECTION('',(1.,0.));
#8482 = ( GEOMETRIC_REPRESENTATION_CONTEXT(2) 
PARAMETRIC_REPRESENTATION_CONTEXT() REPRESENTATION_CONTEXT('2D SPACE',''
  ) );
#8483 = PCURVE('',#8484,#8489);
#8484 = PLANE('',#8485);
#8485 = AXIS2_PLACEMENT_3D('',#8486,#8487,#8488);
#8486 = CARTESIAN_POINT('',(113.25,111.29318181818,0.));
#8487 = DIRECTION('',(0.,0.,1.));
#8488 = DIRECTION('',(1.,0.,0.));
#8489 = DEFINITIONAL_REPRESENTATION('',(#8490),#8494);
#8490 = LINE('',#8491,#8492);
#8491 = CARTESIAN_POINT('',(8.75,5.681818181818));
#8492 = VECTOR('',#8493,1.);
#8493 = DIRECTION('',(-1.,0.));
#8494 = ( GEOMETRIC_REPRESENTATION_CONTEXT(2) 
PARAMETRIC_REPRESENTATION_CONTEXT() REPRESENTATION_CONTEXT('2D SPACE',''
  ) );
#8495 = ADVANCED_FACE('',(#8496),#8458,.F.);
#8496 = FACE_BOUND('',#8497,.F.);
#8497 = EDGE_LOOP('',(#8498,#8499,#8522,#8550));
#8498 = ORIENTED_EDGE('',*,*,#8442,.T.);
#8499 = ORIENTED_EDGE('',*,*,#8500,.T.);
#8500 = EDGE_CURVE('',#8415,#8501,#8503,.T.);
#8501 = VERTEX_POINT('',#8502);
#8502 = CARTESIAN_POINT('',(102.,106.975,8.));
#8503 = SURFACE_CURVE('',#8504,(#8508,#8515),.PCURVE_S1.);
#8504 = LINE('',#8505,#8506);
#8505 = CARTESIAN_POINT('',(109.5,116.975,8.));
#8506 = VECTOR('',#8507,1.);
#8507 = DIRECTION('',(-0.6,-0.8,0.));
#8508 = PCURVE('',#8458,#8509);
#8509 = DEFINITIONAL_REPRESENTATION('',(#8510),#8514);
#8510 = LINE('',#8511,#8512);
#8511 = CARTESIAN_POINT('',(0.,-8.));
#8512 = VECTOR('',#8513,1.);
#8513 = DIRECTION('',(1.,0.));
#8514 = ( GEOMETRIC_REPRESENTATION_CONTEXT(2) 
PARAMETRIC_REPRESENTATION_CONTEXT() REPRESENTATION_CONTEXT('2D SPACE',''
  ) );
#8515 = PCURVE('',#8430,#8516);
#8516 = DEFINITIONAL_REPRESENTATION('',(#8517),#8521);
#8517 = LINE('',#8518,#8519);
#8518 = CARTESIAN_POINT('',(-3.75,5.681818181818));
#8519 = VECTOR('',#8520,1.);
#8520 = DIRECTION('',(-0.6,-0.8));
#8521 = ( GEOMETRIC_REPRESENTATION_CONTEXT(2) 
PARAMETRIC_REPRESENTATION_CONTEXT() REPRESENTATION_CONTEXT('2D SPACE',''
  ) );
#8522 = ORIENTED_EDGE('',*,*,#8523,.F.);
#8523 = EDGE_CURVE('',#8524,#8501,#8526,.T.);
#8524 = VERTEX_POINT('',#8525);
#8525 = CARTESIAN_POINT('',(102.,106.975,0.));
#8526 = SURFACE_CURVE('',#8527,(#8531,#8538),.PCURVE_S1.);
#8527 = LINE('',#8528,#8529);
#8528 = CARTESIAN_POINT('',(102.,106.975,0.));
#8529 = VECTOR('',#8530,1.);
#8530 = DIRECTION('',(0.,0.,1.));
#8531 = PCURVE('',#8458,#8532);
#8532 = DEFINITIONAL_REPRESENTATION('',(#8533),#8537);
#8533 = LINE('',#8534,#8535);
#8534 = CARTESIAN_POINT('',(12.5,0.));
#8535 = VECTOR('',#8536,1.);
#8536 = DIRECTION('',(0.,-1.));
#8537 = ( GEOMETRIC_REPRESENTATION_CONTEXT(2) 
PARAMETRIC_REPRESENTATION_CONTEXT() REPRESENTATION_CONTEXT('2D SPACE',''
  ) );
#8538 = PCURVE('',#8539,#8544);
#8539 = PLANE('',#8540);
#8540 = AXIS2_PLACEMENT_3D('',#8541,#8542,#8543);
#8541 = CARTESIAN_POINT('',(102.,106.975,0.));
#8542 = DIRECTION('',(0.,1.,0.));
#8543 = DIRECTION('',(1.,0.,0.));
#8544 = DEFINITIONAL_REPRESENTATION('',(#8545),#8549);
#8545 = LINE('',#8546,#8547);
#8546 = CARTESIAN_POINT('',(0.,0.));
#8547 = VECTOR('',#8548,1.);
#8548 = DIRECTION('',(0.,-1.));
#8549 = ( GEOMETRIC_REPRESENTATION_CONTEXT(2) 
PARAMETRIC_REPRESENTATION_CONTEXT() REPRESENTATION_CONTEXT('2D SPACE',''
  ) );
#8550 = ORIENTED_EDGE('',*,*,#8551,.F.);
#8551 = EDGE_CURVE('',#8443,#8524,#8552,.T.);
#8552 = SURFACE_CURVE('',#8553,(#8557,#8564),.PCURVE_S1.);
#8553 = LINE('',#8554,#8555);
#8554 = CARTESIAN_POINT('',(109.5,116.975,0.));
#8555 = VECTOR('',#8556,1.);
#8556 = DIRECTION('',(-0.6,-0.8,0.));
#8557 = PCURVE('',#8458,#8558);
#8558 = DEFINITIONAL_REPRESENTATION('',(#8559),#8563);
#8559 = LINE('',#8560,#8561);
#8560 = CARTESIAN_POINT('',(0.,0.));
#8561 = VECTOR('',#8562,1.);
#8562 = DIRECTION('',(1.,0.));
#8563 = ( GEOMETRIC_REPRESENTATION_CONTEXT(2) 
PARAMETRIC_REPRESENTATION_CONTEXT() REPRESENTATION_CONTEXT('2D SPACE',''
  ) );
#8564 = PCURVE('',#8484,#8565);
#8565 = DEFINITIONAL_REPRESENTATION('',(#8566),#8570);
#8566 = LINE('',#8567,#8568);
#8567 = CARTESIAN_POINT('',(-3.75,5.681818181818));
#8568 = VECTOR('',#8569,1.);
#8569 = DIRECTION('',(-0.6,-0.8));
#8570 = ( GEOMETRIC_REPRESENTATION_CONTEXT(2) 
PARAMETRIC_REPRESENTATION_CONTEXT() REPRESENTATION_CONTEXT('2D SPACE',''
  ) );
#8571 = ADVANCED_FACE('',(#8572),#8539,.F.);
#8572 = FACE_BOUND('',#8573,.F.);
#8573 = EDGE_LOOP('',(#8574,#8575,#8598,#8621));
#8574 = ORIENTED_EDGE('',*,*,#8523,.T.);
#8575 = ORIENTED_EDGE('',*,*,#8576,.T.);
#8576 = EDGE_CURVE('',#8501,#8577,#8579,.T.);
#8577 = VERTEX_POINT('',#8578);
#8578 = CARTESIAN_POINT('',(122.,106.975,8.));
#8579 = SURFACE_CURVE('',#8580,(#8584,#8591),.PCURVE_S1.);
#8580 = LINE('',#8581,#8582);
#8581 = CARTESIAN_POINT('',(102.,106.975,8.));
#8582 = VECTOR('',#8583,1.);
#8583 = DIRECTION('',(1.,0.,0.));
#8584 = PCURVE('',#8539,#8585);
#8585 = DEFINITIONAL_REPRESENTATION('',(#8586),#8590);
#8586 = LINE('',#8587,#8588);
#8587 = CARTESIAN_POINT('',(0.,-8.));
#8588 = VECTOR('',#8589,1.);
#8589 = DIRECTION('',(1.,0.));
#8590 = ( GEOMETRIC_REPRESENTATION_CONTEXT(2) 
PARAMETRIC_REPRESENTATION_CONTEXT() REPRESENTATION_CONTEXT('2D SPACE',''
  ) );
#8591 = PCURVE('',#8430,#8592);
#8592 = DEFINITIONAL_REPRESENTATION('',(#8593),#8597);
#8593 = LINE('',#8594,#8595);
#8594 = CARTESIAN_POINT('',(-11.25,-4.318181818182));
#8595 = VECTOR('',#8596,1.);
#8596 = DIRECTION('',(1.,0.));
#8597 = ( GEOMETRIC_REPRESENTATION_CONTEXT(2) 
PARAMETRIC_REPRESENTATION_CONTEXT() REPRESENTATION_CONTEXT('2D SPACE',''
  ) );
#8598 = ORIENTED_EDGE('',*,*,#8599,.F.);
#8599 = EDGE_CURVE('',#8600,#8577,#8602,.T.);
#8600 = VERTEX_POINT('',#8601);
#8601 = CARTESIAN_POINT('',(122.,106.975,0.));
#8602 = SURFACE_CURVE('',#8603,(#8607,#8614),.PCURVE_S1.);
#8603 = LINE('',#8604,#8605);
#8604 = CARTESIAN_POINT('',(122.,106.975,0.));
#8605 = VECTOR('',#8606,1.);
#8606 = DIRECTION('',(0.,0.,1.));
#8607 = PCURVE('',#8539,#8608);
#8608 = DEFINITIONAL_REPRESENTATION('',(#8609),#8613);
#8609 = LINE('',#8610,#8611);
#8610 = CARTESIAN_POINT('',(20.,0.));
#8611 = VECTOR('',#8612,1.);
#8612 = DIRECTION('',(0.,-1.));
#8613 = ( GEOMETRIC_REPRESENTATION_CONTEXT(2) 
PARAMETRIC_REPRESENTATION_CONTEXT() REPRESENTATION_CONTEXT('2D SPACE',''
  ) );
#8614 = PCURVE('',#8402,#8615);
#8615 = DEFINITIONAL_REPRESENTATION('',(#8616),#8620);
#8616 = LINE('',#8617,#8618);
#8617 = CARTESIAN_POINT('',(0.,0.));
#8618 = VECTOR('',#8619,1.);
#8619 = DIRECTION('',(0.,-1.));
#8620 = ( GEOMETRIC_REPRESENTATION_CONTEXT(2) 
PARAMETRIC_REPRESENTATION_CONTEXT() REPRESENTATION_CONTEXT('2D SPACE',''
  ) );
#8621 = ORIENTED_EDGE('',*,*,#8622,.F.);
#8622 = EDGE_CURVE('',#8524,#8600,#8623,.T.);
#8623 = SURFACE_CURVE('',#8624,(#8628,#8635),.PCURVE_S1.);
#8624 = LINE('',#8625,#8626);
#8625 = CARTESIAN_POINT('',(102.,106.975,0.));
#8626 = VECTOR('',#8627,1.);
#8627 = DIRECTION('',(1.,0.,0.));
#8628 = PCURVE('',#8539,#8629);
#8629 = DEFINITIONAL_REPRESENTATION('',(#8630),#8634);
#8630 = LINE('',#8631,#8632);
#8631 = CARTESIAN_POINT('',(0.,0.));
#8632 = VECTOR('',#8633,1.);
#8633 = DIRECTION('',(1.,0.));
#8634 = ( GEOMETRIC_REPRESENTATION_CONTEXT(2) 
PARAMETRIC_REPRESENTATION_CONTEXT() REPRESENTATION_CONTEXT('2D SPACE',''
  ) );
#8635 = PCURVE('',#8484,#8636);
#8636 = DEFINITIONAL_REPRESENTATION('',(#8637),#8641);
#8637 = LINE('',#8638,#8639);
#8638 = CARTESIAN_POINT('',(-11.25,-4.318181818182));
#8639 = VECTOR('',#8640,1.);
#8640 = DIRECTION('',(1.,0.));
#8641 = ( GEOMETRIC_REPRESENTATION_CONTEXT(2) 
PARAMETRIC_REPRESENTATION_CONTEXT() REPRESENTATION_CONTEXT('2D SPACE',''
  ) );
#8642 = ADVANCED_FACE('',(#8643),#8402,.F.);
#8643 = FACE_BOUND('',#8644,.F.);
#8644 = EDGE_LOOP('',(#8645,#8646,#8667,#8668));
#8645 = ORIENTED_EDGE('',*,*,#8599,.T.);
#8646 = ORIENTED_EDGE('',*,*,#8647,.T.);
#8647 = EDGE_CURVE('',#8577,#8382,#8648,.T.);
#8648 = SURFACE_CURVE('',#8649,(#8653,#8660),.PCURVE_S1.);
#8649 = LINE('',#8650,#8651);
#8650 = CARTESIAN_POINT('',(122.,106.975,8.));
#8651 = VECTOR('',#8652,1.);
#8652 = DIRECTION('',(0.,1.,0.));
#8653 = PCURVE('',#8402,#8654);
#8654 = DEFINITIONAL_REPRESENTATION('',(#8655),#8659);
#8655 = LINE('',#8656,#8657);
#8656 = CARTESIAN_POINT('',(0.,-8.));
#8657 = VECTOR('',#8658,1.);
#8658 = DIRECTION('',(1.,0.));
#8659 = ( GEOMETRIC_REPRESENTATION_CONTEXT(2) 
PARAMETRIC_REPRESENTATION_CONTEXT() REPRESENTATION_CONTEXT('2D SPACE',''
  ) );
#8660 = PCURVE('',#8430,#8661);
#8661 = DEFINITIONAL_REPRESENTATION('',(#8662),#8666);
#8662 = LINE('',#8663,#8664);
#8663 = CARTESIAN_POINT('',(8.75,-4.318181818182));
#8664 = VECTOR('',#8665,1.);
#8665 = DIRECTION('',(0.,1.));
#8666 = ( GEOMETRIC_REPRESENTATION_CONTEXT(2) 
PARAMETRIC_REPRESENTATION_CONTEXT() REPRESENTATION_CONTEXT('2D SPACE',''
  ) );
#8667 = ORIENTED_EDGE('',*,*,#8379,.F.);
#8668 = ORIENTED_EDGE('',*,*,#8669,.F.);
#8669 = EDGE_CURVE('',#8600,#8380,#8670,.T.);
#8670 = SURFACE_CURVE('',#8671,(#8675,#8682),.PCURVE_S1.);
#8671 = LINE('',#8672,#8673);
#8672 = CARTESIAN_POINT('',(122.,106.975,0.));
#8673 = VECTOR('',#8674,1.);
#8674 = DIRECTION('',(0.,1.,0.));
#8675 = PCURVE('',#8402,#8676);
#8676 = DEFINITIONAL_REPRESENTATION('',(#8677),#8681);
#8677 = LINE('',#8678,#8679);
#8678 = CARTESIAN_POINT('',(0.,0.));
#8679 = VECTOR('',#8680,1.);
#8680 = DIRECTION('',(1.,0.));
#8681 = ( GEOMETRIC_REPRESENTATION_CONTEXT(2) 
PARAMETRIC_REPRESENTATION_CONTEXT() REPRESENTATION_CONTEXT('2D SPACE',''
  ) );
#8682 = PCURVE('',#8484,#8683);
#8683 = DEFINITIONAL_REPRESENTATION('',(#8684),#8688);
#8684 = LINE('',#8685,#8686);
#8685 = CARTESIAN_POINT('',(8.75,-4.318181818182));
#8686 = VECTOR('',#8687,1.);
#8687 = DIRECTION('',(0.,1.));
#8688 = ( GEOMETRIC_REPRESENTATION_CONTEXT(2) 
PARAMETRIC_REPRESENTATION_CONTEXT() REPRESENTATION_CONTEXT('2D SPACE',''
  ) );
#8689 = ADVANCED_FACE('',(#8690),#8484,.F.);
#8690 = FACE_BOUND('',#8691,.F.);
#8691 = EDGE_LOOP('',(#8692,#8693,#8694,#8695));
#8692 = ORIENTED_EDGE('',*,*,#8470,.T.);
#8693 = ORIENTED_EDGE('',*,*,#8551,.T.);
#8694 = ORIENTED_EDGE('',*,*,#8622,.T.);
#8695 = ORIENTED_EDGE('',*,*,#8669,.T.);
#8696 = ADVANCED_FACE('',(#8697),#8430,.T.);
#8697 = FACE_BOUND('',#8698,.T.);
#8698 = EDGE_LOOP('',(#8699,#8700,#8701,#8702));
#8699 = ORIENTED_EDGE('',*,*,#8414,.T.);
#8700 = ORIENTED_EDGE('',*,*,#8500,.T.);
#8701 = ORIENTED_EDGE('',*,*,#8576,.T.);
#8702 = ORIENTED_EDGE('',*,*,#8647,.T.);
#8703 = ( GEOMETRIC_REPRESENTATION_CONTEXT(3) 
GLOBAL_UNCERTAINTY_ASSIGNED_CONTEXT((#8707)) 
GLOBAL_UNIT_ASSIGNED_CONTEXT((#8704,#8705,#8706)) REPRESENTATION_CONTEXT
('Context #1','3D Context with UNIT and UNCERTAINTY') );
#8704 = ( LENGTH_UNIT() NAMED_UNIT(*) SI_UNIT(.MILLI.,.METRE.) );
#8705 = ( NAMED_UNIT(*) PLANE_ANGLE_UNIT() SI_UNIT($,.RADIAN.) );
#8706 = ( NAMED_UNIT(*) SI_UNIT($,.STERADIAN.) SOLID_ANGLE_UNIT() );
#8707 = UNCERTAINTY_MEASURE_WITH_UNIT(LENGTH_MEASURE(1.E-07),#8704,
  'distance_accuracy_value','confusion accuracy');
#8708 = CONTEXT_DEPENDENT_SHAPE_REPRESENTATION(#8709,#8711);
#8709 = ( REPRESENTATION_RELATIONSHIP('','',#8372,#10) 
REPRESENTATION_RELATIONSHIP_WITH_TRANSFORMATION(#8710) 
SHAPE_REPRESENTATION_RELATIONSHIP() );
#8710 = ITEM_DEFINED_TRANSFORMATION('','',#11,#103);
#8711 = PRODUCT_DEFINITION_SHAPE('Placement','Placement of an item',
  #8712);
#8712 = NEXT_ASSEMBLY_USAGE_OCCURRENCE('123','part_0017__02','',#5,#8367
  ,$);
#8713 = PRODUCT_RELATED_PRODUCT_CATEGORY('part',$,(#8369));
#8714 = SHAPE_DEFINITION_REPRESENTATION(#8715,#8721);
#8715 = PRODUCT_DEFINITION_SHAPE('','',#8716);
#8716 = PRODUCT_DEFINITION('design','',#8717,#8720);
#8717 = PRODUCT_DEFINITION_FORMATION('','',#8718);
#8718 = PRODUCT('part_0002__01','part_0002__01','',(#8719));
#8719 = PRODUCT_CONTEXT('',#2,'mechanical');
#8720 = PRODUCT_DEFINITION_CONTEXT('part definition',#2,'design');
#8721 = ADVANCED_BREP_SHAPE_REPRESENTATION('',(#11,#8722),#9052);
#8722 = MANIFOLD_SOLID_BREP('',#8723);
#8723 = CLOSED_SHELL('',(#8724,#8844,#8920,#8991,#9038,#9045));
#8724 = ADVANCED_FACE('',(#8725),#8739,.T.);
#8725 = FACE_BOUND('',#8726,.T.);
#8726 = EDGE_LOOP('',(#8727,#8762,#8790,#8818));
#8727 = ORIENTED_EDGE('',*,*,#8728,.T.);
#8728 = EDGE_CURVE('',#8729,#8731,#8733,.T.);
#8729 = VERTEX_POINT('',#8730);
#8730 = CARTESIAN_POINT('',(126.,116.975,0.));
#8731 = VERTEX_POINT('',#8732);
#8732 = CARTESIAN_POINT('',(126.,116.975,8.));
#8733 = SURFACE_CURVE('',#8734,(#8738,#8750),.PCURVE_S1.);
#8734 = LINE('',#8735,#8736);
#8735 = CARTESIAN_POINT('',(126.,116.975,0.));
#8736 = VECTOR('',#8737,1.);
#8737 = DIRECTION('',(0.,0.,1.));
#8738 = PCURVE('',#8739,#8744);
#8739 = PLANE('',#8740);
#8740 = AXIS2_PLACEMENT_3D('',#8741,#8742,#8743);
#8741 = CARTESIAN_POINT('',(126.,116.975,0.));
#8742 = DIRECTION('',(0.,1.,0.));
#8743 = DIRECTION('',(1.,0.,0.));
#8744 = DEFINITIONAL_REPRESENTATION('',(#8745),#8749);
#8745 = LINE('',#8746,#8747);
#8746 = CARTESIAN_POINT('',(0.,0.));
#8747 = VECTOR('',#8748,1.);
#8748 = DIRECTION('',(0.,-1.));
#8749 = ( GEOMETRIC_REPRESENTATION_CONTEXT(2) 
PARAMETRIC_REPRESENTATION_CONTEXT() REPRESENTATION_CONTEXT('2D SPACE',''
  ) );
#8750 = PCURVE('',#8751,#8756);
#8751 = PLANE('',#8752);
#8752 = AXIS2_PLACEMENT_3D('',#8753,#8754,#8755);
#8753 = CARTESIAN_POINT('',(126.,106.975,0.));
#8754 = DIRECTION('',(-1.,0.,0.));
#8755 = DIRECTION('',(0.,1.,0.));
#8756 = DEFINITIONAL_REPRESENTATION('',(#8757),#8761);
#8757 = LINE('',#8758,#8759);
#8758 = CARTESIAN_POINT('',(10.,0.));
#8759 = VECTOR('',#8760,1.);
#8760 = DIRECTION('',(0.,-1.));
#8761 = ( GEOMETRIC_REPRESENTATION_CONTEXT(2) 
PARAMETRIC_REPRESENTATION_CONTEXT() REPRESENTATION_CONTEXT('2D SPACE',''
  ) );
#8762 = ORIENTED_EDGE('',*,*,#8763,.T.);
#8763 = EDGE_CURVE('',#8731,#8764,#8766,.T.);
#8764 = VERTEX_POINT('',#8765);
#8765 = CARTESIAN_POINT('',(136.,116.975,8.));
#8766 = SURFACE_CURVE('',#8767,(#8771,#8778),.PCURVE_S1.);
#8767 = LINE('',#8768,#8769);
#8768 = CARTESIAN_POINT('',(126.,116.975,8.));
#8769 = VECTOR('',#8770,1.);
#8770 = DIRECTION('',(1.,0.,0.));
#8771 = PCURVE('',#8739,#8772);
#8772 = DEFINITIONAL_REPRESENTATION('',(#8773),#8777);
#8773 = LINE('',#8774,#8775);
#8774 = CARTESIAN_POINT('',(0.,-8.));
#8775 = VECTOR('',#8776,1.);
#8776 = DIRECTION('',(1.,0.));
#8777 = ( GEOMETRIC_REPRESENTATION_CONTEXT(2) 
PARAMETRIC_REPRESENTATION_CONTEXT() REPRESENTATION_CONTEXT('2D SPACE',''
  ) );
#8778 = PCURVE('',#8779,#8784);
#8779 = PLANE('',#8780);
#8780 = AXIS2_PLACEMENT_3D('',#8781,#8782,#8783);
#8781 = CARTESIAN_POINT('',(131.,111.975,8.));
#8782 = DIRECTION('',(-0.,-0.,-1.));
#8783 = DIRECTION('',(-1.,0.,0.));
#8784 = DEFINITIONAL_REPRESENTATION('',(#8785),#8789);
#8785 = LINE('',#8786,#8787);
#8786 = CARTESIAN_POINT('',(5.,5.));
#8787 = VECTOR('',#8788,1.);
#8788 = DIRECTION('',(-1.,0.));
#8789 = ( GEOMETRIC_REPRESENTATION_CONTEXT(2) 
PARAMETRIC_REPRESENTATION_CONTEXT() REPRESENTATION_CONTEXT('2D SPACE',''
  ) );
#8790 = ORIENTED_EDGE('',*,*,#8791,.F.);
#8791 = EDGE_CURVE('',#8792,#8764,#8794,.T.);
#8792 = VERTEX_POINT('',#8793);
#8793 = CARTESIAN_POINT('',(136.,116.975,0.));
#8794 = SURFACE_CURVE('',#8795,(#8799,#8806),.PCURVE_S1.);
#8795 = LINE('',#8796,#8797);
#8796 = CARTESIAN_POINT('',(136.,116.975,0.));
#8797 = VECTOR('',#8798,1.);
#8798 = DIRECTION('',(0.,0.,1.));
#8799 = PCURVE('',#8739,#8800);
#8800 = DEFINITIONAL_REPRESENTATION('',(#8801),#8805);
#8801 = LINE('',#8802,#8803);
#8802 = CARTESIAN_POINT('',(10.,0.));
#8803 = VECTOR('',#8804,1.);
#8804 = DIRECTION('',(0.,-1.));
#8805 = ( GEOMETRIC_REPRESENTATION_CONTEXT(2) 
PARAMETRIC_REPRESENTATION_CONTEXT() REPRESENTATION_CONTEXT('2D SPACE',''
  ) );
#8806 = PCURVE('',#8807,#8812);
#8807 = PLANE('',#8808);
#8808 = AXIS2_PLACEMENT_3D('',#8809,#8810,#8811);
#8809 = CARTESIAN_POINT('',(136.,116.975,0.));
#8810 = DIRECTION('',(1.,0.,-0.));
#8811 = DIRECTION('',(0.,-1.,0.));
#8812 = DEFINITIONAL_REPRESENTATION('',(#8813),#8817);
#8813 = LINE('',#8814,#8815);
#8814 = CARTESIAN_POINT('',(0.,0.));
#8815 = VECTOR('',#8816,1.);
#8816 = DIRECTION('',(0.,-1.));
#8817 = ( GEOMETRIC_REPRESENTATION_CONTEXT(2) 
PARAMETRIC_REPRESENTATION_CONTEXT() REPRESENTATION_CONTEXT('2D SPACE',''
  ) );
#8818 = ORIENTED_EDGE('',*,*,#8819,.F.);
#8819 = EDGE_CURVE('',#8729,#8792,#8820,.T.);
#8820 = SURFACE_CURVE('',#8821,(#8825,#8832),.PCURVE_S1.);
#8821 = LINE('',#8822,#8823);
#8822 = CARTESIAN_POINT('',(126.,116.975,0.));
#8823 = VECTOR('',#8824,1.);
#8824 = DIRECTION('',(1.,0.,0.));
#8825 = PCURVE('',#8739,#8826);
#8826 = DEFINITIONAL_REPRESENTATION('',(#8827),#8831);
#8827 = LINE('',#8828,#8829);
#8828 = CARTESIAN_POINT('',(0.,0.));
#8829 = VECTOR('',#8830,1.);
#8830 = DIRECTION('',(1.,0.));
#8831 = ( GEOMETRIC_REPRESENTATION_CONTEXT(2) 
PARAMETRIC_REPRESENTATION_CONTEXT() REPRESENTATION_CONTEXT('2D SPACE',''
  ) );
#8832 = PCURVE('',#8833,#8838);
#8833 = PLANE('',#8834);
#8834 = AXIS2_PLACEMENT_3D('',#8835,#8836,#8837);
#8835 = CARTESIAN_POINT('',(131.,111.975,0.));
#8836 = DIRECTION('',(-0.,-0.,-1.));
#8837 = DIRECTION('',(-1.,0.,0.));
#8838 = DEFINITIONAL_REPRESENTATION('',(#8839),#8843);
#8839 = LINE('',#8840,#8841);
#8840 = CARTESIAN_POINT('',(5.,5.));
#8841 = VECTOR('',#8842,1.);
#8842 = DIRECTION('',(-1.,0.));
#8843 = ( GEOMETRIC_REPRESENTATION_CONTEXT(2) 
PARAMETRIC_REPRESENTATION_CONTEXT() REPRESENTATION_CONTEXT('2D SPACE',''
  ) );
#8844 = ADVANCED_FACE('',(#8845),#8807,.T.);
#8845 = FACE_BOUND('',#8846,.T.);
#8846 = EDGE_LOOP('',(#8847,#8848,#8871,#8899));
#8847 = ORIENTED_EDGE('',*,*,#8791,.T.);
#8848 = ORIENTED_EDGE('',*,*,#8849,.T.);
#8849 = EDGE_CURVE('',#8764,#8850,#8852,.T.);
#8850 = VERTEX_POINT('',#8851);
#8851 = CARTESIAN_POINT('',(136.,106.975,8.));
#8852 = SURFACE_CURVE('',#8853,(#8857,#8864),.PCURVE_S1.);
#8853 = LINE('',#8854,#8855);
#8854 = CARTESIAN_POINT('',(136.,116.975,8.));
#8855 = VECTOR('',#8856,1.);
#8856 = DIRECTION('',(0.,-1.,0.));
#8857 = PCURVE('',#8807,#8858);
#8858 = DEFINITIONAL_REPRESENTATION('',(#8859),#8863);
#8859 = LINE('',#8860,#8861);
#8860 = CARTESIAN_POINT('',(0.,-8.));
#8861 = VECTOR('',#8862,1.);
#8862 = DIRECTION('',(1.,0.));
#8863 = ( GEOMETRIC_REPRESENTATION_CONTEXT(2) 
PARAMETRIC_REPRESENTATION_CONTEXT() REPRESENTATION_CONTEXT('2D SPACE',''
  ) );
#8864 = PCURVE('',#8779,#8865);
#8865 = DEFINITIONAL_REPRESENTATION('',(#8866),#8870);
#8866 = LINE('',#8867,#8868);
#8867 = CARTESIAN_POINT('',(-5.,5.));
#8868 = VECTOR('',#8869,1.);
#8869 = DIRECTION('',(0.,-1.));
#8870 = ( GEOMETRIC_REPRESENTATION_CONTEXT(2) 
PARAMETRIC_REPRESENTATION_CONTEXT() REPRESENTATION_CONTEXT('2D SPACE',''
  ) );
#8871 = ORIENTED_EDGE('',*,*,#8872,.F.);
#8872 = EDGE_CURVE('',#8873,#8850,#8875,.T.);
#8873 = VERTEX_POINT('',#8874);
#8874 = CARTESIAN_POINT('',(136.,106.975,0.));
#8875 = SURFACE_CURVE('',#8876,(#8880,#8887),.PCURVE_S1.);
#8876 = LINE('',#8877,#8878);
#8877 = CARTESIAN_POINT('',(136.,106.975,0.));
#8878 = VECTOR('',#8879,1.);
#8879 = DIRECTION('',(0.,0.,1.));
#8880 = PCURVE('',#8807,#8881);
#8881 = DEFINITIONAL_REPRESENTATION('',(#8882),#8886);
#8882 = LINE('',#8883,#8884);
#8883 = CARTESIAN_POINT('',(10.,0.));
#8884 = VECTOR('',#8885,1.);
#8885 = DIRECTION('',(0.,-1.));
#8886 = ( GEOMETRIC_REPRESENTATION_CONTEXT(2) 
PARAMETRIC_REPRESENTATION_CONTEXT() REPRESENTATION_CONTEXT('2D SPACE',''
  ) );
#8887 = PCURVE('',#8888,#8893);
#8888 = PLANE('',#8889);
#8889 = AXIS2_PLACEMENT_3D('',#8890,#8891,#8892);
#8890 = CARTESIAN_POINT('',(136.,106.975,0.));
#8891 = DIRECTION('',(0.,-1.,0.));
#8892 = DIRECTION('',(-1.,0.,0.));
#8893 = DEFINITIONAL_REPRESENTATION('',(#8894),#8898);
#8894 = LINE('',#8895,#8896);
#8895 = CARTESIAN_POINT('',(0.,-0.));
#8896 = VECTOR('',#8897,1.);
#8897 = DIRECTION('',(0.,-1.));
#8898 = ( GEOMETRIC_REPRESENTATION_CONTEXT(2) 
PARAMETRIC_REPRESENTATION_CONTEXT() REPRESENTATION_CONTEXT('2D SPACE',''
  ) );
#8899 = ORIENTED_EDGE('',*,*,#8900,.F.);
#8900 = EDGE_CURVE('',#8792,#8873,#8901,.T.);
#8901 = SURFACE_CURVE('',#8902,(#8906,#8913),.PCURVE_S1.);
#8902 = LINE('',#8903,#8904);
#8903 = CARTESIAN_POINT('',(136.,116.975,0.));
#8904 = VECTOR('',#8905,1.);
#8905 = DIRECTION('',(0.,-1.,0.));
#8906 = PCURVE('',#8807,#8907);
#8907 = DEFINITIONAL_REPRESENTATION('',(#8908),#8912);
#8908 = LINE('',#8909,#8910);
#8909 = CARTESIAN_POINT('',(0.,0.));
#8910 = VECTOR('',#8911,1.);
#8911 = DIRECTION('',(1.,0.));
#8912 = ( GEOMETRIC_REPRESENTATION_CONTEXT(2) 
PARAMETRIC_REPRESENTATION_CONTEXT() REPRESENTATION_CONTEXT('2D SPACE',''
  ) );
#8913 = PCURVE('',#8833,#8914);
#8914 = DEFINITIONAL_REPRESENTATION('',(#8915),#8919);
#8915 = LINE('',#8916,#8917);
#8916 = CARTESIAN_POINT('',(-5.,5.));
#8917 = VECTOR('',#8918,1.);
#8918 = DIRECTION('',(0.,-1.));
#8919 = ( GEOMETRIC_REPRESENTATION_CONTEXT(2) 
PARAMETRIC_REPRESENTATION_CONTEXT() REPRESENTATION_CONTEXT('2D SPACE',''
  ) );
#8920 = ADVANCED_FACE('',(#8921),#8888,.T.);
#8921 = FACE_BOUND('',#8922,.T.);
#8922 = EDGE_LOOP('',(#8923,#8924,#8947,#8970));
#8923 = ORIENTED_EDGE('',*,*,#8872,.T.);
#8924 = ORIENTED_EDGE('',*,*,#8925,.T.);
#8925 = EDGE_CURVE('',#8850,#8926,#8928,.T.);
#8926 = VERTEX_POINT('',#8927);
#8927 = CARTESIAN_POINT('',(126.,106.975,8.));
#8928 = SURFACE_CURVE('',#8929,(#8933,#8940),.PCURVE_S1.);
#8929 = LINE('',#8930,#8931);
#8930 = CARTESIAN_POINT('',(136.,106.975,8.));
#8931 = VECTOR('',#8932,1.);
#8932 = DIRECTION('',(-1.,0.,0.));
#8933 = PCURVE('',#8888,#8934);
#8934 = DEFINITIONAL_REPRESENTATION('',(#8935),#8939);
#8935 = LINE('',#8936,#8937);
#8936 = CARTESIAN_POINT('',(0.,-8.));
#8937 = VECTOR('',#8938,1.);
#8938 = DIRECTION('',(1.,0.));
#8939 = ( GEOMETRIC_REPRESENTATION_CONTEXT(2) 
PARAMETRIC_REPRESENTATION_CONTEXT() REPRESENTATION_CONTEXT('2D SPACE',''
  ) );
#8940 = PCURVE('',#8779,#8941);
#8941 = DEFINITIONAL_REPRESENTATION('',(#8942),#8946);
#8942 = LINE('',#8943,#8944);
#8943 = CARTESIAN_POINT('',(-5.,-5.));
#8944 = VECTOR('',#8945,1.);
#8945 = DIRECTION('',(1.,0.));
#8946 = ( GEOMETRIC_REPRESENTATION_CONTEXT(2) 
PARAMETRIC_REPRESENTATION_CONTEXT() REPRESENTATION_CONTEXT('2D SPACE',''
  ) );
#8947 = ORIENTED_EDGE('',*,*,#8948,.F.);
#8948 = EDGE_CURVE('',#8949,#8926,#8951,.T.);
#8949 = VERTEX_POINT('',#8950);
#8950 = CARTESIAN_POINT('',(126.,106.975,0.));
#8951 = SURFACE_CURVE('',#8952,(#8956,#8963),.PCURVE_S1.);
#8952 = LINE('',#8953,#8954);
#8953 = CARTESIAN_POINT('',(126.,106.975,0.));
#8954 = VECTOR('',#8955,1.);
#8955 = DIRECTION('',(0.,0.,1.));
#8956 = PCURVE('',#8888,#8957);
#8957 = DEFINITIONAL_REPRESENTATION('',(#8958),#8962);
#8958 = LINE('',#8959,#8960);
#8959 = CARTESIAN_POINT('',(10.,0.));
#8960 = VECTOR('',#8961,1.);
#8961 = DIRECTION('',(0.,-1.));
#8962 = ( GEOMETRIC_REPRESENTATION_CONTEXT(2) 
PARAMETRIC_REPRESENTATION_CONTEXT() REPRESENTATION_CONTEXT('2D SPACE',''
  ) );
#8963 = PCURVE('',#8751,#8964);
#8964 = DEFINITIONAL_REPRESENTATION('',(#8965),#8969);
#8965 = LINE('',#8966,#8967);
#8966 = CARTESIAN_POINT('',(0.,0.));
#8967 = VECTOR('',#8968,1.);
#8968 = DIRECTION('',(0.,-1.));
#8969 = ( GEOMETRIC_REPRESENTATION_CONTEXT(2) 
PARAMETRIC_REPRESENTATION_CONTEXT() REPRESENTATION_CONTEXT('2D SPACE',''
  ) );
#8970 = ORIENTED_EDGE('',*,*,#8971,.F.);
#8971 = EDGE_CURVE('',#8873,#8949,#8972,.T.);
#8972 = SURFACE_CURVE('',#8973,(#8977,#8984),.PCURVE_S1.);
#8973 = LINE('',#8974,#8975);
#8974 = CARTESIAN_POINT('',(136.,106.975,0.));
#8975 = VECTOR('',#8976,1.);
#8976 = DIRECTION('',(-1.,0.,0.));
#8977 = PCURVE('',#8888,#8978);
#8978 = DEFINITIONAL_REPRESENTATION('',(#8979),#8983);
#8979 = LINE('',#8980,#8981);
#8980 = CARTESIAN_POINT('',(0.,-0.));
#8981 = VECTOR('',#8982,1.);
#8982 = DIRECTION('',(1.,0.));
#8983 = ( GEOMETRIC_REPRESENTATION_CONTEXT(2) 
PARAMETRIC_REPRESENTATION_CONTEXT() REPRESENTATION_CONTEXT('2D SPACE',''
  ) );
#8984 = PCURVE('',#8833,#8985);
#8985 = DEFINITIONAL_REPRESENTATION('',(#8986),#8990);
#8986 = LINE('',#8987,#8988);
#8987 = CARTESIAN_POINT('',(-5.,-5.));
#8988 = VECTOR('',#8989,1.);
#8989 = DIRECTION('',(1.,0.));
#8990 = ( GEOMETRIC_REPRESENTATION_CONTEXT(2) 
PARAMETRIC_REPRESENTATION_CONTEXT() REPRESENTATION_CONTEXT('2D SPACE',''
  ) );
#8991 = ADVANCED_FACE('',(#8992),#8751,.T.);
#8992 = FACE_BOUND('',#8993,.T.);
#8993 = EDGE_LOOP('',(#8994,#8995,#9016,#9017));
#8994 = ORIENTED_EDGE('',*,*,#8948,.T.);
#8995 = ORIENTED_EDGE('',*,*,#8996,.T.);
#8996 = EDGE_CURVE('',#8926,#8731,#8997,.T.);
#8997 = SURFACE_CURVE('',#8998,(#9002,#9009),.PCURVE_S1.);
#8998 = LINE('',#8999,#9000);
#8999 = CARTESIAN_POINT('',(126.,106.975,8.));
#9000 = VECTOR('',#9001,1.);
#9001 = DIRECTION('',(0.,1.,0.));
#9002 = PCURVE('',#8751,#9003);
#9003 = DEFINITIONAL_REPRESENTATION('',(#9004),#9008);
#9004 = LINE('',#9005,#9006);
#9005 = CARTESIAN_POINT('',(0.,-8.));
#9006 = VECTOR('',#9007,1.);
#9007 = DIRECTION('',(1.,0.));
#9008 = ( GEOMETRIC_REPRESENTATION_CONTEXT(2) 
PARAMETRIC_REPRESENTATION_CONTEXT() REPRESENTATION_CONTEXT('2D SPACE',''
  ) );
#9009 = PCURVE('',#8779,#9010);
#9010 = DEFINITIONAL_REPRESENTATION('',(#9011),#9015);
#9011 = LINE('',#9012,#9013);
#9012 = CARTESIAN_POINT('',(5.,-5.));
#9013 = VECTOR('',#9014,1.);
#9014 = DIRECTION('',(0.,1.));
#9015 = ( GEOMETRIC_REPRESENTATION_CONTEXT(2) 
PARAMETRIC_REPRESENTATION_CONTEXT() REPRESENTATION_CONTEXT('2D SPACE',''
  ) );
#9016 = ORIENTED_EDGE('',*,*,#8728,.F.);
#9017 = ORIENTED_EDGE('',*,*,#9018,.F.);
#9018 = EDGE_CURVE('',#8949,#8729,#9019,.T.);
#9019 = SURFACE_CURVE('',#9020,(#9024,#9031),.PCURVE_S1.);
#9020 = LINE('',#9021,#9022);
#9021 = CARTESIAN_POINT('',(126.,106.975,0.));
#9022 = VECTOR('',#9023,1.);
#9023 = DIRECTION('',(0.,1.,0.));
#9024 = PCURVE('',#8751,#9025);
#9025 = DEFINITIONAL_REPRESENTATION('',(#9026),#9030);
#9026 = LINE('',#9027,#9028);
#9027 = CARTESIAN_POINT('',(0.,0.));
#9028 = VECTOR('',#9029,1.);
#9029 = DIRECTION('',(1.,0.));
#9030 = ( GEOMETRIC_REPRESENTATION_CONTEXT(2) 
PARAMETRIC_REPRESENTATION_CONTEXT() REPRESENTATION_CONTEXT('2D SPACE',''
  ) );
#9031 = PCURVE('',#8833,#9032);
#9032 = DEFINITIONAL_REPRESENTATION('',(#9033),#9037);
#9033 = LINE('',#9034,#9035);
#9034 = CARTESIAN_POINT('',(5.,-5.));
#9035 = VECTOR('',#9036,1.);
#9036 = DIRECTION('',(0.,1.));
#9037 = ( GEOMETRIC_REPRESENTATION_CONTEXT(2) 
PARAMETRIC_REPRESENTATION_CONTEXT() REPRESENTATION_CONTEXT('2D SPACE',''
  ) );
#9038 = ADVANCED_FACE('',(#9039),#8833,.T.);
#9039 = FACE_BOUND('',#9040,.T.);
#9040 = EDGE_LOOP('',(#9041,#9042,#9043,#9044));
#9041 = ORIENTED_EDGE('',*,*,#8819,.T.);
#9042 = ORIENTED_EDGE('',*,*,#8900,.T.);
#9043 = ORIENTED_EDGE('',*,*,#8971,.T.);
#9044 = ORIENTED_EDGE('',*,*,#9018,.T.);
#9045 = ADVANCED_FACE('',(#9046),#8779,.F.);
#9046 = FACE_BOUND('',#9047,.F.);
#9047 = EDGE_LOOP('',(#9048,#9049,#9050,#9051));
#9048 = ORIENTED_EDGE('',*,*,#8763,.T.);
#9049 = ORIENTED_EDGE('',*,*,#8849,.T.);
#9050 = ORIENTED_EDGE('',*,*,#8925,.T.);
#9051 = ORIENTED_EDGE('',*,*,#8996,.T.);
#9052 = ( GEOMETRIC_REPRESENTATION_CONTEXT(3) 
GLOBAL_UNCERTAINTY_ASSIGNED_CONTEXT((#9056)) 
GLOBAL_UNIT_ASSIGNED_CONTEXT((#9053,#9054,#9055)) REPRESENTATION_CONTEXT
('Context #1','3D Context with UNIT and UNCERTAINTY') );
#9053 = ( LENGTH_UNIT() NAMED_UNIT(*) SI_UNIT(.MILLI.,.METRE.) );
#9054 = ( NAMED_UNIT(*) PLANE_ANGLE_UNIT() SI_UNIT($,.RADIAN.) );
#9055 = ( NAMED_UNIT(*) SI_UNIT($,.STERADIAN.) SOLID_ANGLE_UNIT() );
#9056 = UNCERTAINTY_MEASURE_WITH_UNIT(LENGTH_MEASURE(1.E-07),#9053,
  'distance_accuracy_value','confusion accuracy');
#9057 = CONTEXT_DEPENDENT_SHAPE_REPRESENTATION(#9058,#9060);
#9058 = ( REPRESENTATION_RELATIONSHIP('','',#8721,#10) 
REPRESENTATION_RELATIONSHIP_WITH_TRANSFORMATION(#9059) 
SHAPE_REPRESENTATION_RELATIONSHIP() );
#9059 = ITEM_DEFINED_TRANSFORMATION('','',#11,#107);
#9060 = PRODUCT_DEFINITION_SHAPE('Placement','Placement of an item',
  #9061);
#9061 = NEXT_ASSEMBLY_USAGE_OCCURRENCE('124','part_0002__01','',#5,#8716
  ,$);
#9062 = PRODUCT_RELATED_PRODUCT_CATEGORY('part',$,(#8718));
#9063 = SHAPE_DEFINITION_REPRESENTATION(#9064,#9070);
#9064 = PRODUCT_DEFINITION_SHAPE('','',#9065);
#9065 = PRODUCT_DEFINITION('design','',#9066,#9069);
#9066 = PRODUCT_DEFINITION_FORMATION('','',#9067);
#9067 = PRODUCT('part_0002__02','part_0002__02','',(#9068));
#9068 = PRODUCT_CONTEXT('',#2,'mechanical');
#9069 = PRODUCT_DEFINITION_CONTEXT('part definition',#2,'design');
#9070 = ADVANCED_BREP_SHAPE_REPRESENTATION('',(#11,#9071),#9401);
#9071 = MANIFOLD_SOLID_BREP('',#9072);
#9072 = CLOSED_SHELL('',(#9073,#9193,#9269,#9340,#9387,#9394));
#9073 = ADVANCED_FACE('',(#9074),#9088,.T.);
#9074 = FACE_BOUND('',#9075,.T.);
#9075 = EDGE_LOOP('',(#9076,#9111,#9139,#9167));
#9076 = ORIENTED_EDGE('',*,*,#9077,.T.);
#9077 = EDGE_CURVE('',#9078,#9080,#9082,.T.);
#9078 = VERTEX_POINT('',#9079);
#9079 = CARTESIAN_POINT('',(140.,116.975,0.));
#9080 = VERTEX_POINT('',#9081);
#9081 = CARTESIAN_POINT('',(140.,116.975,8.));
#9082 = SURFACE_CURVE('',#9083,(#9087,#9099),.PCURVE_S1.);
#9083 = LINE('',#9084,#9085);
#9084 = CARTESIAN_POINT('',(140.,116.975,0.));
#9085 = VECTOR('',#9086,1.);
#9086 = DIRECTION('',(0.,0.,1.));
#9087 = PCURVE('',#9088,#9093);
#9088 = PLANE('',#9089);
#9089 = AXIS2_PLACEMENT_3D('',#9090,#9091,#9092);
#9090 = CARTESIAN_POINT('',(140.,116.975,0.));
#9091 = DIRECTION('',(0.,1.,0.));
#9092 = DIRECTION('',(1.,0.,0.));
#9093 = DEFINITIONAL_REPRESENTATION('',(#9094),#9098);
#9094 = LINE('',#9095,#9096);
#9095 = CARTESIAN_POINT('',(0.,0.));
#9096 = VECTOR('',#9097,1.);
#9097 = DIRECTION('',(0.,-1.));
#9098 = ( GEOMETRIC_REPRESENTATION_CONTEXT(2) 
PARAMETRIC_REPRESENTATION_CONTEXT() REPRESENTATION_CONTEXT('2D SPACE',''
  ) );
#9099 = PCURVE('',#9100,#9105);
#9100 = PLANE('',#9101);
#9101 = AXIS2_PLACEMENT_3D('',#9102,#9103,#9104);
#9102 = CARTESIAN_POINT('',(140.,106.975,0.));
#9103 = DIRECTION('',(-1.,0.,0.));
#9104 = DIRECTION('',(0.,1.,0.));
#9105 = DEFINITIONAL_REPRESENTATION('',(#9106),#9110);
#9106 = LINE('',#9107,#9108);
#9107 = CARTESIAN_POINT('',(10.,0.));
#9108 = VECTOR('',#9109,1.);
#9109 = DIRECTION('',(0.,-1.));
#9110 = ( GEOMETRIC_REPRESENTATION_CONTEXT(2) 
PARAMETRIC_REPRESENTATION_CONTEXT() REPRESENTATION_CONTEXT('2D SPACE',''
  ) );
#9111 = ORIENTED_EDGE('',*,*,#9112,.T.);
#9112 = EDGE_CURVE('',#9080,#9113,#9115,.T.);
#9113 = VERTEX_POINT('',#9114);
#9114 = CARTESIAN_POINT('',(150.,116.975,8.));
#9115 = SURFACE_CURVE('',#9116,(#9120,#9127),.PCURVE_S1.);
#9116 = LINE('',#9117,#9118);
#9117 = CARTESIAN_POINT('',(140.,116.975,8.));
#9118 = VECTOR('',#9119,1.);
#9119 = DIRECTION('',(1.,0.,0.));
#9120 = PCURVE('',#9088,#9121);
#9121 = DEFINITIONAL_REPRESENTATION('',(#9122),#9126);
#9122 = LINE('',#9123,#9124);
#9123 = CARTESIAN_POINT('',(0.,-8.));
#9124 = VECTOR('',#9125,1.);
#9125 = DIRECTION('',(1.,0.));
#9126 = ( GEOMETRIC_REPRESENTATION_CONTEXT(2) 
PARAMETRIC_REPRESENTATION_CONTEXT() REPRESENTATION_CONTEXT('2D SPACE',''
  ) );
#9127 = PCURVE('',#9128,#9133);
#9128 = PLANE('',#9129);
#9129 = AXIS2_PLACEMENT_3D('',#9130,#9131,#9132);
#9130 = CARTESIAN_POINT('',(145.,111.975,8.));
#9131 = DIRECTION('',(-0.,-0.,-1.));
#9132 = DIRECTION('',(-1.,0.,0.));
#9133 = DEFINITIONAL_REPRESENTATION('',(#9134),#9138);
#9134 = LINE('',#9135,#9136);
#9135 = CARTESIAN_POINT('',(5.,5.));
#9136 = VECTOR('',#9137,1.);
#9137 = DIRECTION('',(-1.,0.));
#9138 = ( GEOMETRIC_REPRESENTATION_CONTEXT(2) 
PARAMETRIC_REPRESENTATION_CONTEXT() REPRESENTATION_CONTEXT('2D SPACE',''
  ) );
#9139 = ORIENTED_EDGE('',*,*,#9140,.F.);
#9140 = EDGE_CURVE('',#9141,#9113,#9143,.T.);
#9141 = VERTEX_POINT('',#9142);
#9142 = CARTESIAN_POINT('',(150.,116.975,0.));
#9143 = SURFACE_CURVE('',#9144,(#9148,#9155),.PCURVE_S1.);
#9144 = LINE('',#9145,#9146);
#9145 = CARTESIAN_POINT('',(150.,116.975,0.));
#9146 = VECTOR('',#9147,1.);
#9147 = DIRECTION('',(0.,0.,1.));
#9148 = PCURVE('',#9088,#9149);
#9149 = DEFINITIONAL_REPRESENTATION('',(#9150),#9154);
#9150 = LINE('',#9151,#9152);
#9151 = CARTESIAN_POINT('',(10.,0.));
#9152 = VECTOR('',#9153,1.);
#9153 = DIRECTION('',(0.,-1.));
#9154 = ( GEOMETRIC_REPRESENTATION_CONTEXT(2) 
PARAMETRIC_REPRESENTATION_CONTEXT() REPRESENTATION_CONTEXT('2D SPACE',''
  ) );
#9155 = PCURVE('',#9156,#9161);
#9156 = PLANE('',#9157);
#9157 = AXIS2_PLACEMENT_3D('',#9158,#9159,#9160);
#9158 = CARTESIAN_POINT('',(150.,116.975,0.));
#9159 = DIRECTION('',(1.,0.,-0.));
#9160 = DIRECTION('',(0.,-1.,0.));
#9161 = DEFINITIONAL_REPRESENTATION('',(#9162),#9166);
#9162 = LINE('',#9163,#9164);
#9163 = CARTESIAN_POINT('',(0.,0.));
#9164 = VECTOR('',#9165,1.);
#9165 = DIRECTION('',(0.,-1.));
#9166 = ( GEOMETRIC_REPRESENTATION_CONTEXT(2) 
PARAMETRIC_REPRESENTATION_CONTEXT() REPRESENTATION_CONTEXT('2D SPACE',''
  ) );
#9167 = ORIENTED_EDGE('',*,*,#9168,.F.);
#9168 = EDGE_CURVE('',#9078,#9141,#9169,.T.);
#9169 = SURFACE_CURVE('',#9170,(#9174,#9181),.PCURVE_S1.);
#9170 = LINE('',#9171,#9172);
#9171 = CARTESIAN_POINT('',(140.,116.975,0.));
#9172 = VECTOR('',#9173,1.);
#9173 = DIRECTION('',(1.,0.,0.));
#9174 = PCURVE('',#9088,#9175);
#9175 = DEFINITIONAL_REPRESENTATION('',(#9176),#9180);
#9176 = LINE('',#9177,#9178);
#9177 = CARTESIAN_POINT('',(0.,0.));
#9178 = VECTOR('',#9179,1.);
#9179 = DIRECTION('',(1.,0.));
#9180 = ( GEOMETRIC_REPRESENTATION_CONTEXT(2) 
PARAMETRIC_REPRESENTATION_CONTEXT() REPRESENTATION_CONTEXT('2D SPACE',''
  ) );
#9181 = PCURVE('',#9182,#9187);
#9182 = PLANE('',#9183);
#9183 = AXIS2_PLACEMENT_3D('',#9184,#9185,#9186);
#9184 = CARTESIAN_POINT('',(145.,111.975,0.));
#9185 = DIRECTION('',(-0.,-0.,-1.));
#9186 = DIRECTION('',(-1.,0.,0.));
#9187 = DEFINITIONAL_REPRESENTATION('',(#9188),#9192);
#9188 = LINE('',#9189,#9190);
#9189 = CARTESIAN_POINT('',(5.,5.));
#9190 = VECTOR('',#9191,1.);
#9191 = DIRECTION('',(-1.,0.));
#9192 = ( GEOMETRIC_REPRESENTATION_CONTEXT(2) 
PARAMETRIC_REPRESENTATION_CONTEXT() REPRESENTATION_CONTEXT('2D SPACE',''
  ) );
#9193 = ADVANCED_FACE('',(#9194),#9156,.T.);
#9194 = FACE_BOUND('',#9195,.T.);
#9195 = EDGE_LOOP('',(#9196,#9197,#9220,#9248));
#9196 = ORIENTED_EDGE('',*,*,#9140,.T.);
#9197 = ORIENTED_EDGE('',*,*,#9198,.T.);
#9198 = EDGE_CURVE('',#9113,#9199,#9201,.T.);
#9199 = VERTEX_POINT('',#9200);
#9200 = CARTESIAN_POINT('',(150.,106.975,8.));
#9201 = SURFACE_CURVE('',#9202,(#9206,#9213),.PCURVE_S1.);
#9202 = LINE('',#9203,#9204);
#9203 = CARTESIAN_POINT('',(150.,116.975,8.));
#9204 = VECTOR('',#9205,1.);
#9205 = DIRECTION('',(0.,-1.,0.));
#9206 = PCURVE('',#9156,#9207);
#9207 = DEFINITIONAL_REPRESENTATION('',(#9208),#9212);
#9208 = LINE('',#9209,#9210);
#9209 = CARTESIAN_POINT('',(0.,-8.));
#9210 = VECTOR('',#9211,1.);
#9211 = DIRECTION('',(1.,0.));
#9212 = ( GEOMETRIC_REPRESENTATION_CONTEXT(2) 
PARAMETRIC_REPRESENTATION_CONTEXT() REPRESENTATION_CONTEXT('2D SPACE',''
  ) );
#9213 = PCURVE('',#9128,#9214);
#9214 = DEFINITIONAL_REPRESENTATION('',(#9215),#9219);
#9215 = LINE('',#9216,#9217);
#9216 = CARTESIAN_POINT('',(-5.,5.));
#9217 = VECTOR('',#9218,1.);
#9218 = DIRECTION('',(0.,-1.));
#9219 = ( GEOMETRIC_REPRESENTATION_CONTEXT(2) 
PARAMETRIC_REPRESENTATION_CONTEXT() REPRESENTATION_CONTEXT('2D SPACE',''
  ) );
#9220 = ORIENTED_EDGE('',*,*,#9221,.F.);
#9221 = EDGE_CURVE('',#9222,#9199,#9224,.T.);
#9222 = VERTEX_POINT('',#9223);
#9223 = CARTESIAN_POINT('',(150.,106.975,0.));
#9224 = SURFACE_CURVE('',#9225,(#9229,#9236),.PCURVE_S1.);
#9225 = LINE('',#9226,#9227);
#9226 = CARTESIAN_POINT('',(150.,106.975,0.));
#9227 = VECTOR('',#9228,1.);
#9228 = DIRECTION('',(0.,0.,1.));
#9229 = PCURVE('',#9156,#9230);
#9230 = DEFINITIONAL_REPRESENTATION('',(#9231),#9235);
#9231 = LINE('',#9232,#9233);
#9232 = CARTESIAN_POINT('',(10.,0.));
#9233 = VECTOR('',#9234,1.);
#9234 = DIRECTION('',(0.,-1.));
#9235 = ( GEOMETRIC_REPRESENTATION_CONTEXT(2) 
PARAMETRIC_REPRESENTATION_CONTEXT() REPRESENTATION_CONTEXT('2D SPACE',''
  ) );
#9236 = PCURVE('',#9237,#9242);
#9237 = PLANE('',#9238);
#9238 = AXIS2_PLACEMENT_3D('',#9239,#9240,#9241);
#9239 = CARTESIAN_POINT('',(150.,106.975,0.));
#9240 = DIRECTION('',(0.,-1.,0.));
#9241 = DIRECTION('',(-1.,0.,0.));
#9242 = DEFINITIONAL_REPRESENTATION('',(#9243),#9247);
#9243 = LINE('',#9244,#9245);
#9244 = CARTESIAN_POINT('',(0.,-0.));
#9245 = VECTOR('',#9246,1.);
#9246 = DIRECTION('',(0.,-1.));
#9247 = ( GEOMETRIC_REPRESENTATION_CONTEXT(2) 
PARAMETRIC_REPRESENTATION_CONTEXT() REPRESENTATION_CONTEXT('2D SPACE',''
  ) );
#9248 = ORIENTED_EDGE('',*,*,#9249,.F.);
#9249 = EDGE_CURVE('',#9141,#9222,#9250,.T.);
#9250 = SURFACE_CURVE('',#9251,(#9255,#9262),.PCURVE_S1.);
#9251 = LINE('',#9252,#9253);
#9252 = CARTESIAN_POINT('',(150.,116.975,0.));
#9253 = VECTOR('',#9254,1.);
#9254 = DIRECTION('',(0.,-1.,0.));
#9255 = PCURVE('',#9156,#9256);
#9256 = DEFINITIONAL_REPRESENTATION('',(#9257),#9261);
#9257 = LINE('',#9258,#9259);
#9258 = CARTESIAN_POINT('',(0.,0.));
#9259 = VECTOR('',#9260,1.);
#9260 = DIRECTION('',(1.,0.));
#9261 = ( GEOMETRIC_REPRESENTATION_CONTEXT(2) 
PARAMETRIC_REPRESENTATION_CONTEXT() REPRESENTATION_CONTEXT('2D SPACE',''
  ) );
#9262 = PCURVE('',#9182,#9263);
#9263 = DEFINITIONAL_REPRESENTATION('',(#9264),#9268);
#9264 = LINE('',#9265,#9266);
#9265 = CARTESIAN_POINT('',(-5.,5.));
#9266 = VECTOR('',#9267,1.);
#9267 = DIRECTION('',(0.,-1.));
#9268 = ( GEOMETRIC_REPRESENTATION_CONTEXT(2) 
PARAMETRIC_REPRESENTATION_CONTEXT() REPRESENTATION_CONTEXT('2D SPACE',''
  ) );
#9269 = ADVANCED_FACE('',(#9270),#9237,.T.);
#9270 = FACE_BOUND('',#9271,.T.);
#9271 = EDGE_LOOP('',(#9272,#9273,#9296,#9319));
#9272 = ORIENTED_EDGE('',*,*,#9221,.T.);
#9273 = ORIENTED_EDGE('',*,*,#9274,.T.);
#9274 = EDGE_CURVE('',#9199,#9275,#9277,.T.);
#9275 = VERTEX_POINT('',#9276);
#9276 = CARTESIAN_POINT('',(140.,106.975,8.));
#9277 = SURFACE_CURVE('',#9278,(#9282,#9289),.PCURVE_S1.);
#9278 = LINE('',#9279,#9280);
#9279 = CARTESIAN_POINT('',(150.,106.975,8.));
#9280 = VECTOR('',#9281,1.);
#9281 = DIRECTION('',(-1.,0.,0.));
#9282 = PCURVE('',#9237,#9283);
#9283 = DEFINITIONAL_REPRESENTATION('',(#9284),#9288);
#9284 = LINE('',#9285,#9286);
#9285 = CARTESIAN_POINT('',(0.,-8.));
#9286 = VECTOR('',#9287,1.);
#9287 = DIRECTION('',(1.,0.));
#9288 = ( GEOMETRIC_REPRESENTATION_CONTEXT(2) 
PARAMETRIC_REPRESENTATION_CONTEXT() REPRESENTATION_CONTEXT('2D SPACE',''
  ) );
#9289 = PCURVE('',#9128,#9290);
#9290 = DEFINITIONAL_REPRESENTATION('',(#9291),#9295);
#9291 = LINE('',#9292,#9293);
#9292 = CARTESIAN_POINT('',(-5.,-5.));
#9293 = VECTOR('',#9294,1.);
#9294 = DIRECTION('',(1.,0.));
#9295 = ( GEOMETRIC_REPRESENTATION_CONTEXT(2) 
PARAMETRIC_REPRESENTATION_CONTEXT() REPRESENTATION_CONTEXT('2D SPACE',''
  ) );
#9296 = ORIENTED_EDGE('',*,*,#9297,.F.);
#9297 = EDGE_CURVE('',#9298,#9275,#9300,.T.);
#9298 = VERTEX_POINT('',#9299);
#9299 = CARTESIAN_POINT('',(140.,106.975,0.));
#9300 = SURFACE_CURVE('',#9301,(#9305,#9312),.PCURVE_S1.);
#9301 = LINE('',#9302,#9303);
#9302 = CARTESIAN_POINT('',(140.,106.975,0.));
#9303 = VECTOR('',#9304,1.);
#9304 = DIRECTION('',(0.,0.,1.));
#9305 = PCURVE('',#9237,#9306);
#9306 = DEFINITIONAL_REPRESENTATION('',(#9307),#9311);
#9307 = LINE('',#9308,#9309);
#9308 = CARTESIAN_POINT('',(10.,0.));
#9309 = VECTOR('',#9310,1.);
#9310 = DIRECTION('',(0.,-1.));
#9311 = ( GEOMETRIC_REPRESENTATION_CONTEXT(2) 
PARAMETRIC_REPRESENTATION_CONTEXT() REPRESENTATION_CONTEXT('2D SPACE',''
  ) );
#9312 = PCURVE('',#9100,#9313);
#9313 = DEFINITIONAL_REPRESENTATION('',(#9314),#9318);
#9314 = LINE('',#9315,#9316);
#9315 = CARTESIAN_POINT('',(0.,0.));
#9316 = VECTOR('',#9317,1.);
#9317 = DIRECTION('',(0.,-1.));
#9318 = ( GEOMETRIC_REPRESENTATION_CONTEXT(2) 
PARAMETRIC_REPRESENTATION_CONTEXT() REPRESENTATION_CONTEXT('2D SPACE',''
  ) );
#9319 = ORIENTED_EDGE('',*,*,#9320,.F.);
#9320 = EDGE_CURVE('',#9222,#9298,#9321,.T.);
#9321 = SURFACE_CURVE('',#9322,(#9326,#9333),.PCURVE_S1.);
#9322 = LINE('',#9323,#9324);
#9323 = CARTESIAN_POINT('',(150.,106.975,0.));
#9324 = VECTOR('',#9325,1.);
#9325 = DIRECTION('',(-1.,0.,0.));
#9326 = PCURVE('',#9237,#9327);
#9327 = DEFINITIONAL_REPRESENTATION('',(#9328),#9332);
#9328 = LINE('',#9329,#9330);
#9329 = CARTESIAN_POINT('',(0.,-0.));
#9330 = VECTOR('',#9331,1.);
#9331 = DIRECTION('',(1.,0.));
#9332 = ( GEOMETRIC_REPRESENTATION_CONTEXT(2) 
PARAMETRIC_REPRESENTATION_CONTEXT() REPRESENTATION_CONTEXT('2D SPACE',''
  ) );
#9333 = PCURVE('',#9182,#9334);
#9334 = DEFINITIONAL_REPRESENTATION('',(#9335),#9339);
#9335 = LINE('',#9336,#9337);
#9336 = CARTESIAN_POINT('',(-5.,-5.));
#9337 = VECTOR('',#9338,1.);
#9338 = DIRECTION('',(1.,0.));
#9339 = ( GEOMETRIC_REPRESENTATION_CONTEXT(2) 
PARAMETRIC_REPRESENTATION_CONTEXT() REPRESENTATION_CONTEXT('2D SPACE',''
  ) );
#9340 = ADVANCED_FACE('',(#9341),#9100,.T.);
#9341 = FACE_BOUND('',#9342,.T.);
#9342 = EDGE_LOOP('',(#9343,#9344,#9365,#9366));
#9343 = ORIENTED_EDGE('',*,*,#9297,.T.);
#9344 = ORIENTED_EDGE('',*,*,#9345,.T.);
#9345 = EDGE_CURVE('',#9275,#9080,#9346,.T.);
#9346 = SURFACE_CURVE('',#9347,(#9351,#9358),.PCURVE_S1.);
#9347 = LINE('',#9348,#9349);
#9348 = CARTESIAN_POINT('',(140.,106.975,8.));
#9349 = VECTOR('',#9350,1.);
#9350 = DIRECTION('',(0.,1.,0.));
#9351 = PCURVE('',#9100,#9352);
#9352 = DEFINITIONAL_REPRESENTATION('',(#9353),#9357);
#9353 = LINE('',#9354,#9355);
#9354 = CARTESIAN_POINT('',(0.,-8.));
#9355 = VECTOR('',#9356,1.);
#9356 = DIRECTION('',(1.,0.));
#9357 = ( GEOMETRIC_REPRESENTATION_CONTEXT(2) 
PARAMETRIC_REPRESENTATION_CONTEXT() REPRESENTATION_CONTEXT('2D SPACE',''
  ) );
#9358 = PCURVE('',#9128,#9359);
#9359 = DEFINITIONAL_REPRESENTATION('',(#9360),#9364);
#9360 = LINE('',#9361,#9362);
#9361 = CARTESIAN_POINT('',(5.,-5.));
#9362 = VECTOR('',#9363,1.);
#9363 = DIRECTION('',(0.,1.));
#9364 = ( GEOMETRIC_REPRESENTATION_CONTEXT(2) 
PARAMETRIC_REPRESENTATION_CONTEXT() REPRESENTATION_CONTEXT('2D SPACE',''
  ) );
#9365 = ORIENTED_EDGE('',*,*,#9077,.F.);
#9366 = ORIENTED_EDGE('',*,*,#9367,.F.);
#9367 = EDGE_CURVE('',#9298,#9078,#9368,.T.);
#9368 = SURFACE_CURVE('',#9369,(#9373,#9380),.PCURVE_S1.);
#9369 = LINE('',#9370,#9371);
#9370 = CARTESIAN_POINT('',(140.,106.975,0.));
#9371 = VECTOR('',#9372,1.);
#9372 = DIRECTION('',(0.,1.,0.));
#9373 = PCURVE('',#9100,#9374);
#9374 = DEFINITIONAL_REPRESENTATION('',(#9375),#9379);
#9375 = LINE('',#9376,#9377);
#9376 = CARTESIAN_POINT('',(0.,0.));
#9377 = VECTOR('',#9378,1.);
#9378 = DIRECTION('',(1.,0.));
#9379 = ( GEOMETRIC_REPRESENTATION_CONTEXT(2) 
PARAMETRIC_REPRESENTATION_CONTEXT() REPRESENTATION_CONTEXT('2D SPACE',''
  ) );
#9380 = PCURVE('',#9182,#9381);
#9381 = DEFINITIONAL_REPRESENTATION('',(#9382),#9386);
#9382 = LINE('',#9383,#9384);
#9383 = CARTESIAN_POINT('',(5.,-5.));
#9384 = VECTOR('',#9385,1.);
#9385 = DIRECTION('',(0.,1.));
#9386 = ( GEOMETRIC_REPRESENTATION_CONTEXT(2) 
PARAMETRIC_REPRESENTATION_CONTEXT() REPRESENTATION_CONTEXT('2D SPACE',''
  ) );
#9387 = ADVANCED_FACE('',(#9388),#9182,.T.);
#9388 = FACE_BOUND('',#9389,.T.);
#9389 = EDGE_LOOP('',(#9390,#9391,#9392,#9393));
#9390 = ORIENTED_EDGE('',*,*,#9168,.T.);
#9391 = ORIENTED_EDGE('',*,*,#9249,.T.);
#9392 = ORIENTED_EDGE('',*,*,#9320,.T.);
#9393 = ORIENTED_EDGE('',*,*,#9367,.T.);
#9394 = ADVANCED_FACE('',(#9395),#9128,.F.);
#9395 = FACE_BOUND('',#9396,.F.);
#9396 = EDGE_LOOP('',(#9397,#9398,#9399,#9400));
#9397 = ORIENTED_EDGE('',*,*,#9112,.T.);
#9398 = ORIENTED_EDGE('',*,*,#9198,.T.);
#9399 = ORIENTED_EDGE('',*,*,#9274,.T.);
#9400 = ORIENTED_EDGE('',*,*,#9345,.T.);
#9401 = ( GEOMETRIC_REPRESENTATION_CONTEXT(3) 
GLOBAL_UNCERTAINTY_ASSIGNED_CONTEXT((#9405)) 
GLOBAL_UNIT_ASSIGNED_CONTEXT((#9402,#9403,#9404)) REPRESENTATION_CONTEXT
('Context #1','3D Context with UNIT and UNCERTAINTY') );
#9402 = ( LENGTH_UNIT() NAMED_UNIT(*) SI_UNIT(.MILLI.,.METRE.) );
#9403 = ( NAMED_UNIT(*) PLANE_ANGLE_UNIT() SI_UNIT($,.RADIAN.) );
#9404 = ( NAMED_UNIT(*) SI_UNIT($,.STERADIAN.) SOLID_ANGLE_UNIT() );
#9405 = UNCERTAINTY_MEASURE_WITH_UNIT(LENGTH_MEASURE(1.E-07),#9402,
  'distance_accuracy_value','confusion accuracy');
#9406 = CONTEXT_DEPENDENT_SHAPE_REPRESENTATION(#9407,#9409);
#9407 = ( REPRESENTATION_RELATIONSHIP('','',#9070,#10) 
REPRESENTATION_RELATIONSHIP_WITH_TRANSFORMATION(#9408) 
SHAPE_REPRESENTATION_RELATIONSHIP() );
#9408 = ITEM_DEFINED_TRANSFORMATION('','',#11,#111);
#9409 = PRODUCT_DEFINITION_SHAPE('Placement','Placement of an item',
  #9410);
#9410 = NEXT_ASSEMBLY_USAGE_OCCURRENCE('125','part_0002__02','',#5,#9065
  ,$);
#9411 = PRODUCT_RELATED_PRODUCT_CATEGORY('part',$,(#9067));
#9412 = SHAPE_DEFINITION_REPRESENTATION(#9413,#9419);
#9413 = PRODUCT_DEFINITION_SHAPE('','',#9414);
#9414 = PRODUCT_DEFINITION('design','',#9415,#9418);
#9415 = PRODUCT_DEFINITION_FORMATION('','',#9416);
#9416 = PRODUCT('part_0002__03','part_0002__03','',(#9417));
#9417 = PRODUCT_CONTEXT('',#2,'mechanical');
#9418 = PRODUCT_DEFINITION_CONTEXT('part definition',#2,'design');
#9419 = ADVANCED_BREP_SHAPE_REPRESENTATION('',(#11,#9420),#9750);
#9420 = MANIFOLD_SOLID_BREP('',#9421);
#9421 = CLOSED_SHELL('',(#9422,#9542,#9618,#9689,#9736,#9743));
#9422 = ADVANCED_FACE('',(#9423),#9437,.T.);
#9423 = FACE_BOUND('',#9424,.T.);
#9424 = EDGE_LOOP('',(#9425,#9460,#9488,#9516));
#9425 = ORIENTED_EDGE('',*,*,#9426,.T.);
#9426 = EDGE_CURVE('',#9427,#9429,#9431,.T.);
#9427 = VERTEX_POINT('',#9428);
#9428 = CARTESIAN_POINT('',(154.,116.975,0.));
#9429 = VERTEX_POINT('',#9430);
#9430 = CARTESIAN_POINT('',(154.,116.975,8.));
#9431 = SURFACE_CURVE('',#9432,(#9436,#9448),.PCURVE_S1.);
#9432 = LINE('',#9433,#9434);
#9433 = CARTESIAN_POINT('',(154.,116.975,0.));
#9434 = VECTOR('',#9435,1.);
#9435 = DIRECTION('',(0.,0.,1.));
#9436 = PCURVE('',#9437,#9442);
#9437 = PLANE('',#9438);
#9438 = AXIS2_PLACEMENT_3D('',#9439,#9440,#9441);
#9439 = CARTESIAN_POINT('',(154.,116.975,0.));
#9440 = DIRECTION('',(0.,1.,0.));
#9441 = DIRECTION('',(1.,0.,0.));
#9442 = DEFINITIONAL_REPRESENTATION('',(#9443),#9447);
#9443 = LINE('',#9444,#9445);
#9444 = CARTESIAN_POINT('',(0.,0.));
#9445 = VECTOR('',#9446,1.);
#9446 = DIRECTION('',(0.,-1.));
#9447 = ( GEOMETRIC_REPRESENTATION_CONTEXT(2) 
PARAMETRIC_REPRESENTATION_CONTEXT() REPRESENTATION_CONTEXT('2D SPACE',''
  ) );
#9448 = PCURVE('',#9449,#9454);
#9449 = PLANE('',#9450);
#9450 = AXIS2_PLACEMENT_3D('',#9451,#9452,#9453);
#9451 = CARTESIAN_POINT('',(154.,106.975,0.));
#9452 = DIRECTION('',(-1.,0.,0.));
#9453 = DIRECTION('',(0.,1.,0.));
#9454 = DEFINITIONAL_REPRESENTATION('',(#9455),#9459);
#9455 = LINE('',#9456,#9457);
#9456 = CARTESIAN_POINT('',(10.,0.));
#9457 = VECTOR('',#9458,1.);
#9458 = DIRECTION('',(0.,-1.));
#9459 = ( GEOMETRIC_REPRESENTATION_CONTEXT(2) 
PARAMETRIC_REPRESENTATION_CONTEXT() REPRESENTATION_CONTEXT('2D SPACE',''
  ) );
#9460 = ORIENTED_EDGE('',*,*,#9461,.T.);
#9461 = EDGE_CURVE('',#9429,#9462,#9464,.T.);
#9462 = VERTEX_POINT('',#9463);
#9463 = CARTESIAN_POINT('',(164.,116.975,8.));
#9464 = SURFACE_CURVE('',#9465,(#9469,#9476),.PCURVE_S1.);
#9465 = LINE('',#9466,#9467);
#9466 = CARTESIAN_POINT('',(154.,116.975,8.));
#9467 = VECTOR('',#9468,1.);
#9468 = DIRECTION('',(1.,0.,0.));
#9469 = PCURVE('',#9437,#9470);
#9470 = DEFINITIONAL_REPRESENTATION('',(#9471),#9475);
#9471 = LINE('',#9472,#9473);
#9472 = CARTESIAN_POINT('',(0.,-8.));
#9473 = VECTOR('',#9474,1.);
#9474 = DIRECTION('',(1.,0.));
#9475 = ( GEOMETRIC_REPRESENTATION_CONTEXT(2) 
PARAMETRIC_REPRESENTATION_CONTEXT() REPRESENTATION_CONTEXT('2D SPACE',''
  ) );
#9476 = PCURVE('',#9477,#9482);
#9477 = PLANE('',#9478);
#9478 = AXIS2_PLACEMENT_3D('',#9479,#9480,#9481);
#9479 = CARTESIAN_POINT('',(159.,111.975,8.));
#9480 = DIRECTION('',(-0.,-0.,-1.));
#9481 = DIRECTION('',(-1.,0.,0.));
#9482 = DEFINITIONAL_REPRESENTATION('',(#9483),#9487);
#9483 = LINE('',#9484,#9485);
#9484 = CARTESIAN_POINT('',(5.,5.));
#9485 = VECTOR('',#9486,1.);
#9486 = DIRECTION('',(-1.,0.));
#9487 = ( GEOMETRIC_REPRESENTATION_CONTEXT(2) 
PARAMETRIC_REPRESENTATION_CONTEXT() REPRESENTATION_CONTEXT('2D SPACE',''
  ) );
#9488 = ORIENTED_EDGE('',*,*,#9489,.F.);
#9489 = EDGE_CURVE('',#9490,#9462,#9492,.T.);
#9490 = VERTEX_POINT('',#9491);
#9491 = CARTESIAN_POINT('',(164.,116.975,0.));
#9492 = SURFACE_CURVE('',#9493,(#9497,#9504),.PCURVE_S1.);
#9493 = LINE('',#9494,#9495);
#9494 = CARTESIAN_POINT('',(164.,116.975,0.));
#9495 = VECTOR('',#9496,1.);
#9496 = DIRECTION('',(0.,0.,1.));
#9497 = PCURVE('',#9437,#9498);
#9498 = DEFINITIONAL_REPRESENTATION('',(#9499),#9503);
#9499 = LINE('',#9500,#9501);
#9500 = CARTESIAN_POINT('',(10.,0.));
#9501 = VECTOR('',#9502,1.);
#9502 = DIRECTION('',(0.,-1.));
#9503 = ( GEOMETRIC_REPRESENTATION_CONTEXT(2) 
PARAMETRIC_REPRESENTATION_CONTEXT() REPRESENTATION_CONTEXT('2D SPACE',''
  ) );
#9504 = PCURVE('',#9505,#9510);
#9505 = PLANE('',#9506);
#9506 = AXIS2_PLACEMENT_3D('',#9507,#9508,#9509);
#9507 = CARTESIAN_POINT('',(164.,116.975,0.));
#9508 = DIRECTION('',(1.,0.,-0.));
#9509 = DIRECTION('',(0.,-1.,0.));
#9510 = DEFINITIONAL_REPRESENTATION('',(#9511),#9515);
#9511 = LINE('',#9512,#9513);
#9512 = CARTESIAN_POINT('',(0.,0.));
#9513 = VECTOR('',#9514,1.);
#9514 = DIRECTION('',(0.,-1.));
#9515 = ( GEOMETRIC_REPRESENTATION_CONTEXT(2) 
PARAMETRIC_REPRESENTATION_CONTEXT() REPRESENTATION_CONTEXT('2D SPACE',''
  ) );
#9516 = ORIENTED_EDGE('',*,*,#9517,.F.);
#9517 = EDGE_CURVE('',#9427,#9490,#9518,.T.);
#9518 = SURFACE_CURVE('',#9519,(#9523,#9530),.PCURVE_S1.);
#9519 = LINE('',#9520,#9521);
#9520 = CARTESIAN_POINT('',(154.,116.975,0.));
#9521 = VECTOR('',#9522,1.);
#9522 = DIRECTION('',(1.,0.,0.));
#9523 = PCURVE('',#9437,#9524);
#9524 = DEFINITIONAL_REPRESENTATION('',(#9525),#9529);
#9525 = LINE('',#9526,#9527);
#9526 = CARTESIAN_POINT('',(0.,0.));
#9527 = VECTOR('',#9528,1.);
#9528 = DIRECTION('',(1.,0.));
#9529 = ( GEOMETRIC_REPRESENTATION_CONTEXT(2) 
PARAMETRIC_REPRESENTATION_CONTEXT() REPRESENTATION_CONTEXT('2D SPACE',''
  ) );
#9530 = PCURVE('',#9531,#9536);
#9531 = PLANE('',#9532);
#9532 = AXIS2_PLACEMENT_3D('',#9533,#9534,#9535);
#9533 = CARTESIAN_POINT('',(159.,111.975,0.));
#9534 = DIRECTION('',(-0.,-0.,-1.));
#9535 = DIRECTION('',(-1.,0.,0.));
#9536 = DEFINITIONAL_REPRESENTATION('',(#9537),#9541);
#9537 = LINE('',#9538,#9539);
#9538 = CARTESIAN_POINT('',(5.,5.));
#9539 = VECTOR('',#9540,1.);
#9540 = DIRECTION('',(-1.,0.));
#9541 = ( GEOMETRIC_REPRESENTATION_CONTEXT(2) 
PARAMETRIC_REPRESENTATION_CONTEXT() REPRESENTATION_CONTEXT('2D SPACE',''
  ) );
#9542 = ADVANCED_FACE('',(#9543),#9505,.T.);
#9543 = FACE_BOUND('',#9544,.T.);
#9544 = EDGE_LOOP('',(#9545,#9546,#9569,#9597));
#9545 = ORIENTED_EDGE('',*,*,#9489,.T.);
#9546 = ORIENTED_EDGE('',*,*,#9547,.T.);
#9547 = EDGE_CURVE('',#9462,#9548,#9550,.T.);
#9548 = VERTEX_POINT('',#9549);
#9549 = CARTESIAN_POINT('',(164.,106.975,8.));
#9550 = SURFACE_CURVE('',#9551,(#9555,#9562),.PCURVE_S1.);
#9551 = LINE('',#9552,#9553);
#9552 = CARTESIAN_POINT('',(164.,116.975,8.));
#9553 = VECTOR('',#9554,1.);
#9554 = DIRECTION('',(0.,-1.,0.));
#9555 = PCURVE('',#9505,#9556);
#9556 = DEFINITIONAL_REPRESENTATION('',(#9557),#9561);
#9557 = LINE('',#9558,#9559);
#9558 = CARTESIAN_POINT('',(0.,-8.));
#9559 = VECTOR('',#9560,1.);
#9560 = DIRECTION('',(1.,0.));
#9561 = ( GEOMETRIC_REPRESENTATION_CONTEXT(2) 
PARAMETRIC_REPRESENTATION_CONTEXT() REPRESENTATION_CONTEXT('2D SPACE',''
  ) );
#9562 = PCURVE('',#9477,#9563);
#9563 = DEFINITIONAL_REPRESENTATION('',(#9564),#9568);
#9564 = LINE('',#9565,#9566);
#9565 = CARTESIAN_POINT('',(-5.,5.));
#9566 = VECTOR('',#9567,1.);
#9567 = DIRECTION('',(0.,-1.));
#9568 = ( GEOMETRIC_REPRESENTATION_CONTEXT(2) 
PARAMETRIC_REPRESENTATION_CONTEXT() REPRESENTATION_CONTEXT('2D SPACE',''
  ) );
#9569 = ORIENTED_EDGE('',*,*,#9570,.F.);
#9570 = EDGE_CURVE('',#9571,#9548,#9573,.T.);
#9571 = VERTEX_POINT('',#9572);
#9572 = CARTESIAN_POINT('',(164.,106.975,0.));
#9573 = SURFACE_CURVE('',#9574,(#9578,#9585),.PCURVE_S1.);
#9574 = LINE('',#9575,#9576);
#9575 = CARTESIAN_POINT('',(164.,106.975,0.));
#9576 = VECTOR('',#9577,1.);
#9577 = DIRECTION('',(0.,0.,1.));
#9578 = PCURVE('',#9505,#9579);
#9579 = DEFINITIONAL_REPRESENTATION('',(#9580),#9584);
#9580 = LINE('',#9581,#9582);
#9581 = CARTESIAN_POINT('',(10.,0.));
#9582 = VECTOR('',#9583,1.);
#9583 = DIRECTION('',(0.,-1.));
#9584 = ( GEOMETRIC_REPRESENTATION_CONTEXT(2) 
PARAMETRIC_REPRESENTATION_CONTEXT() REPRESENTATION_CONTEXT('2D SPACE',''
  ) );
#9585 = PCURVE('',#9586,#9591);
#9586 = PLANE('',#9587);
#9587 = AXIS2_PLACEMENT_3D('',#9588,#9589,#9590);
#9588 = CARTESIAN_POINT('',(164.,106.975,0.));
#9589 = DIRECTION('',(0.,-1.,0.));
#9590 = DIRECTION('',(-1.,0.,0.));
#9591 = DEFINITIONAL_REPRESENTATION('',(#9592),#9596);
#9592 = LINE('',#9593,#9594);
#9593 = CARTESIAN_POINT('',(0.,-0.));
#9594 = VECTOR('',#9595,1.);
#9595 = DIRECTION('',(0.,-1.));
#9596 = ( GEOMETRIC_REPRESENTATION_CONTEXT(2) 
PARAMETRIC_REPRESENTATION_CONTEXT() REPRESENTATION_CONTEXT('2D SPACE',''
  ) );
#9597 = ORIENTED_EDGE('',*,*,#9598,.F.);
#9598 = EDGE_CURVE('',#9490,#9571,#9599,.T.);
#9599 = SURFACE_CURVE('',#9600,(#9604,#9611),.PCURVE_S1.);
#9600 = LINE('',#9601,#9602);
#9601 = CARTESIAN_POINT('',(164.,116.975,0.));
#9602 = VECTOR('',#9603,1.);
#9603 = DIRECTION('',(0.,-1.,0.));
#9604 = PCURVE('',#9505,#9605);
#9605 = DEFINITIONAL_REPRESENTATION('',(#9606),#9610);
#9606 = LINE('',#9607,#9608);
#9607 = CARTESIAN_POINT('',(0.,0.));
#9608 = VECTOR('',#9609,1.);
#9609 = DIRECTION('',(1.,0.));
#9610 = ( GEOMETRIC_REPRESENTATION_CONTEXT(2) 
PARAMETRIC_REPRESENTATION_CONTEXT() REPRESENTATION_CONTEXT('2D SPACE',''
  ) );
#9611 = PCURVE('',#9531,#9612);
#9612 = DEFINITIONAL_REPRESENTATION('',(#9613),#9617);
#9613 = LINE('',#9614,#9615);
#9614 = CARTESIAN_POINT('',(-5.,5.));
#9615 = VECTOR('',#9616,1.);
#9616 = DIRECTION('',(0.,-1.));
#9617 = ( GEOMETRIC_REPRESENTATION_CONTEXT(2) 
PARAMETRIC_REPRESENTATION_CONTEXT() REPRESENTATION_CONTEXT('2D SPACE',''
  ) );
#9618 = ADVANCED_FACE('',(#9619),#9586,.T.);
#9619 = FACE_BOUND('',#9620,.T.);
#9620 = EDGE_LOOP('',(#9621,#9622,#9645,#9668));
#9621 = ORIENTED_EDGE('',*,*,#9570,.T.);
#9622 = ORIENTED_EDGE('',*,*,#9623,.T.);
#9623 = EDGE_CURVE('',#9548,#9624,#9626,.T.);
#9624 = VERTEX_POINT('',#9625);
#9625 = CARTESIAN_POINT('',(154.,106.975,8.));
#9626 = SURFACE_CURVE('',#9627,(#9631,#9638),.PCURVE_S1.);
#9627 = LINE('',#9628,#9629);
#9628 = CARTESIAN_POINT('',(164.,106.975,8.));
#9629 = VECTOR('',#9630,1.);
#9630 = DIRECTION('',(-1.,0.,0.));
#9631 = PCURVE('',#9586,#9632);
#9632 = DEFINITIONAL_REPRESENTATION('',(#9633),#9637);
#9633 = LINE('',#9634,#9635);
#9634 = CARTESIAN_POINT('',(0.,-8.));
#9635 = VECTOR('',#9636,1.);
#9636 = DIRECTION('',(1.,0.));
#9637 = ( GEOMETRIC_REPRESENTATION_CONTEXT(2) 
PARAMETRIC_REPRESENTATION_CONTEXT() REPRESENTATION_CONTEXT('2D SPACE',''
  ) );
#9638 = PCURVE('',#9477,#9639);
#9639 = DEFINITIONAL_REPRESENTATION('',(#9640),#9644);
#9640 = LINE('',#9641,#9642);
#9641 = CARTESIAN_POINT('',(-5.,-5.));
#9642 = VECTOR('',#9643,1.);
#9643 = DIRECTION('',(1.,0.));
#9644 = ( GEOMETRIC_REPRESENTATION_CONTEXT(2) 
PARAMETRIC_REPRESENTATION_CONTEXT() REPRESENTATION_CONTEXT('2D SPACE',''
  ) );
#9645 = ORIENTED_EDGE('',*,*,#9646,.F.);
#9646 = EDGE_CURVE('',#9647,#9624,#9649,.T.);
#9647 = VERTEX_POINT('',#9648);
#9648 = CARTESIAN_POINT('',(154.,106.975,0.));
#9649 = SURFACE_CURVE('',#9650,(#9654,#9661),.PCURVE_S1.);
#9650 = LINE('',#9651,#9652);
#9651 = CARTESIAN_POINT('',(154.,106.975,0.));
#9652 = VECTOR('',#9653,1.);
#9653 = DIRECTION('',(0.,0.,1.));
#9654 = PCURVE('',#9586,#9655);
#9655 = DEFINITIONAL_REPRESENTATION('',(#9656),#9660);
#9656 = LINE('',#9657,#9658);
#9657 = CARTESIAN_POINT('',(10.,0.));
#9658 = VECTOR('',#9659,1.);
#9659 = DIRECTION('',(0.,-1.));
#9660 = ( GEOMETRIC_REPRESENTATION_CONTEXT(2) 
PARAMETRIC_REPRESENTATION_CONTEXT() REPRESENTATION_CONTEXT('2D SPACE',''
  ) );
#9661 = PCURVE('',#9449,#9662);
#9662 = DEFINITIONAL_REPRESENTATION('',(#9663),#9667);
#9663 = LINE('',#9664,#9665);
#9664 = CARTESIAN_POINT('',(0.,0.));
#9665 = VECTOR('',#9666,1.);
#9666 = DIRECTION('',(0.,-1.));
#9667 = ( GEOMETRIC_REPRESENTATION_CONTEXT(2) 
PARAMETRIC_REPRESENTATION_CONTEXT() REPRESENTATION_CONTEXT('2D SPACE',''
  ) );
#9668 = ORIENTED_EDGE('',*,*,#9669,.F.);
#9669 = EDGE_CURVE('',#9571,#9647,#9670,.T.);
#9670 = SURFACE_CURVE('',#9671,(#9675,#9682),.PCURVE_S1.);
#9671 = LINE('',#9672,#9673);
#9672 = CARTESIAN_POINT('',(164.,106.975,0.));
#9673 = VECTOR('',#9674,1.);
#9674 = DIRECTION('',(-1.,0.,0.));
#9675 = PCURVE('',#9586,#9676);
#9676 = DEFINITIONAL_REPRESENTATION('',(#9677),#9681);
#9677 = LINE('',#9678,#9679);
#9678 = CARTESIAN_POINT('',(0.,-0.));
#9679 = VECTOR('',#9680,1.);
#9680 = DIRECTION('',(1.,0.));
#9681 = ( GEOMETRIC_REPRESENTATION_CONTEXT(2) 
PARAMETRIC_REPRESENTATION_CONTEXT() REPRESENTATION_CONTEXT('2D SPACE',''
  ) );
#9682 = PCURVE('',#9531,#9683);
#9683 = DEFINITIONAL_REPRESENTATION('',(#9684),#9688);
#9684 = LINE('',#9685,#9686);
#9685 = CARTESIAN_POINT('',(-5.,-5.));
#9686 = VECTOR('',#9687,1.);
#9687 = DIRECTION('',(1.,0.));
#9688 = ( GEOMETRIC_REPRESENTATION_CONTEXT(2) 
PARAMETRIC_REPRESENTATION_CONTEXT() REPRESENTATION_CONTEXT('2D SPACE',''
  ) );
#9689 = ADVANCED_FACE('',(#9690),#9449,.T.);
#9690 = FACE_BOUND('',#9691,.T.);
#9691 = EDGE_LOOP('',(#9692,#9693,#9714,#9715));
#9692 = ORIENTED_EDGE('',*,*,#9646,.T.);
#9693 = ORIENTED_EDGE('',*,*,#9694,.T.);
#9694 = EDGE_CURVE('',#9624,#9429,#9695,.T.);
#9695 = SURFACE_CURVE('',#9696,(#9700,#9707),.PCURVE_S1.);
#9696 = LINE('',#9697,#9698);
#9697 = CARTESIAN_POINT('',(154.,106.975,8.));
#9698 = VECTOR('',#9699,1.);
#9699 = DIRECTION('',(0.,1.,0.));
#9700 = PCURVE('',#9449,#9701);
#9701 = DEFINITIONAL_REPRESENTATION('',(#9702),#9706);
#9702 = LINE('',#9703,#9704);
#9703 = CARTESIAN_POINT('',(0.,-8.));
#9704 = VECTOR('',#9705,1.);
#9705 = DIRECTION('',(1.,0.));
#9706 = ( GEOMETRIC_REPRESENTATION_CONTEXT(2) 
PARAMETRIC_REPRESENTATION_CONTEXT() REPRESENTATION_CONTEXT('2D SPACE',''
  ) );
#9707 = PCURVE('',#9477,#9708);
#9708 = DEFINITIONAL_REPRESENTATION('',(#9709),#9713);
#9709 = LINE('',#9710,#9711);
#9710 = CARTESIAN_POINT('',(5.,-5.));
#9711 = VECTOR('',#9712,1.);
#9712 = DIRECTION('',(0.,1.));
#9713 = ( GEOMETRIC_REPRESENTATION_CONTEXT(2) 
PARAMETRIC_REPRESENTATION_CONTEXT() REPRESENTATION_CONTEXT('2D SPACE',''
  ) );
#9714 = ORIENTED_EDGE('',*,*,#9426,.F.);
#9715 = ORIENTED_EDGE('',*,*,#9716,.F.);
#9716 = EDGE_CURVE('',#9647,#9427,#9717,.T.);
#9717 = SURFACE_CURVE('',#9718,(#9722,#9729),.PCURVE_S1.);
#9718 = LINE('',#9719,#9720);
#9719 = CARTESIAN_POINT('',(154.,106.975,0.));
#9720 = VECTOR('',#9721,1.);
#9721 = DIRECTION('',(0.,1.,0.));
#9722 = PCURVE('',#9449,#9723);
#9723 = DEFINITIONAL_REPRESENTATION('',(#9724),#9728);
#9724 = LINE('',#9725,#9726);
#9725 = CARTESIAN_POINT('',(0.,0.));
#9726 = VECTOR('',#9727,1.);
#9727 = DIRECTION('',(1.,0.));
#9728 = ( GEOMETRIC_REPRESENTATION_CONTEXT(2) 
PARAMETRIC_REPRESENTATION_CONTEXT() REPRESENTATION_CONTEXT('2D SPACE',''
  ) );
#9729 = PCURVE('',#9531,#9730);
#9730 = DEFINITIONAL_REPRESENTATION('',(#9731),#9735);
#9731 = LINE('',#9732,#9733);
#9732 = CARTESIAN_POINT('',(5.,-5.));
#9733 = VECTOR('',#9734,1.);
#9734 = DIRECTION('',(0.,1.));
#9735 = ( GEOMETRIC_REPRESENTATION_CONTEXT(2) 
PARAMETRIC_REPRESENTATION_CONTEXT() REPRESENTATION_CONTEXT('2D SPACE',''
  ) );
#9736 = ADVANCED_FACE('',(#9737),#9531,.T.);
#9737 = FACE_BOUND('',#9738,.T.);
#9738 = EDGE_LOOP('',(#9739,#9740,#9741,#9742));
#9739 = ORIENTED_EDGE('',*,*,#9517,.T.);
#9740 = ORIENTED_EDGE('',*,*,#9598,.T.);
#9741 = ORIENTED_EDGE('',*,*,#9669,.T.);
#9742 = ORIENTED_EDGE('',*,*,#9716,.T.);
#9743 = ADVANCED_FACE('',(#9744),#9477,.F.);
#9744 = FACE_BOUND('',#9745,.F.);
#9745 = EDGE_LOOP('',(#9746,#9747,#9748,#9749));
#9746 = ORIENTED_EDGE('',*,*,#9461,.T.);
#9747 = ORIENTED_EDGE('',*,*,#9547,.T.);
#9748 = ORIENTED_EDGE('',*,*,#9623,.T.);
#9749 = ORIENTED_EDGE('',*,*,#9694,.T.);
#9750 = ( GEOMETRIC_REPRESENTATION_CONTEXT(3) 
GLOBAL_UNCERTAINTY_ASSIGNED_CONTEXT((#9754)) 
GLOBAL_UNIT_ASSIGNED_CONTEXT((#9751,#9752,#9753)) REPRESENTATION_CONTEXT
('Context #1','3D Context with UNIT and UNCERTAINTY') );
#9751 = ( LENGTH_UNIT() NAMED_UNIT(*) SI_UNIT(.MILLI.,.METRE.) );
#9752 = ( NAMED_UNIT(*) PLANE_ANGLE_UNIT() SI_UNIT($,.RADIAN.) );
#9753 = ( NAMED_UNIT(*) SI_UNIT($,.STERADIAN.) SOLID_ANGLE_UNIT() );
#9754 = UNCERTAINTY_MEASURE_WITH_UNIT(LENGTH_MEASURE(1.E-07),#9751,
  'distance_accuracy_value','confusion accuracy');
#9755 = CONTEXT_DEPENDENT_SHAPE_REPRESENTATION(#9756,#9758);
#9756 = ( REPRESENTATION_RELATIONSHIP('','',#9419,#10) 
REPRESENTATION_RELATIONSHIP_WITH_TRANSFORMATION(#9757) 
SHAPE_REPRESENTATION_RELATIONSHIP() );
#9757 = ITEM_DEFINED_TRANSFORMATION('','',#11,#115);
#9758 = PRODUCT_DEFINITION_SHAPE('Placement','Placement of an item',
  #9759);
#9759 = NEXT_ASSEMBLY_USAGE_OCCURRENCE('126','part_0002__03','',#5,#9414
  ,$);
#9760 = PRODUCT_RELATED_PRODUCT_CATEGORY('part',$,(#9416));
#9761 = SHAPE_DEFINITION_REPRESENTATION(#9762,#9768);
#9762 = PRODUCT_DEFINITION_SHAPE('','',#9763);
#9763 = PRODUCT_DEFINITION('design','',#9764,#9767);
#9764 = PRODUCT_DEFINITION_FORMATION('','',#9765);
#9765 = PRODUCT('part_0002__04','part_0002__04','',(#9766));
#9766 = PRODUCT_CONTEXT('',#2,'mechanical');
#9767 = PRODUCT_DEFINITION_CONTEXT('part definition',#2,'design');
#9768 = ADVANCED_BREP_SHAPE_REPRESENTATION('',(#11,#9769),#10099);
#9769 = MANIFOLD_SOLID_BREP('',#9770);
#9770 = CLOSED_SHELL('',(#9771,#9891,#9967,#10038,#10085,#10092));
#9771 = ADVANCED_FACE('',(#9772),#9786,.T.);
#9772 = FACE_BOUND('',#9773,.T.);
#9773 = EDGE_LOOP('',(#9774,#9809,#9837,#9865));
#9774 = ORIENTED_EDGE('',*,*,#9775,.T.);
#9775 = EDGE_CURVE('',#9776,#9778,#9780,.T.);
#9776 = VERTEX_POINT('',#9777);
#9777 = CARTESIAN_POINT('',(168.,116.975,0.));
#9778 = VERTEX_POINT('',#9779);
#9779 = CARTESIAN_POINT('',(168.,116.975,8.));
#9780 = SURFACE_CURVE('',#9781,(#9785,#9797),.PCURVE_S1.);
#9781 = LINE('',#9782,#9783);
#9782 = CARTESIAN_POINT('',(168.,116.975,0.));
#9783 = VECTOR('',#9784,1.);
#9784 = DIRECTION('',(0.,0.,1.));
#9785 = PCURVE('',#9786,#9791);
#9786 = PLANE('',#9787);
#9787 = AXIS2_PLACEMENT_3D('',#9788,#9789,#9790);
#9788 = CARTESIAN_POINT('',(168.,116.975,0.));
#9789 = DIRECTION('',(0.,1.,0.));
#9790 = DIRECTION('',(1.,0.,0.));
#9791 = DEFINITIONAL_REPRESENTATION('',(#9792),#9796);
#9792 = LINE('',#9793,#9794);
#9793 = CARTESIAN_POINT('',(0.,0.));
#9794 = VECTOR('',#9795,1.);
#9795 = DIRECTION('',(0.,-1.));
#9796 = ( GEOMETRIC_REPRESENTATION_CONTEXT(2) 
PARAMETRIC_REPRESENTATION_CONTEXT() REPRESENTATION_CONTEXT('2D SPACE',''
  ) );
#9797 = PCURVE('',#9798,#9803);
#9798 = PLANE('',#9799);
#9799 = AXIS2_PLACEMENT_3D('',#9800,#9801,#9802);
#9800 = CARTESIAN_POINT('',(168.,106.975,0.));
#9801 = DIRECTION('',(-1.,0.,0.));
#9802 = DIRECTION('',(0.,1.,0.));
#9803 = DEFINITIONAL_REPRESENTATION('',(#9804),#9808);
#9804 = LINE('',#9805,#9806);
#9805 = CARTESIAN_POINT('',(10.,0.));
#9806 = VECTOR('',#9807,1.);
#9807 = DIRECTION('',(0.,-1.));
#9808 = ( GEOMETRIC_REPRESENTATION_CONTEXT(2) 
PARAMETRIC_REPRESENTATION_CONTEXT() REPRESENTATION_CONTEXT('2D SPACE',''
  ) );
#9809 = ORIENTED_EDGE('',*,*,#9810,.T.);
#9810 = EDGE_CURVE('',#9778,#9811,#9813,.T.);
#9811 = VERTEX_POINT('',#9812);
#9812 = CARTESIAN_POINT('',(178.,116.975,8.));
#9813 = SURFACE_CURVE('',#9814,(#9818,#9825),.PCURVE_S1.);
#9814 = LINE('',#9815,#9816);
#9815 = CARTESIAN_POINT('',(168.,116.975,8.));
#9816 = VECTOR('',#9817,1.);
#9817 = DIRECTION('',(1.,0.,0.));
#9818 = PCURVE('',#9786,#9819);
#9819 = DEFINITIONAL_REPRESENTATION('',(#9820),#9824);
#9820 = LINE('',#9821,#9822);
#9821 = CARTESIAN_POINT('',(0.,-8.));
#9822 = VECTOR('',#9823,1.);
#9823 = DIRECTION('',(1.,0.));
#9824 = ( GEOMETRIC_REPRESENTATION_CONTEXT(2) 
PARAMETRIC_REPRESENTATION_CONTEXT() REPRESENTATION_CONTEXT('2D SPACE',''
  ) );
#9825 = PCURVE('',#9826,#9831);
#9826 = PLANE('',#9827);
#9827 = AXIS2_PLACEMENT_3D('',#9828,#9829,#9830);
#9828 = CARTESIAN_POINT('',(173.,111.975,8.));
#9829 = DIRECTION('',(-0.,-0.,-1.));
#9830 = DIRECTION('',(-1.,0.,0.));
#9831 = DEFINITIONAL_REPRESENTATION('',(#9832),#9836);
#9832 = LINE('',#9833,#9834);
#9833 = CARTESIAN_POINT('',(5.,5.));
#9834 = VECTOR('',#9835,1.);
#9835 = DIRECTION('',(-1.,0.));
#9836 = ( GEOMETRIC_REPRESENTATION_CONTEXT(2) 
PARAMETRIC_REPRESENTATION_CONTEXT() REPRESENTATION_CONTEXT('2D SPACE',''
  ) );
#9837 = ORIENTED_EDGE('',*,*,#9838,.F.);
#9838 = EDGE_CURVE('',#9839,#9811,#9841,.T.);
#9839 = VERTEX_POINT('',#9840);
#9840 = CARTESIAN_POINT('',(178.,116.975,0.));
#9841 = SURFACE_CURVE('',#9842,(#9846,#9853),.PCURVE_S1.);
#9842 = LINE('',#9843,#9844);
#9843 = CARTESIAN_POINT('',(178.,116.975,0.));
#9844 = VECTOR('',#9845,1.);
#9845 = DIRECTION('',(0.,0.,1.));
#9846 = PCURVE('',#9786,#9847);
#9847 = DEFINITIONAL_REPRESENTATION('',(#9848),#9852);
#9848 = LINE('',#9849,#9850);
#9849 = CARTESIAN_POINT('',(10.,0.));
#9850 = VECTOR('',#9851,1.);
#9851 = DIRECTION('',(0.,-1.));
#9852 = ( GEOMETRIC_REPRESENTATION_CONTEXT(2) 
PARAMETRIC_REPRESENTATION_CONTEXT() REPRESENTATION_CONTEXT('2D SPACE',''
  ) );
#9853 = PCURVE('',#9854,#9859);
#9854 = PLANE('',#9855);
#9855 = AXIS2_PLACEMENT_3D('',#9856,#9857,#9858);
#9856 = CARTESIAN_POINT('',(178.,116.975,0.));
#9857 = DIRECTION('',(1.,0.,-0.));
#9858 = DIRECTION('',(0.,-1.,0.));
#9859 = DEFINITIONAL_REPRESENTATION('',(#9860),#9864);
#9860 = LINE('',#9861,#9862);
#9861 = CARTESIAN_POINT('',(0.,0.));
#9862 = VECTOR('',#9863,1.);
#9863 = DIRECTION('',(0.,-1.));
#9864 = ( GEOMETRIC_REPRESENTATION_CONTEXT(2) 
PARAMETRIC_REPRESENTATION_CONTEXT() REPRESENTATION_CONTEXT('2D SPACE',''
  ) );
#9865 = ORIENTED_EDGE('',*,*,#9866,.F.);
#9866 = EDGE_CURVE('',#9776,#9839,#9867,.T.);
#9867 = SURFACE_CURVE('',#9868,(#9872,#9879),.PCURVE_S1.);
#9868 = LINE('',#9869,#9870);
#9869 = CARTESIAN_POINT('',(168.,116.975,0.));
#9870 = VECTOR('',#9871,1.);
#9871 = DIRECTION('',(1.,0.,0.));
#9872 = PCURVE('',#9786,#9873);
#9873 = DEFINITIONAL_REPRESENTATION('',(#9874),#9878);
#9874 = LINE('',#9875,#9876);
#9875 = CARTESIAN_POINT('',(0.,0.));
#9876 = VECTOR('',#9877,1.);
#9877 = DIRECTION('',(1.,0.));
#9878 = ( GEOMETRIC_REPRESENTATION_CONTEXT(2) 
PARAMETRIC_REPRESENTATION_CONTEXT() REPRESENTATION_CONTEXT('2D SPACE',''
  ) );
#9879 = PCURVE('',#9880,#9885);
#9880 = PLANE('',#9881);
#9881 = AXIS2_PLACEMENT_3D('',#9882,#9883,#9884);
#9882 = CARTESIAN_POINT('',(173.,111.975,0.));
#9883 = DIRECTION('',(-0.,-0.,-1.));
#9884 = DIRECTION('',(-1.,0.,0.));
#9885 = DEFINITIONAL_REPRESENTATION('',(#9886),#9890);
#9886 = LINE('',#9887,#9888);
#9887 = CARTESIAN_POINT('',(5.,5.));
#9888 = VECTOR('',#9889,1.);
#9889 = DIRECTION('',(-1.,0.));
#9890 = ( GEOMETRIC_REPRESENTATION_CONTEXT(2) 
PARAMETRIC_REPRESENTATION_CONTEXT() REPRESENTATION_CONTEXT('2D SPACE',''
  ) );
#9891 = ADVANCED_FACE('',(#9892),#9854,.T.);
#9892 = FACE_BOUND('',#9893,.T.);
#9893 = EDGE_LOOP('',(#9894,#9895,#9918,#9946));
#9894 = ORIENTED_EDGE('',*,*,#9838,.T.);
#9895 = ORIENTED_EDGE('',*,*,#9896,.T.);
#9896 = EDGE_CURVE('',#9811,#9897,#9899,.T.);
#9897 = VERTEX_POINT('',#9898);
#9898 = CARTESIAN_POINT('',(178.,106.975,8.));
#9899 = SURFACE_CURVE('',#9900,(#9904,#9911),.PCURVE_S1.);
#9900 = LINE('',#9901,#9902);
#9901 = CARTESIAN_POINT('',(178.,116.975,8.));
#9902 = VECTOR('',#9903,1.);
#9903 = DIRECTION('',(0.,-1.,0.));
#9904 = PCURVE('',#9854,#9905);
#9905 = DEFINITIONAL_REPRESENTATION('',(#9906),#9910);
#9906 = LINE('',#9907,#9908);
#9907 = CARTESIAN_POINT('',(0.,-8.));
#9908 = VECTOR('',#9909,1.);
#9909 = DIRECTION('',(1.,0.));
#9910 = ( GEOMETRIC_REPRESENTATION_CONTEXT(2) 
PARAMETRIC_REPRESENTATION_CONTEXT() REPRESENTATION_CONTEXT('2D SPACE',''
  ) );
#9911 = PCURVE('',#9826,#9912);
#9912 = DEFINITIONAL_REPRESENTATION('',(#9913),#9917);
#9913 = LINE('',#9914,#9915);
#9914 = CARTESIAN_POINT('',(-5.,5.));
#9915 = VECTOR('',#9916,1.);
#9916 = DIRECTION('',(0.,-1.));
#9917 = ( GEOMETRIC_REPRESENTATION_CONTEXT(2) 
PARAMETRIC_REPRESENTATION_CONTEXT() REPRESENTATION_CONTEXT('2D SPACE',''
  ) );
#9918 = ORIENTED_EDGE('',*,*,#9919,.F.);
#9919 = EDGE_CURVE('',#9920,#9897,#9922,.T.);
#9920 = VERTEX_POINT('',#9921);
#9921 = CARTESIAN_POINT('',(178.,106.975,0.));
#9922 = SURFACE_CURVE('',#9923,(#9927,#9934),.PCURVE_S1.);
#9923 = LINE('',#9924,#9925);
#9924 = CARTESIAN_POINT('',(178.,106.975,0.));
#9925 = VECTOR('',#9926,1.);
#9926 = DIRECTION('',(0.,0.,1.));
#9927 = PCURVE('',#9854,#9928);
#9928 = DEFINITIONAL_REPRESENTATION('',(#9929),#9933);
#9929 = LINE('',#9930,#9931);
#9930 = CARTESIAN_POINT('',(10.,0.));
#9931 = VECTOR('',#9932,1.);
#9932 = DIRECTION('',(0.,-1.));
#9933 = ( GEOMETRIC_REPRESENTATION_CONTEXT(2) 
PARAMETRIC_REPRESENTATION_CONTEXT() REPRESENTATION_CONTEXT('2D SPACE',''
  ) );
#9934 = PCURVE('',#9935,#9940);
#9935 = PLANE('',#9936);
#9936 = AXIS2_PLACEMENT_3D('',#9937,#9938,#9939);
#9937 = CARTESIAN_POINT('',(178.,106.975,0.));
#9938 = DIRECTION('',(0.,-1.,0.));
#9939 = DIRECTION('',(-1.,0.,0.));
#9940 = DEFINITIONAL_REPRESENTATION('',(#9941),#9945);
#9941 = LINE('',#9942,#9943);
#9942 = CARTESIAN_POINT('',(0.,-0.));
#9943 = VECTOR('',#9944,1.);
#9944 = DIRECTION('',(0.,-1.));
#9945 = ( GEOMETRIC_REPRESENTATION_CONTEXT(2) 
PARAMETRIC_REPRESENTATION_CONTEXT() REPRESENTATION_CONTEXT('2D SPACE',''
  ) );
#9946 = ORIENTED_EDGE('',*,*,#9947,.F.);
#9947 = EDGE_CURVE('',#9839,#9920,#9948,.T.);
#9948 = SURFACE_CURVE('',#9949,(#9953,#9960),.PCURVE_S1.);
#9949 = LINE('',#9950,#9951);
#9950 = CARTESIAN_POINT('',(178.,116.975,0.));
#9951 = VECTOR('',#9952,1.);
#9952 = DIRECTION('',(0.,-1.,0.));
#9953 = PCURVE('',#9854,#9954);
#9954 = DEFINITIONAL_REPRESENTATION('',(#9955),#9959);
#9955 = LINE('',#9956,#9957);
#9956 = CARTESIAN_POINT('',(0.,0.));
#9957 = VECTOR('',#9958,1.);
#9958 = DIRECTION('',(1.,0.));
#9959 = ( GEOMETRIC_REPRESENTATION_CONTEXT(2) 
PARAMETRIC_REPRESENTATION_CONTEXT() REPRESENTATION_CONTEXT('2D SPACE',''
  ) );
#9960 = PCURVE('',#9880,#9961);
#9961 = DEFINITIONAL_REPRESENTATION('',(#9962),#9966);
#9962 = LINE('',#9963,#9964);
#9963 = CARTESIAN_POINT('',(-5.,5.));
#9964 = VECTOR('',#9965,1.);
#9965 = DIRECTION('',(0.,-1.));
#9966 = ( GEOMETRIC_REPRESENTATION_CONTEXT(2) 
PARAMETRIC_REPRESENTATION_CONTEXT() REPRESENTATION_CONTEXT('2D SPACE',''
  ) );
#9967 = ADVANCED_FACE('',(#9968),#9935,.T.);
#9968 = FACE_BOUND('',#9969,.T.);
#9969 = EDGE_LOOP('',(#9970,#9971,#9994,#10017));
#9970 = ORIENTED_EDGE('',*,*,#9919,.T.);
#9971 = ORIENTED_EDGE('',*,*,#9972,.T.);
#9972 = EDGE_CURVE('',#9897,#9973,#9975,.T.);
#9973 = VERTEX_POINT('',#9974);
#9974 = CARTESIAN_POINT('',(168.,106.975,8.));
#9975 = SURFACE_CURVE('',#9976,(#9980,#9987),.PCURVE_S1.);
#9976 = LINE('',#9977,#9978);
#9977 = CARTESIAN_POINT('',(178.,106.975,8.));
#9978 = VECTOR('',#9979,1.);
#9979 = DIRECTION('',(-1.,0.,0.));
#9980 = PCURVE('',#9935,#9981);
#9981 = DEFINITIONAL_REPRESENTATION('',(#9982),#9986);
#9982 = LINE('',#9983,#9984);
#9983 = CARTESIAN_POINT('',(0.,-8.));
#9984 = VECTOR('',#9985,1.);
#9985 = DIRECTION('',(1.,0.));
#9986 = ( GEOMETRIC_REPRESENTATION_CONTEXT(2) 
PARAMETRIC_REPRESENTATION_CONTEXT() REPRESENTATION_CONTEXT('2D SPACE',''
  ) );
#9987 = PCURVE('',#9826,#9988);
#9988 = DEFINITIONAL_REPRESENTATION('',(#9989),#9993);
#9989 = LINE('',#9990,#9991);
#9990 = CARTESIAN_POINT('',(-5.,-5.));
#9991 = VECTOR('',#9992,1.);
#9992 = DIRECTION('',(1.,0.));
#9993 = ( GEOMETRIC_REPRESENTATION_CONTEXT(2) 
PARAMETRIC_REPRESENTATION_CONTEXT() REPRESENTATION_CONTEXT('2D SPACE',''
  ) );
#9994 = ORIENTED_EDGE('',*,*,#9995,.F.);
#9995 = EDGE_CURVE('',#9996,#9973,#9998,.T.);
#9996 = VERTEX_POINT('',#9997);
#9997 = CARTESIAN_POINT('',(168.,106.975,0.));
#9998 = SURFACE_CURVE('',#9999,(#10003,#10010),.PCURVE_S1.);
#9999 = LINE('',#10000,#10001);
#10000 = CARTESIAN_POINT('',(168.,106.975,0.));
#10001 = VECTOR('',#10002,1.);
#10002 = DIRECTION('',(0.,0.,1.));
#10003 = PCURVE('',#9935,#10004);
#10004 = DEFINITIONAL_REPRESENTATION('',(#10005),#10009);
#10005 = LINE('',#10006,#10007);
#10006 = CARTESIAN_POINT('',(10.,0.));
#10007 = VECTOR('',#10008,1.);
#10008 = DIRECTION('',(0.,-1.));
#10009 = ( GEOMETRIC_REPRESENTATION_CONTEXT(2) 
PARAMETRIC_REPRESENTATION_CONTEXT() REPRESENTATION_CONTEXT('2D SPACE',''
  ) );
#10010 = PCURVE('',#9798,#10011);
#10011 = DEFINITIONAL_REPRESENTATION('',(#10012),#10016);
#10012 = LINE('',#10013,#10014);
#10013 = CARTESIAN_POINT('',(0.,0.));
#10014 = VECTOR('',#10015,1.);
#10015 = DIRECTION('',(0.,-1.));
#10016 = ( GEOMETRIC_REPRESENTATION_CONTEXT(2) 
PARAMETRIC_REPRESENTATION_CONTEXT() REPRESENTATION_CONTEXT('2D SPACE',''
  ) );
#10017 = ORIENTED_EDGE('',*,*,#10018,.F.);
#10018 = EDGE_CURVE('',#9920,#9996,#10019,.T.);
#10019 = SURFACE_CURVE('',#10020,(#10024,#10031),.PCURVE_S1.);
#10020 = LINE('',#10021,#10022);
#10021 = CARTESIAN_POINT('',(178.,106.975,0.));
#10022 = VECTOR('',#10023,1.);
#10023 = DIRECTION('',(-1.,0.,0.));
#10024 = PCURVE('',#9935,#10025);
#10025 = DEFINITIONAL_REPRESENTATION('',(#10026),#10030);
#10026 = LINE('',#10027,#10028);
#10027 = CARTESIAN_POINT('',(0.,-0.));
#10028 = VECTOR('',#10029,1.);
#10029 = DIRECTION('',(1.,0.));
#10030 = ( GEOMETRIC_REPRESENTATION_CONTEXT(2) 
PARAMETRIC_REPRESENTATION_CONTEXT() REPRESENTATION_CONTEXT('2D SPACE',''
  ) );
#10031 = PCURVE('',#9880,#10032);
#10032 = DEFINITIONAL_REPRESENTATION('',(#10033),#10037);
#10033 = LINE('',#10034,#10035);
#10034 = CARTESIAN_POINT('',(-5.,-5.));
#10035 = VECTOR('',#10036,1.);
#10036 = DIRECTION('',(1.,0.));
#10037 = ( GEOMETRIC_REPRESENTATION_CONTEXT(2) 
PARAMETRIC_REPRESENTATION_CONTEXT() REPRESENTATION_CONTEXT('2D SPACE',''
  ) );
#10038 = ADVANCED_FACE('',(#10039),#9798,.T.);
#10039 = FACE_BOUND('',#10040,.T.);
#10040 = EDGE_LOOP('',(#10041,#10042,#10063,#10064));
#10041 = ORIENTED_EDGE('',*,*,#9995,.T.);
#10042 = ORIENTED_EDGE('',*,*,#10043,.T.);
#10043 = EDGE_CURVE('',#9973,#9778,#10044,.T.);
#10044 = SURFACE_CURVE('',#10045,(#10049,#10056),.PCURVE_S1.);
#10045 = LINE('',#10046,#10047);
#10046 = CARTESIAN_POINT('',(168.,106.975,8.));
#10047 = VECTOR('',#10048,1.);
#10048 = DIRECTION('',(0.,1.,0.));
#10049 = PCURVE('',#9798,#10050);
#10050 = DEFINITIONAL_REPRESENTATION('',(#10051),#10055);
#10051 = LINE('',#10052,#10053);
#10052 = CARTESIAN_POINT('',(0.,-8.));
#10053 = VECTOR('',#10054,1.);
#10054 = DIRECTION('',(1.,0.));
#10055 = ( GEOMETRIC_REPRESENTATION_CONTEXT(2) 
PARAMETRIC_REPRESENTATION_CONTEXT() REPRESENTATION_CONTEXT('2D SPACE',''
  ) );
#10056 = PCURVE('',#9826,#10057);
#10057 = DEFINITIONAL_REPRESENTATION('',(#10058),#10062);
#10058 = LINE('',#10059,#10060);
#10059 = CARTESIAN_POINT('',(5.,-5.));
#10060 = VECTOR('',#10061,1.);
#10061 = DIRECTION('',(0.,1.));
#10062 = ( GEOMETRIC_REPRESENTATION_CONTEXT(2) 
PARAMETRIC_REPRESENTATION_CONTEXT() REPRESENTATION_CONTEXT('2D SPACE',''
  ) );
#10063 = ORIENTED_EDGE('',*,*,#9775,.F.);
#10064 = ORIENTED_EDGE('',*,*,#10065,.F.);
#10065 = EDGE_CURVE('',#9996,#9776,#10066,.T.);
#10066 = SURFACE_CURVE('',#10067,(#10071,#10078),.PCURVE_S1.);
#10067 = LINE('',#10068,#10069);
#10068 = CARTESIAN_POINT('',(168.,106.975,0.));
#10069 = VECTOR('',#10070,1.);
#10070 = DIRECTION('',(0.,1.,0.));
#10071 = PCURVE('',#9798,#10072);
#10072 = DEFINITIONAL_REPRESENTATION('',(#10073),#10077);
#10073 = LINE('',#10074,#10075);
#10074 = CARTESIAN_POINT('',(0.,0.));
#10075 = VECTOR('',#10076,1.);
#10076 = DIRECTION('',(1.,0.));
#10077 = ( GEOMETRIC_REPRESENTATION_CONTEXT(2) 
PARAMETRIC_REPRESENTATION_CONTEXT() REPRESENTATION_CONTEXT('2D SPACE',''
  ) );
#10078 = PCURVE('',#9880,#10079);
#10079 = DEFINITIONAL_REPRESENTATION('',(#10080),#10084);
#10080 = LINE('',#10081,#10082);
#10081 = CARTESIAN_POINT('',(5.,-5.));
#10082 = VECTOR('',#10083,1.);
#10083 = DIRECTION('',(0.,1.));
#10084 = ( GEOMETRIC_REPRESENTATION_CONTEXT(2) 
PARAMETRIC_REPRESENTATION_CONTEXT() REPRESENTATION_CONTEXT('2D SPACE',''
  ) );
#10085 = ADVANCED_FACE('',(#10086),#9880,.T.);
#10086 = FACE_BOUND('',#10087,.T.);
#10087 = EDGE_LOOP('',(#10088,#10089,#10090,#10091));
#10088 = ORIENTED_EDGE('',*,*,#9866,.T.);
#10089 = ORIENTED_EDGE('',*,*,#9947,.T.);
#10090 = ORIENTED_EDGE('',*,*,#10018,.T.);
#10091 = ORIENTED_EDGE('',*,*,#10065,.T.);
#10092 = ADVANCED_FACE('',(#10093),#9826,.F.);
#10093 = FACE_BOUND('',#10094,.F.);
#10094 = EDGE_LOOP('',(#10095,#10096,#10097,#10098));
#10095 = ORIENTED_EDGE('',*,*,#9810,.T.);
#10096 = ORIENTED_EDGE('',*,*,#9896,.T.);
#10097 = ORIENTED_EDGE('',*,*,#9972,.T.);
#10098 = ORIENTED_EDGE('',*,*,#10043,.T.);
#10099 = ( GEOMETRIC_REPRESENTATION_CONTEXT(3) 
GLOBAL_UNCERTAINTY_ASSIGNED_CONTEXT((#10103)) 
GLOBAL_UNIT_ASSIGNED_CONTEXT((#10100,#10101,#10102)) 
REPRESENTATION_CONTEXT('Context #1',
  '3D Context with UNIT and UNCERTAINTY') );
#10100 = ( LENGTH_UNIT() NAMED_UNIT(*) SI_UNIT(.MILLI.,.METRE.) );
#10101 = ( NAMED_UNIT(*) PLANE_ANGLE_UNIT() SI_UNIT($,.RADIAN.) );
#10102 = ( NAMED_UNIT(*) SI_UNIT($,.STERADIAN.) SOLID_ANGLE_UNIT() );
#10103 = UNCERTAINTY_MEASURE_WITH_UNIT(LENGTH_MEASURE(1.E-07),#10100,
  'distance_accuracy_value','confusion accuracy');
#10104 = CONTEXT_DEPENDENT_SHAPE_REPRESENTATION(#10105,#10107);
#10105 = ( REPRESENTATION_RELATIONSHIP('','',#9768,#10) 
REPRESENTATION_RELATIONSHIP_WITH_TRANSFORMATION(#10106) 
SHAPE_REPRESENTATION_RELATIONSHIP() );
#10106 = ITEM_DEFINED_TRANSFORMATION('','',#11,#119);
#10107 = PRODUCT_DEFINITION_SHAPE('Placement','Placement of an item',
  #10108);
#10108 = NEXT_ASSEMBLY_USAGE_OCCURRENCE('127','part_0002__04','',#5,
  #9763,$);
#10109 = PRODUCT_RELATED_PRODUCT_CATEGORY('part',$,(#9765));
#10110 = SHAPE_DEFINITION_REPRESENTATION(#10111,#10117);
#10111 = PRODUCT_DEFINITION_SHAPE('','',#10112);
#10112 = PRODUCT_DEFINITION('design','',#10113,#10116);
#10113 = PRODUCT_DEFINITION_FORMATION('','',#10114);
#10114 = PRODUCT('part_0002__05','part_0002__05','',(#10115));
#10115 = PRODUCT_CONTEXT('',#2,'mechanical');
#10116 = PRODUCT_DEFINITION_CONTEXT('part definition',#2,'design');
#10117 = ADVANCED_BREP_SHAPE_REPRESENTATION('',(#11,#10118),#10448);
#10118 = MANIFOLD_SOLID_BREP('',#10119);
#10119 = CLOSED_SHELL('',(#10120,#10240,#10316,#10387,#10434,#10441));
#10120 = ADVANCED_FACE('',(#10121),#10135,.T.);
#10121 = FACE_BOUND('',#10122,.T.);
#10122 = EDGE_LOOP('',(#10123,#10158,#10186,#10214));
#10123 = ORIENTED_EDGE('',*,*,#10124,.T.);
#10124 = EDGE_CURVE('',#10125,#10127,#10129,.T.);
#10125 = VERTEX_POINT('',#10126);
#10126 = CARTESIAN_POINT('',(0.,130.975,0.));
#10127 = VERTEX_POINT('',#10128);
#10128 = CARTESIAN_POINT('',(0.,130.975,8.));
#10129 = SURFACE_CURVE('',#10130,(#10134,#10146),.PCURVE_S1.);
#10130 = LINE('',#10131,#10132);
#10131 = CARTESIAN_POINT('',(0.,130.975,0.));
#10132 = VECTOR('',#10133,1.);
#10133 = DIRECTION('',(0.,0.,1.));
#10134 = PCURVE('',#10135,#10140);
#10135 = PLANE('',#10136);
#10136 = AXIS2_PLACEMENT_3D('',#10137,#10138,#10139);
#10137 = CARTESIAN_POINT('',(0.,130.975,0.));
#10138 = DIRECTION('',(0.,1.,0.));
#10139 = DIRECTION('',(1.,0.,0.));
#10140 = DEFINITIONAL_REPRESENTATION('',(#10141),#10145);
#10141 = LINE('',#10142,#10143);
#10142 = CARTESIAN_POINT('',(0.,0.));
#10143 = VECTOR('',#10144,1.);
#10144 = DIRECTION('',(0.,-1.));
#10145 = ( GEOMETRIC_REPRESENTATION_CONTEXT(2) 
PARAMETRIC_REPRESENTATION_CONTEXT() REPRESENTATION_CONTEXT('2D SPACE',''
  ) );
#10146 = PCURVE('',#10147,#10152);
#10147 = PLANE('',#10148);
#10148 = AXIS2_PLACEMENT_3D('',#10149,#10150,#10151);
#10149 = CARTESIAN_POINT('',(0.,120.975,0.));
#10150 = DIRECTION('',(-1.,0.,0.));
#10151 = DIRECTION('',(0.,1.,0.));
#10152 = DEFINITIONAL_REPRESENTATION('',(#10153),#10157);
#10153 = LINE('',#10154,#10155);
#10154 = CARTESIAN_POINT('',(10.,0.));
#10155 = VECTOR('',#10156,1.);
#10156 = DIRECTION('',(0.,-1.));
#10157 = ( GEOMETRIC_REPRESENTATION_CONTEXT(2) 
PARAMETRIC_REPRESENTATION_CONTEXT() REPRESENTATION_CONTEXT('2D SPACE',''
  ) );
#10158 = ORIENTED_EDGE('',*,*,#10159,.T.);
#10159 = EDGE_CURVE('',#10127,#10160,#10162,.T.);
#10160 = VERTEX_POINT('',#10161);
#10161 = CARTESIAN_POINT('',(10.,130.975,8.));
#10162 = SURFACE_CURVE('',#10163,(#10167,#10174),.PCURVE_S1.);
#10163 = LINE('',#10164,#10165);
#10164 = CARTESIAN_POINT('',(0.,130.975,8.));
#10165 = VECTOR('',#10166,1.);
#10166 = DIRECTION('',(1.,0.,0.));
#10167 = PCURVE('',#10135,#10168);
#10168 = DEFINITIONAL_REPRESENTATION('',(#10169),#10173);
#10169 = LINE('',#10170,#10171);
#10170 = CARTESIAN_POINT('',(0.,-8.));
#10171 = VECTOR('',#10172,1.);
#10172 = DIRECTION('',(1.,0.));
#10173 = ( GEOMETRIC_REPRESENTATION_CONTEXT(2) 
PARAMETRIC_REPRESENTATION_CONTEXT() REPRESENTATION_CONTEXT('2D SPACE',''
  ) );
#10174 = PCURVE('',#10175,#10180);
#10175 = PLANE('',#10176);
#10176 = AXIS2_PLACEMENT_3D('',#10177,#10178,#10179);
#10177 = CARTESIAN_POINT('',(5.,125.975,8.));
#10178 = DIRECTION('',(-0.,-0.,-1.));
#10179 = DIRECTION('',(-1.,0.,0.));
#10180 = DEFINITIONAL_REPRESENTATION('',(#10181),#10185);
#10181 = LINE('',#10182,#10183);
#10182 = CARTESIAN_POINT('',(5.,5.));
#10183 = VECTOR('',#10184,1.);
#10184 = DIRECTION('',(-1.,0.));
#10185 = ( GEOMETRIC_REPRESENTATION_CONTEXT(2) 
PARAMETRIC_REPRESENTATION_CONTEXT() REPRESENTATION_CONTEXT('2D SPACE',''
  ) );
#10186 = ORIENTED_EDGE('',*,*,#10187,.F.);
#10187 = EDGE_CURVE('',#10188,#10160,#10190,.T.);
#10188 = VERTEX_POINT('',#10189);
#10189 = CARTESIAN_POINT('',(10.,130.975,0.));
#10190 = SURFACE_CURVE('',#10191,(#10195,#10202),.PCURVE_S1.);
#10191 = LINE('',#10192,#10193);
#10192 = CARTESIAN_POINT('',(10.,130.975,0.));
#10193 = VECTOR('',#10194,1.);
#10194 = DIRECTION('',(0.,0.,1.));
#10195 = PCURVE('',#10135,#10196);
#10196 = DEFINITIONAL_REPRESENTATION('',(#10197),#10201);
#10197 = LINE('',#10198,#10199);
#10198 = CARTESIAN_POINT('',(10.,0.));
#10199 = VECTOR('',#10200,1.);
#10200 = DIRECTION('',(0.,-1.));
#10201 = ( GEOMETRIC_REPRESENTATION_CONTEXT(2) 
PARAMETRIC_REPRESENTATION_CONTEXT() REPRESENTATION_CONTEXT('2D SPACE',''
  ) );
#10202 = PCURVE('',#10203,#10208);
#10203 = PLANE('',#10204);
#10204 = AXIS2_PLACEMENT_3D('',#10205,#10206,#10207);
#10205 = CARTESIAN_POINT('',(10.,130.975,0.));
#10206 = DIRECTION('',(1.,0.,-0.));
#10207 = DIRECTION('',(0.,-1.,0.));
#10208 = DEFINITIONAL_REPRESENTATION('',(#10209),#10213);
#10209 = LINE('',#10210,#10211);
#10210 = CARTESIAN_POINT('',(0.,0.));
#10211 = VECTOR('',#10212,1.);
#10212 = DIRECTION('',(0.,-1.));
#10213 = ( GEOMETRIC_REPRESENTATION_CONTEXT(2) 
PARAMETRIC_REPRESENTATION_CONTEXT() REPRESENTATION_CONTEXT('2D SPACE',''
  ) );
#10214 = ORIENTED_EDGE('',*,*,#10215,.F.);
#10215 = EDGE_CURVE('',#10125,#10188,#10216,.T.);
#10216 = SURFACE_CURVE('',#10217,(#10221,#10228),.PCURVE_S1.);
#10217 = LINE('',#10218,#10219);
#10218 = CARTESIAN_POINT('',(0.,130.975,0.));
#10219 = VECTOR('',#10220,1.);
#10220 = DIRECTION('',(1.,0.,0.));
#10221 = PCURVE('',#10135,#10222);
#10222 = DEFINITIONAL_REPRESENTATION('',(#10223),#10227);
#10223 = LINE('',#10224,#10225);
#10224 = CARTESIAN_POINT('',(0.,0.));
#10225 = VECTOR('',#10226,1.);
#10226 = DIRECTION('',(1.,0.));
#10227 = ( GEOMETRIC_REPRESENTATION_CONTEXT(2) 
PARAMETRIC_REPRESENTATION_CONTEXT() REPRESENTATION_CONTEXT('2D SPACE',''
  ) );
#10228 = PCURVE('',#10229,#10234);
#10229 = PLANE('',#10230);
#10230 = AXIS2_PLACEMENT_3D('',#10231,#10232,#10233);
#10231 = CARTESIAN_POINT('',(5.,125.975,0.));
#10232 = DIRECTION('',(-0.,-0.,-1.));
#10233 = DIRECTION('',(-1.,0.,0.));
#10234 = DEFINITIONAL_REPRESENTATION('',(#10235),#10239);
#10235 = LINE('',#10236,#10237);
#10236 = CARTESIAN_POINT('',(5.,5.));
#10237 = VECTOR('',#10238,1.);
#10238 = DIRECTION('',(-1.,0.));
#10239 = ( GEOMETRIC_REPRESENTATION_CONTEXT(2) 
PARAMETRIC_REPRESENTATION_CONTEXT() REPRESENTATION_CONTEXT('2D SPACE',''
  ) );
#10240 = ADVANCED_FACE('',(#10241),#10203,.T.);
#10241 = FACE_BOUND('',#10242,.T.);
#10242 = EDGE_LOOP('',(#10243,#10244,#10267,#10295));
#10243 = ORIENTED_EDGE('',*,*,#10187,.T.);
#10244 = ORIENTED_EDGE('',*,*,#10245,.T.);
#10245 = EDGE_CURVE('',#10160,#10246,#10248,.T.);
#10246 = VERTEX_POINT('',#10247);
#10247 = CARTESIAN_POINT('',(10.,120.975,8.));
#10248 = SURFACE_CURVE('',#10249,(#10253,#10260),.PCURVE_S1.);
#10249 = LINE('',#10250,#10251);
#10250 = CARTESIAN_POINT('',(10.,130.975,8.));
#10251 = VECTOR('',#10252,1.);
#10252 = DIRECTION('',(0.,-1.,0.));
#10253 = PCURVE('',#10203,#10254);
#10254 = DEFINITIONAL_REPRESENTATION('',(#10255),#10259);
#10255 = LINE('',#10256,#10257);
#10256 = CARTESIAN_POINT('',(0.,-8.));
#10257 = VECTOR('',#10258,1.);
#10258 = DIRECTION('',(1.,0.));
#10259 = ( GEOMETRIC_REPRESENTATION_CONTEXT(2) 
PARAMETRIC_REPRESENTATION_CONTEXT() REPRESENTATION_CONTEXT('2D SPACE',''
  ) );
#10260 = PCURVE('',#10175,#10261);
#10261 = DEFINITIONAL_REPRESENTATION('',(#10262),#10266);
#10262 = LINE('',#10263,#10264);
#10263 = CARTESIAN_POINT('',(-5.,5.));
#10264 = VECTOR('',#10265,1.);
#10265 = DIRECTION('',(0.,-1.));
#10266 = ( GEOMETRIC_REPRESENTATION_CONTEXT(2) 
PARAMETRIC_REPRESENTATION_CONTEXT() REPRESENTATION_CONTEXT('2D SPACE',''
  ) );
#10267 = ORIENTED_EDGE('',*,*,#10268,.F.);
#10268 = EDGE_CURVE('',#10269,#10246,#10271,.T.);
#10269 = VERTEX_POINT('',#10270);
#10270 = CARTESIAN_POINT('',(10.,120.975,0.));
#10271 = SURFACE_CURVE('',#10272,(#10276,#10283),.PCURVE_S1.);
#10272 = LINE('',#10273,#10274);
#10273 = CARTESIAN_POINT('',(10.,120.975,0.));
#10274 = VECTOR('',#10275,1.);
#10275 = DIRECTION('',(0.,0.,1.));
#10276 = PCURVE('',#10203,#10277);
#10277 = DEFINITIONAL_REPRESENTATION('',(#10278),#10282);
#10278 = LINE('',#10279,#10280);
#10279 = CARTESIAN_POINT('',(10.,0.));
#10280 = VECTOR('',#10281,1.);
#10281 = DIRECTION('',(0.,-1.));
#10282 = ( GEOMETRIC_REPRESENTATION_CONTEXT(2) 
PARAMETRIC_REPRESENTATION_CONTEXT() REPRESENTATION_CONTEXT('2D SPACE',''
  ) );
#10283 = PCURVE('',#10284,#10289);
#10284 = PLANE('',#10285);
#10285 = AXIS2_PLACEMENT_3D('',#10286,#10287,#10288);
#10286 = CARTESIAN_POINT('',(10.,120.975,0.));
#10287 = DIRECTION('',(0.,-1.,0.));
#10288 = DIRECTION('',(-1.,0.,0.));
#10289 = DEFINITIONAL_REPRESENTATION('',(#10290),#10294);
#10290 = LINE('',#10291,#10292);
#10291 = CARTESIAN_POINT('',(0.,-0.));
#10292 = VECTOR('',#10293,1.);
#10293 = DIRECTION('',(0.,-1.));
#10294 = ( GEOMETRIC_REPRESENTATION_CONTEXT(2) 
PARAMETRIC_REPRESENTATION_CONTEXT() REPRESENTATION_CONTEXT('2D SPACE',''
  ) );
#10295 = ORIENTED_EDGE('',*,*,#10296,.F.);
#10296 = EDGE_CURVE('',#10188,#10269,#10297,.T.);
#10297 = SURFACE_CURVE('',#10298,(#10302,#10309),.PCURVE_S1.);
#10298 = LINE('',#10299,#10300);
#10299 = CARTESIAN_POINT('',(10.,130.975,0.));
#10300 = VECTOR('',#10301,1.);
#10301 = DIRECTION('',(0.,-1.,0.));
#10302 = PCURVE('',#10203,#10303);
#10303 = DEFINITIONAL_REPRESENTATION('',(#10304),#10308);
#10304 = LINE('',#10305,#10306);
#10305 = CARTESIAN_POINT('',(0.,0.));
#10306 = VECTOR('',#10307,1.);
#10307 = DIRECTION('',(1.,0.));
#10308 = ( GEOMETRIC_REPRESENTATION_CONTEXT(2) 
PARAMETRIC_REPRESENTATION_CONTEXT() REPRESENTATION_CONTEXT('2D SPACE',''
  ) );
#10309 = PCURVE('',#10229,#10310);
#10310 = DEFINITIONAL_REPRESENTATION('',(#10311),#10315);
#10311 = LINE('',#10312,#10313);
#10312 = CARTESIAN_POINT('',(-5.,5.));
#10313 = VECTOR('',#10314,1.);
#10314 = DIRECTION('',(0.,-1.));
#10315 = ( GEOMETRIC_REPRESENTATION_CONTEXT(2) 
PARAMETRIC_REPRESENTATION_CONTEXT() REPRESENTATION_CONTEXT('2D SPACE',''
  ) );
#10316 = ADVANCED_FACE('',(#10317),#10284,.T.);
#10317 = FACE_BOUND('',#10318,.T.);
#10318 = EDGE_LOOP('',(#10319,#10320,#10343,#10366));
#10319 = ORIENTED_EDGE('',*,*,#10268,.T.);
#10320 = ORIENTED_EDGE('',*,*,#10321,.T.);
#10321 = EDGE_CURVE('',#10246,#10322,#10324,.T.);
#10322 = VERTEX_POINT('',#10323);
#10323 = CARTESIAN_POINT('',(0.,120.975,8.));
#10324 = SURFACE_CURVE('',#10325,(#10329,#10336),.PCURVE_S1.);
#10325 = LINE('',#10326,#10327);
#10326 = CARTESIAN_POINT('',(10.,120.975,8.));
#10327 = VECTOR('',#10328,1.);
#10328 = DIRECTION('',(-1.,0.,0.));
#10329 = PCURVE('',#10284,#10330);
#10330 = DEFINITIONAL_REPRESENTATION('',(#10331),#10335);
#10331 = LINE('',#10332,#10333);
#10332 = CARTESIAN_POINT('',(0.,-8.));
#10333 = VECTOR('',#10334,1.);
#10334 = DIRECTION('',(1.,0.));
#10335 = ( GEOMETRIC_REPRESENTATION_CONTEXT(2) 
PARAMETRIC_REPRESENTATION_CONTEXT() REPRESENTATION_CONTEXT('2D SPACE',''
  ) );
#10336 = PCURVE('',#10175,#10337);
#10337 = DEFINITIONAL_REPRESENTATION('',(#10338),#10342);
#10338 = LINE('',#10339,#10340);
#10339 = CARTESIAN_POINT('',(-5.,-5.));
#10340 = VECTOR('',#10341,1.);
#10341 = DIRECTION('',(1.,0.));
#10342 = ( GEOMETRIC_REPRESENTATION_CONTEXT(2) 
PARAMETRIC_REPRESENTATION_CONTEXT() REPRESENTATION_CONTEXT('2D SPACE',''
  ) );
#10343 = ORIENTED_EDGE('',*,*,#10344,.F.);
#10344 = EDGE_CURVE('',#10345,#10322,#10347,.T.);
#10345 = VERTEX_POINT('',#10346);
#10346 = CARTESIAN_POINT('',(0.,120.975,0.));
#10347 = SURFACE_CURVE('',#10348,(#10352,#10359),.PCURVE_S1.);
#10348 = LINE('',#10349,#10350);
#10349 = CARTESIAN_POINT('',(0.,120.975,0.));
#10350 = VECTOR('',#10351,1.);
#10351 = DIRECTION('',(0.,0.,1.));
#10352 = PCURVE('',#10284,#10353);
#10353 = DEFINITIONAL_REPRESENTATION('',(#10354),#10358);
#10354 = LINE('',#10355,#10356);
#10355 = CARTESIAN_POINT('',(10.,0.));
#10356 = VECTOR('',#10357,1.);
#10357 = DIRECTION('',(0.,-1.));
#10358 = ( GEOMETRIC_REPRESENTATION_CONTEXT(2) 
PARAMETRIC_REPRESENTATION_CONTEXT() REPRESENTATION_CONTEXT('2D SPACE',''
  ) );
#10359 = PCURVE('',#10147,#10360);
#10360 = DEFINITIONAL_REPRESENTATION('',(#10361),#10365);
#10361 = LINE('',#10362,#10363);
#10362 = CARTESIAN_POINT('',(0.,0.));
#10363 = VECTOR('',#10364,1.);
#10364 = DIRECTION('',(0.,-1.));
#10365 = ( GEOMETRIC_REPRESENTATION_CONTEXT(2) 
PARAMETRIC_REPRESENTATION_CONTEXT() REPRESENTATION_CONTEXT('2D SPACE',''
  ) );
#10366 = ORIENTED_EDGE('',*,*,#10367,.F.);
#10367 = EDGE_CURVE('',#10269,#10345,#10368,.T.);
#10368 = SURFACE_CURVE('',#10369,(#10373,#10380),.PCURVE_S1.);
#10369 = LINE('',#10370,#10371);
#10370 = CARTESIAN_POINT('',(10.,120.975,0.));
#10371 = VECTOR('',#10372,1.);
#10372 = DIRECTION('',(-1.,0.,0.));
#10373 = PCURVE('',#10284,#10374);
#10374 = DEFINITIONAL_REPRESENTATION('',(#10375),#10379);
#10375 = LINE('',#10376,#10377);
#10376 = CARTESIAN_POINT('',(0.,-0.));
#10377 = VECTOR('',#10378,1.);
#10378 = DIRECTION('',(1.,0.));
#10379 = ( GEOMETRIC_REPRESENTATION_CONTEXT(2) 
PARAMETRIC_REPRESENTATION_CONTEXT() REPRESENTATION_CONTEXT('2D SPACE',''
  ) );
#10380 = PCURVE('',#10229,#10381);
#10381 = DEFINITIONAL_REPRESENTATION('',(#10382),#10386);
#10382 = LINE('',#10383,#10384);
#10383 = CARTESIAN_POINT('',(-5.,-5.));
#10384 = VECTOR('',#10385,1.);
#10385 = DIRECTION('',(1.,0.));
#10386 = ( GEOMETRIC_REPRESENTATION_CONTEXT(2) 
PARAMETRIC_REPRESENTATION_CONTEXT() REPRESENTATION_CONTEXT('2D SPACE',''
  ) );
#10387 = ADVANCED_FACE('',(#10388),#10147,.T.);
#10388 = FACE_BOUND('',#10389,.T.);
#10389 = EDGE_LOOP('',(#10390,#10391,#10412,#10413));
#10390 = ORIENTED_EDGE('',*,*,#10344,.T.);
#10391 = ORIENTED_EDGE('',*,*,#10392,.T.);
#10392 = EDGE_CURVE('',#10322,#10127,#10393,.T.);
#10393 = SURFACE_CURVE('',#10394,(#10398,#10405),.PCURVE_S1.);
#10394 = LINE('',#10395,#10396);
#10395 = CARTESIAN_POINT('',(0.,120.975,8.));
#10396 = VECTOR('',#10397,1.);
#10397 = DIRECTION('',(0.,1.,0.));
#10398 = PCURVE('',#10147,#10399);
#10399 = DEFINITIONAL_REPRESENTATION('',(#10400),#10404);
#10400 = LINE('',#10401,#10402);
#10401 = CARTESIAN_POINT('',(0.,-8.));
#10402 = VECTOR('',#10403,1.);
#10403 = DIRECTION('',(1.,0.));
#10404 = ( GEOMETRIC_REPRESENTATION_CONTEXT(2) 
PARAMETRIC_REPRESENTATION_CONTEXT() REPRESENTATION_CONTEXT('2D SPACE',''
  ) );
#10405 = PCURVE('',#10175,#10406);
#10406 = DEFINITIONAL_REPRESENTATION('',(#10407),#10411);
#10407 = LINE('',#10408,#10409);
#10408 = CARTESIAN_POINT('',(5.,-5.));
#10409 = VECTOR('',#10410,1.);
#10410 = DIRECTION('',(0.,1.));
#10411 = ( GEOMETRIC_REPRESENTATION_CONTEXT(2) 
PARAMETRIC_REPRESENTATION_CONTEXT() REPRESENTATION_CONTEXT('2D SPACE',''
  ) );
#10412 = ORIENTED_EDGE('',*,*,#10124,.F.);
#10413 = ORIENTED_EDGE('',*,*,#10414,.F.);
#10414 = EDGE_CURVE('',#10345,#10125,#10415,.T.);
#10415 = SURFACE_CURVE('',#10416,(#10420,#10427),.PCURVE_S1.);
#10416 = LINE('',#10417,#10418);
#10417 = CARTESIAN_POINT('',(0.,120.975,0.));
#10418 = VECTOR('',#10419,1.);
#10419 = DIRECTION('',(0.,1.,0.));
#10420 = PCURVE('',#10147,#10421);
#10421 = DEFINITIONAL_REPRESENTATION('',(#10422),#10426);
#10422 = LINE('',#10423,#10424);
#10423 = CARTESIAN_POINT('',(0.,0.));
#10424 = VECTOR('',#10425,1.);
#10425 = DIRECTION('',(1.,0.));
#10426 = ( GEOMETRIC_REPRESENTATION_CONTEXT(2) 
PARAMETRIC_REPRESENTATION_CONTEXT() REPRESENTATION_CONTEXT('2D SPACE',''
  ) );
#10427 = PCURVE('',#10229,#10428);
#10428 = DEFINITIONAL_REPRESENTATION('',(#10429),#10433);
#10429 = LINE('',#10430,#10431);
#10430 = CARTESIAN_POINT('',(5.,-5.));
#10431 = VECTOR('',#10432,1.);
#10432 = DIRECTION('',(0.,1.));
#10433 = ( GEOMETRIC_REPRESENTATION_CONTEXT(2) 
PARAMETRIC_REPRESENTATION_CONTEXT() REPRESENTATION_CONTEXT('2D SPACE',''
  ) );
#10434 = ADVANCED_FACE('',(#10435),#10229,.T.);
#10435 = FACE_BOUND('',#10436,.T.);
#10436 = EDGE_LOOP('',(#10437,#10438,#10439,#10440));
#10437 = ORIENTED_EDGE('',*,*,#10215,.T.);
#10438 = ORIENTED_EDGE('',*,*,#10296,.T.);
#10439 = ORIENTED_EDGE('',*,*,#10367,.T.);
#10440 = ORIENTED_EDGE('',*,*,#10414,.T.);
#10441 = ADVANCED_FACE('',(#10442),#10175,.F.);
#10442 = FACE_BOUND('',#10443,.F.);
#10443 = EDGE_LOOP('',(#10444,#10445,#10446,#10447));
#10444 = ORIENTED_EDGE('',*,*,#10159,.T.);
#10445 = ORIENTED_EDGE('',*,*,#10245,.T.);
#10446 = ORIENTED_EDGE('',*,*,#10321,.T.);
#10447 = ORIENTED_EDGE('',*,*,#10392,.T.);
#10448 = ( GEOMETRIC_REPRESENTATION_CONTEXT(3) 
GLOBAL_UNCERTAINTY_ASSIGNED_CONTEXT((#10452)) 
GLOBAL_UNIT_ASSIGNED_CONTEXT((#10449,#10450,#10451)) 
REPRESENTATION_CONTEXT('Context #1',
  '3D Context with UNIT and UNCERTAINTY') );
#10449 = ( LENGTH_UNIT() NAMED_UNIT(*) SI_UNIT(.MILLI.,.METRE.) );
#10450 = ( NAMED_UNIT(*) PLANE_ANGLE_UNIT() SI_UNIT($,.RADIAN.) );
#10451 = ( NAMED_UNIT(*) SI_UNIT($,.STERADIAN.) SOLID_ANGLE_UNIT() );
#10452 = UNCERTAINTY_MEASURE_WITH_UNIT(LENGTH_MEASURE(1.E-07),#10449,
  'distance_accuracy_value','confusion accuracy');
#10453 = CONTEXT_DEPENDENT_SHAPE_REPRESENTATION(#10454,#10456);
#10454 = ( REPRESENTATION_RELATIONSHIP('','',#10117,#10) 
REPRESENTATION_RELATIONSHIP_WITH_TRANSFORMATION(#10455) 
SHAPE_REPRESENTATION_RELATIONSHIP() );
#10455 = ITEM_DEFINED_TRANSFORMATION('','',#11,#123);
#10456 = PRODUCT_DEFINITION_SHAPE('Placement','Placement of an item',
  #10457);
#10457 = NEXT_ASSEMBLY_USAGE_OCCURRENCE('128','part_0002__05','',#5,
  #10112,$);
#10458 = PRODUCT_RELATED_PRODUCT_CATEGORY('part',$,(#10114));
#10459 = SHAPE_DEFINITION_REPRESENTATION(#10460,#10466);
#10460 = PRODUCT_DEFINITION_SHAPE('','',#10461);
#10461 = PRODUCT_DEFINITION('design','',#10462,#10465);
#10462 = PRODUCT_DEFINITION_FORMATION('','',#10463);
#10463 = PRODUCT('part_0002__06','part_0002__06','',(#10464));
#10464 = PRODUCT_CONTEXT('',#2,'mechanical');
#10465 = PRODUCT_DEFINITION_CONTEXT('part definition',#2,'design');
#10466 = ADVANCED_BREP_SHAPE_REPRESENTATION('',(#11,#10467),#10797);
#10467 = MANIFOLD_SOLID_BREP('',#10468);
#10468 = CLOSED_SHELL('',(#10469,#10589,#10665,#10736,#10783,#10790));
#10469 = ADVANCED_FACE('',(#10470),#10484,.T.);
#10470 = FACE_BOUND('',#10471,.T.);
#10471 = EDGE_LOOP('',(#10472,#10507,#10535,#10563));
#10472 = ORIENTED_EDGE('',*,*,#10473,.T.);
#10473 = EDGE_CURVE('',#10474,#10476,#10478,.T.);
#10474 = VERTEX_POINT('',#10475);
#10475 = CARTESIAN_POINT('',(14.,130.975,0.));
#10476 = VERTEX_POINT('',#10477);
#10477 = CARTESIAN_POINT('',(14.,130.975,8.));
#10478 = SURFACE_CURVE('',#10479,(#10483,#10495),.PCURVE_S1.);
#10479 = LINE('',#10480,#10481);
#10480 = CARTESIAN_POINT('',(14.,130.975,0.));
#10481 = VECTOR('',#10482,1.);
#10482 = DIRECTION('',(0.,0.,1.));
#10483 = PCURVE('',#10484,#10489);
#10484 = PLANE('',#10485);
#10485 = AXIS2_PLACEMENT_3D('',#10486,#10487,#10488);
#10486 = CARTESIAN_POINT('',(14.,130.975,0.));
#10487 = DIRECTION('',(0.,1.,0.));
#10488 = DIRECTION('',(1.,0.,0.));
#10489 = DEFINITIONAL_REPRESENTATION('',(#10490),#10494);
#10490 = LINE('',#10491,#10492);
#10491 = CARTESIAN_POINT('',(0.,0.));
#10492 = VECTOR('',#10493,1.);
#10493 = DIRECTION('',(0.,-1.));
#10494 = ( GEOMETRIC_REPRESENTATION_CONTEXT(2) 
PARAMETRIC_REPRESENTATION_CONTEXT() REPRESENTATION_CONTEXT('2D SPACE',''
  ) );
#10495 = PCURVE('',#10496,#10501);
#10496 = PLANE('',#10497);
#10497 = AXIS2_PLACEMENT_3D('',#10498,#10499,#10500);
#10498 = CARTESIAN_POINT('',(14.,120.975,0.));
#10499 = DIRECTION('',(-1.,0.,0.));
#10500 = DIRECTION('',(0.,1.,0.));
#10501 = DEFINITIONAL_REPRESENTATION('',(#10502),#10506);
#10502 = LINE('',#10503,#10504);
#10503 = CARTESIAN_POINT('',(10.,0.));
#10504 = VECTOR('',#10505,1.);
#10505 = DIRECTION('',(0.,-1.));
#10506 = ( GEOMETRIC_REPRESENTATION_CONTEXT(2) 
PARAMETRIC_REPRESENTATION_CONTEXT() REPRESENTATION_CONTEXT('2D SPACE',''
  ) );
#10507 = ORIENTED_EDGE('',*,*,#10508,.T.);
#10508 = EDGE_CURVE('',#10476,#10509,#10511,.T.);
#10509 = VERTEX_POINT('',#10510);
#10510 = CARTESIAN_POINT('',(24.,130.975,8.));
#10511 = SURFACE_CURVE('',#10512,(#10516,#10523),.PCURVE_S1.);
#10512 = LINE('',#10513,#10514);
#10513 = CARTESIAN_POINT('',(14.,130.975,8.));
#10514 = VECTOR('',#10515,1.);
#10515 = DIRECTION('',(1.,0.,0.));
#10516 = PCURVE('',#10484,#10517);
#10517 = DEFINITIONAL_REPRESENTATION('',(#10518),#10522);
#10518 = LINE('',#10519,#10520);
#10519 = CARTESIAN_POINT('',(0.,-8.));
#10520 = VECTOR('',#10521,1.);
#10521 = DIRECTION('',(1.,0.));
#10522 = ( GEOMETRIC_REPRESENTATION_CONTEXT(2) 
PARAMETRIC_REPRESENTATION_CONTEXT() REPRESENTATION_CONTEXT('2D SPACE',''
  ) );
#10523 = PCURVE('',#10524,#10529);
#10524 = PLANE('',#10525);
#10525 = AXIS2_PLACEMENT_3D('',#10526,#10527,#10528);
#10526 = CARTESIAN_POINT('',(19.,125.975,8.));
#10527 = DIRECTION('',(-0.,-0.,-1.));
#10528 = DIRECTION('',(-1.,0.,0.));
#10529 = DEFINITIONAL_REPRESENTATION('',(#10530),#10534);
#10530 = LINE('',#10531,#10532);
#10531 = CARTESIAN_POINT('',(5.,5.));
#10532 = VECTOR('',#10533,1.);
#10533 = DIRECTION('',(-1.,0.));
#10534 = ( GEOMETRIC_REPRESENTATION_CONTEXT(2) 
PARAMETRIC_REPRESENTATION_CONTEXT() REPRESENTATION_CONTEXT('2D SPACE',''
  ) );
#10535 = ORIENTED_EDGE('',*,*,#10536,.F.);
#10536 = EDGE_CURVE('',#10537,#10509,#10539,.T.);
#10537 = VERTEX_POINT('',#10538);
#10538 = CARTESIAN_POINT('',(24.,130.975,0.));
#10539 = SURFACE_CURVE('',#10540,(#10544,#10551),.PCURVE_S1.);
#10540 = LINE('',#10541,#10542);
#10541 = CARTESIAN_POINT('',(24.,130.975,0.));
#10542 = VECTOR('',#10543,1.);
#10543 = DIRECTION('',(0.,0.,1.));
#10544 = PCURVE('',#10484,#10545);
#10545 = DEFINITIONAL_REPRESENTATION('',(#10546),#10550);
#10546 = LINE('',#10547,#10548);
#10547 = CARTESIAN_POINT('',(10.,0.));
#10548 = VECTOR('',#10549,1.);
#10549 = DIRECTION('',(0.,-1.));
#10550 = ( GEOMETRIC_REPRESENTATION_CONTEXT(2) 
PARAMETRIC_REPRESENTATION_CONTEXT() REPRESENTATION_CONTEXT('2D SPACE',''
  ) );
#10551 = PCURVE('',#10552,#10557);
#10552 = PLANE('',#10553);
#10553 = AXIS2_PLACEMENT_3D('',#10554,#10555,#10556);
#10554 = CARTESIAN_POINT('',(24.,130.975,0.));
#10555 = DIRECTION('',(1.,0.,-0.));
#10556 = DIRECTION('',(0.,-1.,0.));
#10557 = DEFINITIONAL_REPRESENTATION('',(#10558),#10562);
#10558 = LINE('',#10559,#10560);
#10559 = CARTESIAN_POINT('',(0.,0.));
#10560 = VECTOR('',#10561,1.);
#10561 = DIRECTION('',(0.,-1.));
#10562 = ( GEOMETRIC_REPRESENTATION_CONTEXT(2) 
PARAMETRIC_REPRESENTATION_CONTEXT() REPRESENTATION_CONTEXT('2D SPACE',''
  ) );
#10563 = ORIENTED_EDGE('',*,*,#10564,.F.);
#10564 = EDGE_CURVE('',#10474,#10537,#10565,.T.);
#10565 = SURFACE_CURVE('',#10566,(#10570,#10577),.PCURVE_S1.);
#10566 = LINE('',#10567,#10568);
#10567 = CARTESIAN_POINT('',(14.,130.975,0.));
#10568 = VECTOR('',#10569,1.);
#10569 = DIRECTION('',(1.,0.,0.));
#10570 = PCURVE('',#10484,#10571);
#10571 = DEFINITIONAL_REPRESENTATION('',(#10572),#10576);
#10572 = LINE('',#10573,#10574);
#10573 = CARTESIAN_POINT('',(0.,0.));
#10574 = VECTOR('',#10575,1.);
#10575 = DIRECTION('',(1.,0.));
#10576 = ( GEOMETRIC_REPRESENTATION_CONTEXT(2) 
PARAMETRIC_REPRESENTATION_CONTEXT() REPRESENTATION_CONTEXT('2D SPACE',''
  ) );
#10577 = PCURVE('',#10578,#10583);
#10578 = PLANE('',#10579);
#10579 = AXIS2_PLACEMENT_3D('',#10580,#10581,#10582);
#10580 = CARTESIAN_POINT('',(19.,125.975,0.));
#10581 = DIRECTION('',(-0.,-0.,-1.));
#10582 = DIRECTION('',(-1.,0.,0.));
#10583 = DEFINITIONAL_REPRESENTATION('',(#10584),#10588);
#10584 = LINE('',#10585,#10586);
#10585 = CARTESIAN_POINT('',(5.,5.));
#10586 = VECTOR('',#10587,1.);
#10587 = DIRECTION('',(-1.,0.));
#10588 = ( GEOMETRIC_REPRESENTATION_CONTEXT(2) 
PARAMETRIC_REPRESENTATION_CONTEXT() REPRESENTATION_CONTEXT('2D SPACE',''
  ) );
#10589 = ADVANCED_FACE('',(#10590),#10552,.T.);
#10590 = FACE_BOUND('',#10591,.T.);
#10591 = EDGE_LOOP('',(#10592,#10593,#10616,#10644));
#10592 = ORIENTED_EDGE('',*,*,#10536,.T.);
#10593 = ORIENTED_EDGE('',*,*,#10594,.T.);
#10594 = EDGE_CURVE('',#10509,#10595,#10597,.T.);
#10595 = VERTEX_POINT('',#10596);
#10596 = CARTESIAN_POINT('',(24.,120.975,8.));
#10597 = SURFACE_CURVE('',#10598,(#10602,#10609),.PCURVE_S1.);
#10598 = LINE('',#10599,#10600);
#10599 = CARTESIAN_POINT('',(24.,130.975,8.));
#10600 = VECTOR('',#10601,1.);
#10601 = DIRECTION('',(0.,-1.,0.));
#10602 = PCURVE('',#10552,#10603);
#10603 = DEFINITIONAL_REPRESENTATION('',(#10604),#10608);
#10604 = LINE('',#10605,#10606);
#10605 = CARTESIAN_POINT('',(0.,-8.));
#10606 = VECTOR('',#10607,1.);
#10607 = DIRECTION('',(1.,0.));
#10608 = ( GEOMETRIC_REPRESENTATION_CONTEXT(2) 
PARAMETRIC_REPRESENTATION_CONTEXT() REPRESENTATION_CONTEXT('2D SPACE',''
  ) );
#10609 = PCURVE('',#10524,#10610);
#10610 = DEFINITIONAL_REPRESENTATION('',(#10611),#10615);
#10611 = LINE('',#10612,#10613);
#10612 = CARTESIAN_POINT('',(-5.,5.));
#10613 = VECTOR('',#10614,1.);
#10614 = DIRECTION('',(0.,-1.));
#10615 = ( GEOMETRIC_REPRESENTATION_CONTEXT(2) 
PARAMETRIC_REPRESENTATION_CONTEXT() REPRESENTATION_CONTEXT('2D SPACE',''
  ) );
#10616 = ORIENTED_EDGE('',*,*,#10617,.F.);
#10617 = EDGE_CURVE('',#10618,#10595,#10620,.T.);
#10618 = VERTEX_POINT('',#10619);
#10619 = CARTESIAN_POINT('',(24.,120.975,0.));
#10620 = SURFACE_CURVE('',#10621,(#10625,#10632),.PCURVE_S1.);
#10621 = LINE('',#10622,#10623);
#10622 = CARTESIAN_POINT('',(24.,120.975,0.));
#10623 = VECTOR('',#10624,1.);
#10624 = DIRECTION('',(0.,0.,1.));
#10625 = PCURVE('',#10552,#10626);
#10626 = DEFINITIONAL_REPRESENTATION('',(#10627),#10631);
#10627 = LINE('',#10628,#10629);
#10628 = CARTESIAN_POINT('',(10.,0.));
#10629 = VECTOR('',#10630,1.);
#10630 = DIRECTION('',(0.,-1.));
#10631 = ( GEOMETRIC_REPRESENTATION_CONTEXT(2) 
PARAMETRIC_REPRESENTATION_CONTEXT() REPRESENTATION_CONTEXT('2D SPACE',''
  ) );
#10632 = PCURVE('',#10633,#10638);
#10633 = PLANE('',#10634);
#10634 = AXIS2_PLACEMENT_3D('',#10635,#10636,#10637);
#10635 = CARTESIAN_POINT('',(24.,120.975,0.));
#10636 = DIRECTION('',(0.,-1.,0.));
#10637 = DIRECTION('',(-1.,0.,0.));
#10638 = DEFINITIONAL_REPRESENTATION('',(#10639),#10643);
#10639 = LINE('',#10640,#10641);
#10640 = CARTESIAN_POINT('',(0.,-0.));
#10641 = VECTOR('',#10642,1.);
#10642 = DIRECTION('',(0.,-1.));
#10643 = ( GEOMETRIC_REPRESENTATION_CONTEXT(2) 
PARAMETRIC_REPRESENTATION_CONTEXT() REPRESENTATION_CONTEXT('2D SPACE',''
  ) );
#10644 = ORIENTED_EDGE('',*,*,#10645,.F.);
#10645 = EDGE_CURVE('',#10537,#10618,#10646,.T.);
#10646 = SURFACE_CURVE('',#10647,(#10651,#10658),.PCURVE_S1.);
#10647 = LINE('',#10648,#10649);
#10648 = CARTESIAN_POINT('',(24.,130.975,0.));
#10649 = VECTOR('',#10650,1.);
#10650 = DIRECTION('',(0.,-1.,0.));
#10651 = PCURVE('',#10552,#10652);
#10652 = DEFINITIONAL_REPRESENTATION('',(#10653),#10657);
#10653 = LINE('',#10654,#10655);
#10654 = CARTESIAN_POINT('',(0.,0.));
#10655 = VECTOR('',#10656,1.);
#10656 = DIRECTION('',(1.,0.));
#10657 = ( GEOMETRIC_REPRESENTATION_CONTEXT(2) 
PARAMETRIC_REPRESENTATION_CONTEXT() REPRESENTATION_CONTEXT('2D SPACE',''
  ) );
#10658 = PCURVE('',#10578,#10659);
#10659 = DEFINITIONAL_REPRESENTATION('',(#10660),#10664);
#10660 = LINE('',#10661,#10662);
#10661 = CARTESIAN_POINT('',(-5.,5.));
#10662 = VECTOR('',#10663,1.);
#10663 = DIRECTION('',(0.,-1.));
#10664 = ( GEOMETRIC_REPRESENTATION_CONTEXT(2) 
PARAMETRIC_REPRESENTATION_CONTEXT() REPRESENTATION_CONTEXT('2D SPACE',''
  ) );
#10665 = ADVANCED_FACE('',(#10666),#10633,.T.);
#10666 = FACE_BOUND('',#10667,.T.);
#10667 = EDGE_LOOP('',(#10668,#10669,#10692,#10715));
#10668 = ORIENTED_EDGE('',*,*,#10617,.T.);
#10669 = ORIENTED_EDGE('',*,*,#10670,.T.);
#10670 = EDGE_CURVE('',#10595,#10671,#10673,.T.);
#10671 = VERTEX_POINT('',#10672);
#10672 = CARTESIAN_POINT('',(14.,120.975,8.));
#10673 = SURFACE_CURVE('',#10674,(#10678,#10685),.PCURVE_S1.);
#10674 = LINE('',#10675,#10676);
#10675 = CARTESIAN_POINT('',(24.,120.975,8.));
#10676 = VECTOR('',#10677,1.);
#10677 = DIRECTION('',(-1.,0.,0.));
#10678 = PCURVE('',#10633,#10679);
#10679 = DEFINITIONAL_REPRESENTATION('',(#10680),#10684);
#10680 = LINE('',#10681,#10682);
#10681 = CARTESIAN_POINT('',(0.,-8.));
#10682 = VECTOR('',#10683,1.);
#10683 = DIRECTION('',(1.,0.));
#10684 = ( GEOMETRIC_REPRESENTATION_CONTEXT(2) 
PARAMETRIC_REPRESENTATION_CONTEXT() REPRESENTATION_CONTEXT('2D SPACE',''
  ) );
#10685 = PCURVE('',#10524,#10686);
#10686 = DEFINITIONAL_REPRESENTATION('',(#10687),#10691);
#10687 = LINE('',#10688,#10689);
#10688 = CARTESIAN_POINT('',(-5.,-5.));
#10689 = VECTOR('',#10690,1.);
#10690 = DIRECTION('',(1.,0.));
#10691 = ( GEOMETRIC_REPRESENTATION_CONTEXT(2) 
PARAMETRIC_REPRESENTATION_CONTEXT() REPRESENTATION_CONTEXT('2D SPACE',''
  ) );
#10692 = ORIENTED_EDGE('',*,*,#10693,.F.);
#10693 = EDGE_CURVE('',#10694,#10671,#10696,.T.);
#10694 = VERTEX_POINT('',#10695);
#10695 = CARTESIAN_POINT('',(14.,120.975,0.));
#10696 = SURFACE_CURVE('',#10697,(#10701,#10708),.PCURVE_S1.);
#10697 = LINE('',#10698,#10699);
#10698 = CARTESIAN_POINT('',(14.,120.975,0.));
#10699 = VECTOR('',#10700,1.);
#10700 = DIRECTION('',(0.,0.,1.));
#10701 = PCURVE('',#10633,#10702);
#10702 = DEFINITIONAL_REPRESENTATION('',(#10703),#10707);
#10703 = LINE('',#10704,#10705);
#10704 = CARTESIAN_POINT('',(10.,0.));
#10705 = VECTOR('',#10706,1.);
#10706 = DIRECTION('',(0.,-1.));
#10707 = ( GEOMETRIC_REPRESENTATION_CONTEXT(2) 
PARAMETRIC_REPRESENTATION_CONTEXT() REPRESENTATION_CONTEXT('2D SPACE',''
  ) );
#10708 = PCURVE('',#10496,#10709);
#10709 = DEFINITIONAL_REPRESENTATION('',(#10710),#10714);
#10710 = LINE('',#10711,#10712);
#10711 = CARTESIAN_POINT('',(0.,0.));
#10712 = VECTOR('',#10713,1.);
#10713 = DIRECTION('',(0.,-1.));
#10714 = ( GEOMETRIC_REPRESENTATION_CONTEXT(2) 
PARAMETRIC_REPRESENTATION_CONTEXT() REPRESENTATION_CONTEXT('2D SPACE',''
  ) );
#10715 = ORIENTED_EDGE('',*,*,#10716,.F.);
#10716 = EDGE_CURVE('',#10618,#10694,#10717,.T.);
#10717 = SURFACE_CURVE('',#10718,(#10722,#10729),.PCURVE_S1.);
#10718 = LINE('',#10719,#10720);
#10719 = CARTESIAN_POINT('',(24.,120.975,0.));
#10720 = VECTOR('',#10721,1.);
#10721 = DIRECTION('',(-1.,0.,0.));
#10722 = PCURVE('',#10633,#10723);
#10723 = DEFINITIONAL_REPRESENTATION('',(#10724),#10728);
#10724 = LINE('',#10725,#10726);
#10725 = CARTESIAN_POINT('',(0.,-0.));
#10726 = VECTOR('',#10727,1.);
#10727 = DIRECTION('',(1.,0.));
#10728 = ( GEOMETRIC_REPRESENTATION_CONTEXT(2) 
PARAMETRIC_REPRESENTATION_CONTEXT() REPRESENTATION_CONTEXT('2D SPACE',''
  ) );
#10729 = PCURVE('',#10578,#10730);
#10730 = DEFINITIONAL_REPRESENTATION('',(#10731),#10735);
#10731 = LINE('',#10732,#10733);
#10732 = CARTESIAN_POINT('',(-5.,-5.));
#10733 = VECTOR('',#10734,1.);
#10734 = DIRECTION('',(1.,0.));
#10735 = ( GEOMETRIC_REPRESENTATION_CONTEXT(2) 
PARAMETRIC_REPRESENTATION_CONTEXT() REPRESENTATION_CONTEXT('2D SPACE',''
  ) );
#10736 = ADVANCED_FACE('',(#10737),#10496,.T.);
#10737 = FACE_BOUND('',#10738,.T.);
#10738 = EDGE_LOOP('',(#10739,#10740,#10761,#10762));
#10739 = ORIENTED_EDGE('',*,*,#10693,.T.);
#10740 = ORIENTED_EDGE('',*,*,#10741,.T.);
#10741 = EDGE_CURVE('',#10671,#10476,#10742,.T.);
#10742 = SURFACE_CURVE('',#10743,(#10747,#10754),.PCURVE_S1.);
#10743 = LINE('',#10744,#10745);
#10744 = CARTESIAN_POINT('',(14.,120.975,8.));
#10745 = VECTOR('',#10746,1.);
#10746 = DIRECTION('',(0.,1.,0.));
#10747 = PCURVE('',#10496,#10748);
#10748 = DEFINITIONAL_REPRESENTATION('',(#10749),#10753);
#10749 = LINE('',#10750,#10751);
#10750 = CARTESIAN_POINT('',(0.,-8.));
#10751 = VECTOR('',#10752,1.);
#10752 = DIRECTION('',(1.,0.));
#10753 = ( GEOMETRIC_REPRESENTATION_CONTEXT(2) 
PARAMETRIC_REPRESENTATION_CONTEXT() REPRESENTATION_CONTEXT('2D SPACE',''
  ) );
#10754 = PCURVE('',#10524,#10755);
#10755 = DEFINITIONAL_REPRESENTATION('',(#10756),#10760);
#10756 = LINE('',#10757,#10758);
#10757 = CARTESIAN_POINT('',(5.,-5.));
#10758 = VECTOR('',#10759,1.);
#10759 = DIRECTION('',(0.,1.));
#10760 = ( GEOMETRIC_REPRESENTATION_CONTEXT(2) 
PARAMETRIC_REPRESENTATION_CONTEXT() REPRESENTATION_CONTEXT('2D SPACE',''
  ) );
#10761 = ORIENTED_EDGE('',*,*,#10473,.F.);
#10762 = ORIENTED_EDGE('',*,*,#10763,.F.);
#10763 = EDGE_CURVE('',#10694,#10474,#10764,.T.);
#10764 = SURFACE_CURVE('',#10765,(#10769,#10776),.PCURVE_S1.);
#10765 = LINE('',#10766,#10767);
#10766 = CARTESIAN_POINT('',(14.,120.975,0.));
#10767 = VECTOR('',#10768,1.);
#10768 = DIRECTION('',(0.,1.,0.));
#10769 = PCURVE('',#10496,#10770);
#10770 = DEFINITIONAL_REPRESENTATION('',(#10771),#10775);
#10771 = LINE('',#10772,#10773);
#10772 = CARTESIAN_POINT('',(0.,0.));
#10773 = VECTOR('',#10774,1.);
#10774 = DIRECTION('',(1.,0.));
#10775 = ( GEOMETRIC_REPRESENTATION_CONTEXT(2) 
PARAMETRIC_REPRESENTATION_CONTEXT() REPRESENTATION_CONTEXT('2D SPACE',''
  ) );
#10776 = PCURVE('',#10578,#10777);
#10777 = DEFINITIONAL_REPRESENTATION('',(#10778),#10782);
#10778 = LINE('',#10779,#10780);
#10779 = CARTESIAN_POINT('',(5.,-5.));
#10780 = VECTOR('',#10781,1.);
#10781 = DIRECTION('',(0.,1.));
#10782 = ( GEOMETRIC_REPRESENTATION_CONTEXT(2) 
PARAMETRIC_REPRESENTATION_CONTEXT() REPRESENTATION_CONTEXT('2D SPACE',''
  ) );
#10783 = ADVANCED_FACE('',(#10784),#10578,.T.);
#10784 = FACE_BOUND('',#10785,.T.);
#10785 = EDGE_LOOP('',(#10786,#10787,#10788,#10789));
#10786 = ORIENTED_EDGE('',*,*,#10564,.T.);
#10787 = ORIENTED_EDGE('',*,*,#10645,.T.);
#10788 = ORIENTED_EDGE('',*,*,#10716,.T.);
#10789 = ORIENTED_EDGE('',*,*,#10763,.T.);
#10790 = ADVANCED_FACE('',(#10791),#10524,.F.);
#10791 = FACE_BOUND('',#10792,.F.);
#10792 = EDGE_LOOP('',(#10793,#10794,#10795,#10796));
#10793 = ORIENTED_EDGE('',*,*,#10508,.T.);
#10794 = ORIENTED_EDGE('',*,*,#10594,.T.);
#10795 = ORIENTED_EDGE('',*,*,#10670,.T.);
#10796 = ORIENTED_EDGE('',*,*,#10741,.T.);
#10797 = ( GEOMETRIC_REPRESENTATION_CONTEXT(3) 
GLOBAL_UNCERTAINTY_ASSIGNED_CONTEXT((#10801)) 
GLOBAL_UNIT_ASSIGNED_CONTEXT((#10798,#10799,#10800)) 
REPRESENTATION_CONTEXT('Context #1',
  '3D Context with UNIT and UNCERTAINTY') );
#10798 = ( LENGTH_UNIT() NAMED_UNIT(*) SI_UNIT(.MILLI.,.METRE.) );
#10799 = ( NAMED_UNIT(*) PLANE_ANGLE_UNIT() SI_UNIT($,.RADIAN.) );
#10800 = ( NAMED_UNIT(*) SI_UNIT($,.STERADIAN.) SOLID_ANGLE_UNIT() );
#10801 = UNCERTAINTY_MEASURE_WITH_UNIT(LENGTH_MEASURE(1.E-07),#10798,
  'distance_accuracy_value','confusion accuracy');
#10802 = CONTEXT_DEPENDENT_SHAPE_REPRESENTATION(#10803,#10805);
#10803 = ( REPRESENTATION_RELATIONSHIP('','',#10466,#10) 
REPRESENTATION_RELATIONSHIP_WITH_TRANSFORMATION(#10804) 
SHAPE_REPRESENTATION_RELATIONSHIP() );
#10804 = ITEM_DEFINED_TRANSFORMATION('','',#11,#127);
#10805 = PRODUCT_DEFINITION_SHAPE('Placement','Placement of an item',
  #10806);
#10806 = NEXT_ASSEMBLY_USAGE_OCCURRENCE('129','part_0002__06','',#5,
  #10461,$);
#10807 = PRODUCT_RELATED_PRODUCT_CATEGORY('part',$,(#10463));
#10808 = SHAPE_DEFINITION_REPRESENTATION(#10809,#10815);
#10809 = PRODUCT_DEFINITION_SHAPE('','',#10810);
#10810 = PRODUCT_DEFINITION('design','',#10811,#10814);
#10811 = PRODUCT_DEFINITION_FORMATION('','',#10812);
#10812 = PRODUCT('part_0002__07','part_0002__07','',(#10813));
#10813 = PRODUCT_CONTEXT('',#2,'mechanical');
#10814 = PRODUCT_DEFINITION_CONTEXT('part definition',#2,'design');
#10815 = ADVANCED_BREP_SHAPE_REPRESENTATION('',(#11,#10816),#11146);
#10816 = MANIFOLD_SOLID_BREP('',#10817);
#10817 = CLOSED_SHELL('',(#10818,#10938,#11014,#11085,#11132,#11139));
#10818 = ADVANCED_FACE('',(#10819),#10833,.T.);
#10819 = FACE_BOUND('',#10820,.T.);
#10820 = EDGE_LOOP('',(#10821,#10856,#10884,#10912));
#10821 = ORIENTED_EDGE('',*,*,#10822,.T.);
#10822 = EDGE_CURVE('',#10823,#10825,#10827,.T.);
#10823 = VERTEX_POINT('',#10824);
#10824 = CARTESIAN_POINT('',(28.,130.975,0.));
#10825 = VERTEX_POINT('',#10826);
#10826 = CARTESIAN_POINT('',(28.,130.975,8.));
#10827 = SURFACE_CURVE('',#10828,(#10832,#10844),.PCURVE_S1.);
#10828 = LINE('',#10829,#10830);
#10829 = CARTESIAN_POINT('',(28.,130.975,0.));
#10830 = VECTOR('',#10831,1.);
#10831 = DIRECTION('',(0.,0.,1.));
#10832 = PCURVE('',#10833,#10838);
#10833 = PLANE('',#10834);
#10834 = AXIS2_PLACEMENT_3D('',#10835,#10836,#10837);
#10835 = CARTESIAN_POINT('',(28.,130.975,0.));
#10836 = DIRECTION('',(0.,1.,0.));
#10837 = DIRECTION('',(1.,0.,0.));
#10838 = DEFINITIONAL_REPRESENTATION('',(#10839),#10843);
#10839 = LINE('',#10840,#10841);
#10840 = CARTESIAN_POINT('',(0.,0.));
#10841 = VECTOR('',#10842,1.);
#10842 = DIRECTION('',(0.,-1.));
#10843 = ( GEOMETRIC_REPRESENTATION_CONTEXT(2) 
PARAMETRIC_REPRESENTATION_CONTEXT() REPRESENTATION_CONTEXT('2D SPACE',''
  ) );
#10844 = PCURVE('',#10845,#10850);
#10845 = PLANE('',#10846);
#10846 = AXIS2_PLACEMENT_3D('',#10847,#10848,#10849);
#10847 = CARTESIAN_POINT('',(28.,120.975,0.));
#10848 = DIRECTION('',(-1.,0.,0.));
#10849 = DIRECTION('',(0.,1.,0.));
#10850 = DEFINITIONAL_REPRESENTATION('',(#10851),#10855);
#10851 = LINE('',#10852,#10853);
#10852 = CARTESIAN_POINT('',(10.,0.));
#10853 = VECTOR('',#10854,1.);
#10854 = DIRECTION('',(0.,-1.));
#10855 = ( GEOMETRIC_REPRESENTATION_CONTEXT(2) 
PARAMETRIC_REPRESENTATION_CONTEXT() REPRESENTATION_CONTEXT('2D SPACE',''
  ) );
#10856 = ORIENTED_EDGE('',*,*,#10857,.T.);
#10857 = EDGE_CURVE('',#10825,#10858,#10860,.T.);
#10858 = VERTEX_POINT('',#10859);
#10859 = CARTESIAN_POINT('',(38.,130.975,8.));
#10860 = SURFACE_CURVE('',#10861,(#10865,#10872),.PCURVE_S1.);
#10861 = LINE('',#10862,#10863);
#10862 = CARTESIAN_POINT('',(28.,130.975,8.));
#10863 = VECTOR('',#10864,1.);
#10864 = DIRECTION('',(1.,0.,0.));
#10865 = PCURVE('',#10833,#10866);
#10866 = DEFINITIONAL_REPRESENTATION('',(#10867),#10871);
#10867 = LINE('',#10868,#10869);
#10868 = CARTESIAN_POINT('',(0.,-8.));
#10869 = VECTOR('',#10870,1.);
#10870 = DIRECTION('',(1.,0.));
#10871 = ( GEOMETRIC_REPRESENTATION_CONTEXT(2) 
PARAMETRIC_REPRESENTATION_CONTEXT() REPRESENTATION_CONTEXT('2D SPACE',''
  ) );
#10872 = PCURVE('',#10873,#10878);
#10873 = PLANE('',#10874);
#10874 = AXIS2_PLACEMENT_3D('',#10875,#10876,#10877);
#10875 = CARTESIAN_POINT('',(33.,125.975,8.));
#10876 = DIRECTION('',(-0.,-0.,-1.));
#10877 = DIRECTION('',(-1.,0.,0.));
#10878 = DEFINITIONAL_REPRESENTATION('',(#10879),#10883);
#10879 = LINE('',#10880,#10881);
#10880 = CARTESIAN_POINT('',(5.,5.));
#10881 = VECTOR('',#10882,1.);
#10882 = DIRECTION('',(-1.,0.));
#10883 = ( GEOMETRIC_REPRESENTATION_CONTEXT(2) 
PARAMETRIC_REPRESENTATION_CONTEXT() REPRESENTATION_CONTEXT('2D SPACE',''
  ) );
#10884 = ORIENTED_EDGE('',*,*,#10885,.F.);
#10885 = EDGE_CURVE('',#10886,#10858,#10888,.T.);
#10886 = VERTEX_POINT('',#10887);
#10887 = CARTESIAN_POINT('',(38.,130.975,0.));
#10888 = SURFACE_CURVE('',#10889,(#10893,#10900),.PCURVE_S1.);
#10889 = LINE('',#10890,#10891);
#10890 = CARTESIAN_POINT('',(38.,130.975,0.));
#10891 = VECTOR('',#10892,1.);
#10892 = DIRECTION('',(0.,0.,1.));
#10893 = PCURVE('',#10833,#10894);
#10894 = DEFINITIONAL_REPRESENTATION('',(#10895),#10899);
#10895 = LINE('',#10896,#10897);
#10896 = CARTESIAN_POINT('',(10.,0.));
#10897 = VECTOR('',#10898,1.);
#10898 = DIRECTION('',(0.,-1.));
#10899 = ( GEOMETRIC_REPRESENTATION_CONTEXT(2) 
PARAMETRIC_REPRESENTATION_CONTEXT() REPRESENTATION_CONTEXT('2D SPACE',''
  ) );
#10900 = PCURVE('',#10901,#10906);
#10901 = PLANE('',#10902);
#10902 = AXIS2_PLACEMENT_3D('',#10903,#10904,#10905);
#10903 = CARTESIAN_POINT('',(38.,130.975,0.));
#10904 = DIRECTION('',(1.,0.,-0.));
#10905 = DIRECTION('',(0.,-1.,0.));
#10906 = DEFINITIONAL_REPRESENTATION('',(#10907),#10911);
#10907 = LINE('',#10908,#10909);
#10908 = CARTESIAN_POINT('',(0.,0.));
#10909 = VECTOR('',#10910,1.);
#10910 = DIRECTION('',(0.,-1.));
#10911 = ( GEOMETRIC_REPRESENTATION_CONTEXT(2) 
PARAMETRIC_REPRESENTATION_CONTEXT() REPRESENTATION_CONTEXT('2D SPACE',''
  ) );
#10912 = ORIENTED_EDGE('',*,*,#10913,.F.);
#10913 = EDGE_CURVE('',#10823,#10886,#10914,.T.);
#10914 = SURFACE_CURVE('',#10915,(#10919,#10926),.PCURVE_S1.);
#10915 = LINE('',#10916,#10917);
#10916 = CARTESIAN_POINT('',(28.,130.975,0.));
#10917 = VECTOR('',#10918,1.);
#10918 = DIRECTION('',(1.,0.,0.));
#10919 = PCURVE('',#10833,#10920);
#10920 = DEFINITIONAL_REPRESENTATION('',(#10921),#10925);
#10921 = LINE('',#10922,#10923);
#10922 = CARTESIAN_POINT('',(0.,0.));
#10923 = VECTOR('',#10924,1.);
#10924 = DIRECTION('',(1.,0.));
#10925 = ( GEOMETRIC_REPRESENTATION_CONTEXT(2) 
PARAMETRIC_REPRESENTATION_CONTEXT() REPRESENTATION_CONTEXT('2D SPACE',''
  ) );
#10926 = PCURVE('',#10927,#10932);
#10927 = PLANE('',#10928);
#10928 = AXIS2_PLACEMENT_3D('',#10929,#10930,#10931);
#10929 = CARTESIAN_POINT('',(33.,125.975,0.));
#10930 = DIRECTION('',(-0.,-0.,-1.));
#10931 = DIRECTION('',(-1.,0.,0.));
#10932 = DEFINITIONAL_REPRESENTATION('',(#10933),#10937);
#10933 = LINE('',#10934,#10935);
#10934 = CARTESIAN_POINT('',(5.,5.));
#10935 = VECTOR('',#10936,1.);
#10936 = DIRECTION('',(-1.,0.));
#10937 = ( GEOMETRIC_REPRESENTATION_CONTEXT(2) 
PARAMETRIC_REPRESENTATION_CONTEXT() REPRESENTATION_CONTEXT('2D SPACE',''
  ) );
#10938 = ADVANCED_FACE('',(#10939),#10901,.T.);
#10939 = FACE_BOUND('',#10940,.T.);
#10940 = EDGE_LOOP('',(#10941,#10942,#10965,#10993));
#10941 = ORIENTED_EDGE('',*,*,#10885,.T.);
#10942 = ORIENTED_EDGE('',*,*,#10943,.T.);
#10943 = EDGE_CURVE('',#10858,#10944,#10946,.T.);
#10944 = VERTEX_POINT('',#10945);
#10945 = CARTESIAN_POINT('',(38.,120.975,8.));
#10946 = SURFACE_CURVE('',#10947,(#10951,#10958),.PCURVE_S1.);
#10947 = LINE('',#10948,#10949);
#10948 = CARTESIAN_POINT('',(38.,130.975,8.));
#10949 = VECTOR('',#10950,1.);
#10950 = DIRECTION('',(0.,-1.,0.));
#10951 = PCURVE('',#10901,#10952);
#10952 = DEFINITIONAL_REPRESENTATION('',(#10953),#10957);
#10953 = LINE('',#10954,#10955);
#10954 = CARTESIAN_POINT('',(0.,-8.));
#10955 = VECTOR('',#10956,1.);
#10956 = DIRECTION('',(1.,0.));
#10957 = ( GEOMETRIC_REPRESENTATION_CONTEXT(2) 
PARAMETRIC_REPRESENTATION_CONTEXT() REPRESENTATION_CONTEXT('2D SPACE',''
  ) );
#10958 = PCURVE('',#10873,#10959);
#10959 = DEFINITIONAL_REPRESENTATION('',(#10960),#10964);
#10960 = LINE('',#10961,#10962);
#10961 = CARTESIAN_POINT('',(-5.,5.));
#10962 = VECTOR('',#10963,1.);
#10963 = DIRECTION('',(0.,-1.));
#10964 = ( GEOMETRIC_REPRESENTATION_CONTEXT(2) 
PARAMETRIC_REPRESENTATION_CONTEXT() REPRESENTATION_CONTEXT('2D SPACE',''
  ) );
#10965 = ORIENTED_EDGE('',*,*,#10966,.F.);
#10966 = EDGE_CURVE('',#10967,#10944,#10969,.T.);
#10967 = VERTEX_POINT('',#10968);
#10968 = CARTESIAN_POINT('',(38.,120.975,0.));
#10969 = SURFACE_CURVE('',#10970,(#10974,#10981),.PCURVE_S1.);
#10970 = LINE('',#10971,#10972);
#10971 = CARTESIAN_POINT('',(38.,120.975,0.));
#10972 = VECTOR('',#10973,1.);
#10973 = DIRECTION('',(0.,0.,1.));
#10974 = PCURVE('',#10901,#10975);
#10975 = DEFINITIONAL_REPRESENTATION('',(#10976),#10980);
#10976 = LINE('',#10977,#10978);
#10977 = CARTESIAN_POINT('',(10.,0.));
#10978 = VECTOR('',#10979,1.);
#10979 = DIRECTION('',(0.,-1.));
#10980 = ( GEOMETRIC_REPRESENTATION_CONTEXT(2) 
PARAMETRIC_REPRESENTATION_CONTEXT() REPRESENTATION_CONTEXT('2D SPACE',''
  ) );
#10981 = PCURVE('',#10982,#10987);
#10982 = PLANE('',#10983);
#10983 = AXIS2_PLACEMENT_3D('',#10984,#10985,#10986);
#10984 = CARTESIAN_POINT('',(38.,120.975,0.));
#10985 = DIRECTION('',(0.,-1.,0.));
#10986 = DIRECTION('',(-1.,0.,0.));
#10987 = DEFINITIONAL_REPRESENTATION('',(#10988),#10992);
#10988 = LINE('',#10989,#10990);
#10989 = CARTESIAN_POINT('',(0.,-0.));
#10990 = VECTOR('',#10991,1.);
#10991 = DIRECTION('',(0.,-1.));
#10992 = ( GEOMETRIC_REPRESENTATION_CONTEXT(2) 
PARAMETRIC_REPRESENTATION_CONTEXT() REPRESENTATION_CONTEXT('2D SPACE',''
  ) );
#10993 = ORIENTED_EDGE('',*,*,#10994,.F.);
#10994 = EDGE_CURVE('',#10886,#10967,#10995,.T.);
#10995 = SURFACE_CURVE('',#10996,(#11000,#11007),.PCURVE_S1.);
#10996 = LINE('',#10997,#10998);
#10997 = CARTESIAN_POINT('',(38.,130.975,0.));
#10998 = VECTOR('',#10999,1.);
#10999 = DIRECTION('',(0.,-1.,0.));
#11000 = PCURVE('',#10901,#11001);
#11001 = DEFINITIONAL_REPRESENTATION('',(#11002),#11006);
#11002 = LINE('',#11003,#11004);
#11003 = CARTESIAN_POINT('',(0.,0.));
#11004 = VECTOR('',#11005,1.);
#11005 = DIRECTION('',(1.,0.));
#11006 = ( GEOMETRIC_REPRESENTATION_CONTEXT(2) 
PARAMETRIC_REPRESENTATION_CONTEXT() REPRESENTATION_CONTEXT('2D SPACE',''
  ) );
#11007 = PCURVE('',#10927,#11008);
#11008 = DEFINITIONAL_REPRESENTATION('',(#11009),#11013);
#11009 = LINE('',#11010,#11011);
#11010 = CARTESIAN_POINT('',(-5.,5.));
#11011 = VECTOR('',#11012,1.);
#11012 = DIRECTION('',(0.,-1.));
#11013 = ( GEOMETRIC_REPRESENTATION_CONTEXT(2) 
PARAMETRIC_REPRESENTATION_CONTEXT() REPRESENTATION_CONTEXT('2D SPACE',''
  ) );
#11014 = ADVANCED_FACE('',(#11015),#10982,.T.);
#11015 = FACE_BOUND('',#11016,.T.);
#11016 = EDGE_LOOP('',(#11017,#11018,#11041,#11064));
#11017 = ORIENTED_EDGE('',*,*,#10966,.T.);
#11018 = ORIENTED_EDGE('',*,*,#11019,.T.);
#11019 = EDGE_CURVE('',#10944,#11020,#11022,.T.);
#11020 = VERTEX_POINT('',#11021);
#11021 = CARTESIAN_POINT('',(28.,120.975,8.));
#11022 = SURFACE_CURVE('',#11023,(#11027,#11034),.PCURVE_S1.);
#11023 = LINE('',#11024,#11025);
#11024 = CARTESIAN_POINT('',(38.,120.975,8.));
#11025 = VECTOR('',#11026,1.);
#11026 = DIRECTION('',(-1.,0.,0.));
#11027 = PCURVE('',#10982,#11028);
#11028 = DEFINITIONAL_REPRESENTATION('',(#11029),#11033);
#11029 = LINE('',#11030,#11031);
#11030 = CARTESIAN_POINT('',(0.,-8.));
#11031 = VECTOR('',#11032,1.);
#11032 = DIRECTION('',(1.,0.));
#11033 = ( GEOMETRIC_REPRESENTATION_CONTEXT(2) 
PARAMETRIC_REPRESENTATION_CONTEXT() REPRESENTATION_CONTEXT('2D SPACE',''
  ) );
#11034 = PCURVE('',#10873,#11035);
#11035 = DEFINITIONAL_REPRESENTATION('',(#11036),#11040);
#11036 = LINE('',#11037,#11038);
#11037 = CARTESIAN_POINT('',(-5.,-5.));
#11038 = VECTOR('',#11039,1.);
#11039 = DIRECTION('',(1.,0.));
#11040 = ( GEOMETRIC_REPRESENTATION_CONTEXT(2) 
PARAMETRIC_REPRESENTATION_CONTEXT() REPRESENTATION_CONTEXT('2D SPACE',''
  ) );
#11041 = ORIENTED_EDGE('',*,*,#11042,.F.);
#11042 = EDGE_CURVE('',#11043,#11020,#11045,.T.);
#11043 = VERTEX_POINT('',#11044);
#11044 = CARTESIAN_POINT('',(28.,120.975,0.));
#11045 = SURFACE_CURVE('',#11046,(#11050,#11057),.PCURVE_S1.);
#11046 = LINE('',#11047,#11048);
#11047 = CARTESIAN_POINT('',(28.,120.975,0.));
#11048 = VECTOR('',#11049,1.);
#11049 = DIRECTION('',(0.,0.,1.));
#11050 = PCURVE('',#10982,#11051);
#11051 = DEFINITIONAL_REPRESENTATION('',(#11052),#11056);
#11052 = LINE('',#11053,#11054);
#11053 = CARTESIAN_POINT('',(10.,0.));
#11054 = VECTOR('',#11055,1.);
#11055 = DIRECTION('',(0.,-1.));
#11056 = ( GEOMETRIC_REPRESENTATION_CONTEXT(2) 
PARAMETRIC_REPRESENTATION_CONTEXT() REPRESENTATION_CONTEXT('2D SPACE',''
  ) );
#11057 = PCURVE('',#10845,#11058);
#11058 = DEFINITIONAL_REPRESENTATION('',(#11059),#11063);
#11059 = LINE('',#11060,#11061);
#11060 = CARTESIAN_POINT('',(0.,0.));
#11061 = VECTOR('',#11062,1.);
#11062 = DIRECTION('',(0.,-1.));
#11063 = ( GEOMETRIC_REPRESENTATION_CONTEXT(2) 
PARAMETRIC_REPRESENTATION_CONTEXT() REPRESENTATION_CONTEXT('2D SPACE',''
  ) );
#11064 = ORIENTED_EDGE('',*,*,#11065,.F.);
#11065 = EDGE_CURVE('',#10967,#11043,#11066,.T.);
#11066 = SURFACE_CURVE('',#11067,(#11071,#11078),.PCURVE_S1.);
#11067 = LINE('',#11068,#11069);
#11068 = CARTESIAN_POINT('',(38.,120.975,0.));
#11069 = VECTOR('',#11070,1.);
#11070 = DIRECTION('',(-1.,0.,0.));
#11071 = PCURVE('',#10982,#11072);
#11072 = DEFINITIONAL_REPRESENTATION('',(#11073),#11077);
#11073 = LINE('',#11074,#11075);
#11074 = CARTESIAN_POINT('',(0.,-0.));
#11075 = VECTOR('',#11076,1.);
#11076 = DIRECTION('',(1.,0.));
#11077 = ( GEOMETRIC_REPRESENTATION_CONTEXT(2) 
PARAMETRIC_REPRESENTATION_CONTEXT() REPRESENTATION_CONTEXT('2D SPACE',''
  ) );
#11078 = PCURVE('',#10927,#11079);
#11079 = DEFINITIONAL_REPRESENTATION('',(#11080),#11084);
#11080 = LINE('',#11081,#11082);
#11081 = CARTESIAN_POINT('',(-5.,-5.));
#11082 = VECTOR('',#11083,1.);
#11083 = DIRECTION('',(1.,0.));
#11084 = ( GEOMETRIC_REPRESENTATION_CONTEXT(2) 
PARAMETRIC_REPRESENTATION_CONTEXT() REPRESENTATION_CONTEXT('2D SPACE',''
  ) );
#11085 = ADVANCED_FACE('',(#11086),#10845,.T.);
#11086 = FACE_BOUND('',#11087,.T.);
#11087 = EDGE_LOOP('',(#11088,#11089,#11110,#11111));
#11088 = ORIENTED_EDGE('',*,*,#11042,.T.);
#11089 = ORIENTED_EDGE('',*,*,#11090,.T.);
#11090 = EDGE_CURVE('',#11020,#10825,#11091,.T.);
#11091 = SURFACE_CURVE('',#11092,(#11096,#11103),.PCURVE_S1.);
#11092 = LINE('',#11093,#11094);
#11093 = CARTESIAN_POINT('',(28.,120.975,8.));
#11094 = VECTOR('',#11095,1.);
#11095 = DIRECTION('',(0.,1.,0.));
#11096 = PCURVE('',#10845,#11097);
#11097 = DEFINITIONAL_REPRESENTATION('',(#11098),#11102);
#11098 = LINE('',#11099,#11100);
#11099 = CARTESIAN_POINT('',(0.,-8.));
#11100 = VECTOR('',#11101,1.);
#11101 = DIRECTION('',(1.,0.));
#11102 = ( GEOMETRIC_REPRESENTATION_CONTEXT(2) 
PARAMETRIC_REPRESENTATION_CONTEXT() REPRESENTATION_CONTEXT('2D SPACE',''
  ) );
#11103 = PCURVE('',#10873,#11104);
#11104 = DEFINITIONAL_REPRESENTATION('',(#11105),#11109);
#11105 = LINE('',#11106,#11107);
#11106 = CARTESIAN_POINT('',(5.,-5.));
#11107 = VECTOR('',#11108,1.);
#11108 = DIRECTION('',(0.,1.));
#11109 = ( GEOMETRIC_REPRESENTATION_CONTEXT(2) 
PARAMETRIC_REPRESENTATION_CONTEXT() REPRESENTATION_CONTEXT('2D SPACE',''
  ) );
#11110 = ORIENTED_EDGE('',*,*,#10822,.F.);
#11111 = ORIENTED_EDGE('',*,*,#11112,.F.);
#11112 = EDGE_CURVE('',#11043,#10823,#11113,.T.);
#11113 = SURFACE_CURVE('',#11114,(#11118,#11125),.PCURVE_S1.);
#11114 = LINE('',#11115,#11116);
#11115 = CARTESIAN_POINT('',(28.,120.975,0.));
#11116 = VECTOR('',#11117,1.);
#11117 = DIRECTION('',(0.,1.,0.));
#11118 = PCURVE('',#10845,#11119);
#11119 = DEFINITIONAL_REPRESENTATION('',(#11120),#11124);
#11120 = LINE('',#11121,#11122);
#11121 = CARTESIAN_POINT('',(0.,0.));
#11122 = VECTOR('',#11123,1.);
#11123 = DIRECTION('',(1.,0.));
#11124 = ( GEOMETRIC_REPRESENTATION_CONTEXT(2) 
PARAMETRIC_REPRESENTATION_CONTEXT() REPRESENTATION_CONTEXT('2D SPACE',''
  ) );
#11125 = PCURVE('',#10927,#11126);
#11126 = DEFINITIONAL_REPRESENTATION('',(#11127),#11131);
#11127 = LINE('',#11128,#11129);
#11128 = CARTESIAN_POINT('',(5.,-5.));
#11129 = VECTOR('',#11130,1.);
#11130 = DIRECTION('',(0.,1.));
#11131 = ( GEOMETRIC_REPRESENTATION_CONTEXT(2) 
PARAMETRIC_REPRESENTATION_CONTEXT() REPRESENTATION_CONTEXT('2D SPACE',''
  ) );
#11132 = ADVANCED_FACE('',(#11133),#10927,.T.);
#11133 = FACE_BOUND('',#11134,.T.);
#11134 = EDGE_LOOP('',(#11135,#11136,#11137,#11138));
#11135 = ORIENTED_EDGE('',*,*,#10913,.T.);
#11136 = ORIENTED_EDGE('',*,*,#10994,.T.);
#11137 = ORIENTED_EDGE('',*,*,#11065,.T.);
#11138 = ORIENTED_EDGE('',*,*,#11112,.T.);
#11139 = ADVANCED_FACE('',(#11140),#10873,.F.);
#11140 = FACE_BOUND('',#11141,.F.);
#11141 = EDGE_LOOP('',(#11142,#11143,#11144,#11145));
#11142 = ORIENTED_EDGE('',*,*,#10857,.T.);
#11143 = ORIENTED_EDGE('',*,*,#10943,.T.);
#11144 = ORIENTED_EDGE('',*,*,#11019,.T.);
#11145 = ORIENTED_EDGE('',*,*,#11090,.T.);
#11146 = ( GEOMETRIC_REPRESENTATION_CONTEXT(3) 
GLOBAL_UNCERTAINTY_ASSIGNED_CONTEXT((#11150)) 
GLOBAL_UNIT_ASSIGNED_CONTEXT((#11147,#11148,#11149)) 
REPRESENTATION_CONTEXT('Context #1',
  '3D Context with UNIT and UNCERTAINTY') );
#11147 = ( LENGTH_UNIT() NAMED_UNIT(*) SI_UNIT(.MILLI.,.METRE.) );
#11148 = ( NAMED_UNIT(*) PLANE_ANGLE_UNIT() SI_UNIT($,.RADIAN.) );
#11149 = ( NAMED_UNIT(*) SI_UNIT($,.STERADIAN.) SOLID_ANGLE_UNIT() );
#11150 = UNCERTAINTY_MEASURE_WITH_UNIT(LENGTH_MEASURE(1.E-07),#11147,
  'distance_accuracy_value','confusion accuracy');
#11151 = CONTEXT_DEPENDENT_SHAPE_REPRESENTATION(#11152,#11154);
#11152 = ( REPRESENTATION_RELATIONSHIP('','',#10815,#10) 
REPRESENTATION_RELATIONSHIP_WITH_TRANSFORMATION(#11153) 
SHAPE_REPRESENTATION_RELATIONSHIP() );
#11153 = ITEM_DEFINED_TRANSFORMATION('','',#11,#131);
#11154 = PRODUCT_DEFINITION_SHAPE('Placement','Placement of an item',
  #11155);
#11155 = NEXT_ASSEMBLY_USAGE_OCCURRENCE('130','part_0002__07','',#5,
  #10810,$);
#11156 = PRODUCT_RELATED_PRODUCT_CATEGORY('part',$,(#10812));
ENDSEC;
END-ISO-10303-21;
