ISO-10303-21;
HEADER;
FILE_DESCRIPTION(('Open CASCADE Model'),'2;1');
FILE_NAME('visit_icon_kit','2026-06-27T00:00:00',('Author'),(
    'Open CASCADE'),'Open CASCADE STEP processor 7.9','build123d',
  'Unknown');
FILE_SCHEMA(('AUTOMOTIVE_DESIGN { 1 0 10303 214 1 1 1 1 }'));
ENDSEC;
DATA;
#1 = APPLICATION_PROTOCOL_DEFINITION('international standard',
  'automotive_design',2000,#2);
#2 = APPLICATION_CONTEXT(
  'core data for automotive mechanical design processes');
#3 = SHAPE_DEFINITION_REPRESENTATION(#4,#10);
#4 = PRODUCT_DEFINITION_SHAPE('','',#5);
#5 = PRODUCT_DEFINITION('design','',#6,#9);
#6 = PRODUCT_DEFINITION_FORMATION('','',#7);
#7 = PRODUCT('visit_icon_kit','visit_icon_kit','',(#8));
#8 = PRODUCT_CONTEXT('',#2,'mechanical');
#9 = PRODUCT_DEFINITION_CONTEXT('part definition',#2,'design');
#10 = SHAPE_REPRESENTATION('',(#11,#15,#19,#23,#27,#31,#35,#39,#43),#47
  );
#11 = AXIS2_PLACEMENT_3D('',#12,#13,#14);
#12 = CARTESIAN_POINT('',(0.,0.,0.));
#13 = DIRECTION('',(0.,0.,1.));
#14 = DIRECTION('',(1.,0.,-0.));
#15 = AXIS2_PLACEMENT_3D('',#16,#17,#18);
#16 = CARTESIAN_POINT('',(0.,0.,0.));
#17 = DIRECTION('',(0.,0.,1.));
#18 = DIRECTION('',(1.,0.,-0.));
#19 = AXIS2_PLACEMENT_3D('',#20,#21,#22);
#20 = CARTESIAN_POINT('',(0.,0.,0.));
#21 = DIRECTION('',(0.,0.,1.));
#22 = DIRECTION('',(1.,0.,-0.));
#23 = AXIS2_PLACEMENT_3D('',#24,#25,#26);
#24 = CARTESIAN_POINT('',(0.,0.,0.));
#25 = DIRECTION('',(0.,0.,1.));
#26 = DIRECTION('',(1.,0.,-0.));
#27 = AXIS2_PLACEMENT_3D('',#28,#29,#30);
#28 = CARTESIAN_POINT('',(0.,0.,0.));
#29 = DIRECTION('',(0.,0.,1.));
#30 = DIRECTION('',(1.,0.,-0.));
#31 = AXIS2_PLACEMENT_3D('',#32,#33,#34);
#32 = CARTESIAN_POINT('',(0.,0.,0.));
#33 = DIRECTION('',(0.,0.,1.));
#34 = DIRECTION('',(1.,0.,-0.));
#35 = AXIS2_PLACEMENT_3D('',#36,#37,#38);
#36 = CARTESIAN_POINT('',(0.,0.,0.));
#37 = DIRECTION('',(0.,0.,1.));
#38 = DIRECTION('',(1.,0.,-0.));
#39 = AXIS2_PLACEMENT_3D('',#40,#41,#42);
#40 = CARTESIAN_POINT('',(0.,0.,0.));
#41 = DIRECTION('',(0.,0.,1.));
#42 = DIRECTION('',(1.,0.,-0.));
#43 = AXIS2_PLACEMENT_3D('',#44,#45,#46);
#44 = CARTESIAN_POINT('',(0.,0.,0.));
#45 = DIRECTION('',(0.,0.,1.));
#46 = DIRECTION('',(1.,0.,-0.));
#47 = ( GEOMETRIC_REPRESENTATION_CONTEXT(3) 
GLOBAL_UNCERTAINTY_ASSIGNED_CONTEXT((#51)) GLOBAL_UNIT_ASSIGNED_CONTEXT(
(#48,#49,#50)) REPRESENTATION_CONTEXT('Context #1',
  '3D Context with UNIT and UNCERTAINTY') );
#48 = ( LENGTH_UNIT() NAMED_UNIT(*) SI_UNIT(.MILLI.,.METRE.) );
#49 = ( NAMED_UNIT(*) PLANE_ANGLE_UNIT() SI_UNIT($,.RADIAN.) );
#50 = ( NAMED_UNIT(*) SI_UNIT($,.STERADIAN.) SOLID_ANGLE_UNIT() );
#51 = UNCERTAINTY_MEASURE_WITH_UNIT(LENGTH_MEASURE(1.E-07),#48,
  'distance_accuracy_value','confusion accuracy');
#52 = PRODUCT_RELATED_PRODUCT_CATEGORY('part',$,(#7));
#53 = SHAPE_DEFINITION_REPRESENTATION(#54,#60);
#54 = PRODUCT_DEFINITION_SHAPE('','',#55);
#55 = PRODUCT_DEFINITION('design','',#56,#59);
#56 = PRODUCT_DEFINITION_FORMATION('','',#57);
#57 = PRODUCT('part_0030__01','part_0030__01','',(#58));
#58 = PRODUCT_CONTEXT('',#2,'mechanical');
#59 = PRODUCT_DEFINITION_CONTEXT('part definition',#2,'design');
#60 = ADVANCED_BREP_SHAPE_REPRESENTATION('',(#11,#61),#571);
#61 = MANIFOLD_SOLID_BREP('',#62);
#62 = CLOSED_SHELL('',(#63,#183,#259,#330,#357,#446,#453,#508,#563,#567)
  );
#63 = ADVANCED_FACE('',(#64),#78,.F.);
#64 = FACE_BOUND('',#65,.F.);
#65 = EDGE_LOOP('',(#66,#101,#129,#157));
#66 = ORIENTED_EDGE('',*,*,#67,.T.);
#67 = EDGE_CURVE('',#68,#70,#72,.T.);
#68 = VERTEX_POINT('',#69);
#69 = CARTESIAN_POINT('',(0.,4.425,0.));
#70 = VERTEX_POINT('',#71);
#71 = CARTESIAN_POINT('',(0.,4.425,8.));
#72 = SURFACE_CURVE('',#73,(#77,#89),.PCURVE_S1.);
#73 = LINE('',#74,#75);
#74 = CARTESIAN_POINT('',(0.,4.425,0.));
#75 = VECTOR('',#76,1.);
#76 = DIRECTION('',(0.,0.,1.));
#77 = PCURVE('',#78,#83);
#78 = PLANE('',#79);
#79 = AXIS2_PLACEMENT_3D('',#80,#81,#82);
#80 = CARTESIAN_POINT('',(0.,4.425,0.));
#81 = DIRECTION('',(0.315159229133,0.949038808633,-0.));
#82 = DIRECTION('',(0.949038808633,-0.315159229133,0.));
#83 = DEFINITIONAL_REPRESENTATION('',(#84),#88);
#84 = LINE('',#85,#86);
#85 = CARTESIAN_POINT('',(0.,0.));
#86 = VECTOR('',#87,1.);
#87 = DIRECTION('',(0.,-1.));
#88 = ( GEOMETRIC_REPRESENTATION_CONTEXT(2) 
PARAMETRIC_REPRESENTATION_CONTEXT() REPRESENTATION_CONTEXT('2D SPACE',''
  ) );
#89 = PCURVE('',#90,#95);
#90 = PLANE('',#91);
#91 = AXIS2_PLACEMENT_3D('',#92,#93,#94);
#92 = CARTESIAN_POINT('',(0.,31.325,0.));
#93 = DIRECTION('',(1.,0.,-0.));
#94 = DIRECTION('',(0.,-1.,0.));
#95 = DEFINITIONAL_REPRESENTATION('',(#96),#100);
#96 = LINE('',#97,#98);
#97 = CARTESIAN_POINT('',(26.9,0.));
#98 = VECTOR('',#99,1.);
#99 = DIRECTION('',(0.,-1.));
#100 = ( GEOMETRIC_REPRESENTATION_CONTEXT(2) 
PARAMETRIC_REPRESENTATION_CONTEXT() REPRESENTATION_CONTEXT('2D SPACE',''
  ) );
#101 = ORIENTED_EDGE('',*,*,#102,.T.);
#102 = EDGE_CURVE('',#70,#103,#105,.T.);
#103 = VERTEX_POINT('',#104);
#104 = CARTESIAN_POINT('',(13.325,0.,8.));
#105 = SURFACE_CURVE('',#106,(#110,#117),.PCURVE_S1.);
#106 = LINE('',#107,#108);
#107 = CARTESIAN_POINT('',(0.,4.425,8.));
#108 = VECTOR('',#109,1.);
#109 = DIRECTION('',(0.949038808633,-0.315159229133,0.));
#110 = PCURVE('',#78,#111);
#111 = DEFINITIONAL_REPRESENTATION('',(#112),#116);
#112 = LINE('',#113,#114);
#113 = CARTESIAN_POINT('',(0.,-8.));
#114 = VECTOR('',#115,1.);
#115 = DIRECTION('',(1.,0.));
#116 = ( GEOMETRIC_REPRESENTATION_CONTEXT(2) 
PARAMETRIC_REPRESENTATION_CONTEXT() REPRESENTATION_CONTEXT('2D SPACE',''
  ) );
#117 = PCURVE('',#118,#123);
#118 = PLANE('',#119);
#119 = AXIS2_PLACEMENT_3D('',#120,#121,#122);
#120 = CARTESIAN_POINT('',(6.6625,15.6625,8.));
#121 = DIRECTION('',(0.,0.,1.));
#122 = DIRECTION('',(1.,0.,0.));
#123 = DEFINITIONAL_REPRESENTATION('',(#124),#128);
#124 = LINE('',#125,#126);
#125 = CARTESIAN_POINT('',(-6.6625,-11.2375));
#126 = VECTOR('',#127,1.);
#127 = DIRECTION('',(0.949038808633,-0.315159229133));
#128 = ( GEOMETRIC_REPRESENTATION_CONTEXT(2) 
PARAMETRIC_REPRESENTATION_CONTEXT() REPRESENTATION_CONTEXT('2D SPACE',''
  ) );
#129 = ORIENTED_EDGE('',*,*,#130,.F.);
#130 = EDGE_CURVE('',#131,#103,#133,.T.);
#131 = VERTEX_POINT('',#132);
#132 = CARTESIAN_POINT('',(13.325,0.,0.));
#133 = SURFACE_CURVE('',#134,(#138,#145),.PCURVE_S1.);
#134 = LINE('',#135,#136);
#135 = CARTESIAN_POINT('',(13.325,0.,0.));
#136 = VECTOR('',#137,1.);
#137 = DIRECTION('',(0.,0.,1.));
#138 = PCURVE('',#78,#139);
#139 = DEFINITIONAL_REPRESENTATION('',(#140),#144);
#140 = LINE('',#141,#142);
#141 = CARTESIAN_POINT('',(14.040521713954,0.));
#142 = VECTOR('',#143,1.);
#143 = DIRECTION('',(0.,-1.));
#144 = ( GEOMETRIC_REPRESENTATION_CONTEXT(2) 
PARAMETRIC_REPRESENTATION_CONTEXT() REPRESENTATION_CONTEXT('2D SPACE',''
  ) );
#145 = PCURVE('',#146,#151);
#146 = PLANE('',#147);
#147 = AXIS2_PLACEMENT_3D('',#148,#149,#150);
#148 = CARTESIAN_POINT('',(13.325,0.,0.));
#149 = DIRECTION('',(-1.,0.,0.));
#150 = DIRECTION('',(0.,1.,0.));
#151 = DEFINITIONAL_REPRESENTATION('',(#152),#156);
#152 = LINE('',#153,#154);
#153 = CARTESIAN_POINT('',(0.,0.));
#154 = VECTOR('',#155,1.);
#155 = DIRECTION('',(0.,-1.));
#156 = ( GEOMETRIC_REPRESENTATION_CONTEXT(2) 
PARAMETRIC_REPRESENTATION_CONTEXT() REPRESENTATION_CONTEXT('2D SPACE',''
  ) );
#157 = ORIENTED_EDGE('',*,*,#158,.F.);
#158 = EDGE_CURVE('',#68,#131,#159,.T.);
#159 = SURFACE_CURVE('',#160,(#164,#171),.PCURVE_S1.);
#160 = LINE('',#161,#162);
#161 = CARTESIAN_POINT('',(0.,4.425,0.));
#162 = VECTOR('',#163,1.);
#163 = DIRECTION('',(0.949038808633,-0.315159229133,0.));
#164 = PCURVE('',#78,#165);
#165 = DEFINITIONAL_REPRESENTATION('',(#166),#170);
#166 = LINE('',#167,#168);
#167 = CARTESIAN_POINT('',(0.,0.));
#168 = VECTOR('',#169,1.);
#169 = DIRECTION('',(1.,0.));
#170 = ( GEOMETRIC_REPRESENTATION_CONTEXT(2) 
PARAMETRIC_REPRESENTATION_CONTEXT() REPRESENTATION_CONTEXT('2D SPACE',''
  ) );
#171 = PCURVE('',#172,#177);
#172 = PLANE('',#173);
#173 = AXIS2_PLACEMENT_3D('',#174,#175,#176);
#174 = CARTESIAN_POINT('',(6.6625,15.6625,0.));
#175 = DIRECTION('',(0.,0.,1.));
#176 = DIRECTION('',(1.,0.,0.));
#177 = DEFINITIONAL_REPRESENTATION('',(#178),#182);
#178 = LINE('',#179,#180);
#179 = CARTESIAN_POINT('',(-6.6625,-11.2375));
#180 = VECTOR('',#181,1.);
#181 = DIRECTION('',(0.949038808633,-0.315159229133));
#182 = ( GEOMETRIC_REPRESENTATION_CONTEXT(2) 
PARAMETRIC_REPRESENTATION_CONTEXT() REPRESENTATION_CONTEXT('2D SPACE',''
  ) );
#183 = ADVANCED_FACE('',(#184),#90,.F.);
#184 = FACE_BOUND('',#185,.F.);
#185 = EDGE_LOOP('',(#186,#216,#237,#238));
#186 = ORIENTED_EDGE('',*,*,#187,.T.);
#187 = EDGE_CURVE('',#188,#190,#192,.T.);
#188 = VERTEX_POINT('',#189);
#189 = CARTESIAN_POINT('',(0.,31.325,0.));
#190 = VERTEX_POINT('',#191);
#191 = CARTESIAN_POINT('',(0.,31.325,8.));
#192 = SURFACE_CURVE('',#193,(#197,#204),.PCURVE_S1.);
#193 = LINE('',#194,#195);
#194 = CARTESIAN_POINT('',(0.,31.325,0.));
#195 = VECTOR('',#196,1.);
#196 = DIRECTION('',(0.,0.,1.));
#197 = PCURVE('',#90,#198);
#198 = DEFINITIONAL_REPRESENTATION('',(#199),#203);
#199 = LINE('',#200,#201);
#200 = CARTESIAN_POINT('',(0.,0.));
#201 = VECTOR('',#202,1.);
#202 = DIRECTION('',(0.,-1.));
#203 = ( GEOMETRIC_REPRESENTATION_CONTEXT(2) 
PARAMETRIC_REPRESENTATION_CONTEXT() REPRESENTATION_CONTEXT('2D SPACE',''
  ) );
#204 = PCURVE('',#205,#210);
#205 = PLANE('',#206);
#206 = AXIS2_PLACEMENT_3D('',#207,#208,#209);
#207 = CARTESIAN_POINT('',(13.325,26.9,0.));
#208 = DIRECTION('',(-0.315159229133,-0.949038808633,0.));
#209 = DIRECTION('',(-0.949038808633,0.315159229133,0.));
#210 = DEFINITIONAL_REPRESENTATION('',(#211),#215);
#211 = LINE('',#212,#213);
#212 = CARTESIAN_POINT('',(14.040521713954,0.));
#213 = VECTOR('',#214,1.);
#214 = DIRECTION('',(0.,-1.));
#215 = ( GEOMETRIC_REPRESENTATION_CONTEXT(2) 
PARAMETRIC_REPRESENTATION_CONTEXT() REPRESENTATION_CONTEXT('2D SPACE',''
  ) );
#216 = ORIENTED_EDGE('',*,*,#217,.T.);
#217 = EDGE_CURVE('',#190,#70,#218,.T.);
#218 = SURFACE_CURVE('',#219,(#223,#230),.PCURVE_S1.);
#219 = LINE('',#220,#221);
#220 = CARTESIAN_POINT('',(0.,31.325,8.));
#221 = VECTOR('',#222,1.);
#222 = DIRECTION('',(0.,-1.,0.));
#223 = PCURVE('',#90,#224);
#224 = DEFINITIONAL_REPRESENTATION('',(#225),#229);
#225 = LINE('',#226,#227);
#226 = CARTESIAN_POINT('',(0.,-8.));
#227 = VECTOR('',#228,1.);
#228 = DIRECTION('',(1.,0.));
#229 = ( GEOMETRIC_REPRESENTATION_CONTEXT(2) 
PARAMETRIC_REPRESENTATION_CONTEXT() REPRESENTATION_CONTEXT('2D SPACE',''
  ) );
#230 = PCURVE('',#118,#231);
#231 = DEFINITIONAL_REPRESENTATION('',(#232),#236);
#232 = LINE('',#233,#234);
#233 = CARTESIAN_POINT('',(-6.6625,15.6625));
#234 = VECTOR('',#235,1.);
#235 = DIRECTION('',(0.,-1.));
#236 = ( GEOMETRIC_REPRESENTATION_CONTEXT(2) 
PARAMETRIC_REPRESENTATION_CONTEXT() REPRESENTATION_CONTEXT('2D SPACE',''
  ) );
#237 = ORIENTED_EDGE('',*,*,#67,.F.);
#238 = ORIENTED_EDGE('',*,*,#239,.F.);
#239 = EDGE_CURVE('',#188,#68,#240,.T.);
#240 = SURFACE_CURVE('',#241,(#245,#252),.PCURVE_S1.);
#241 = LINE('',#242,#243);
#242 = CARTESIAN_POINT('',(0.,31.325,0.));
#243 = VECTOR('',#244,1.);
#244 = DIRECTION('',(0.,-1.,0.));
#245 = PCURVE('',#90,#246);
#246 = DEFINITIONAL_REPRESENTATION('',(#247),#251);
#247 = LINE('',#248,#249);
#248 = CARTESIAN_POINT('',(0.,0.));
#249 = VECTOR('',#250,1.);
#250 = DIRECTION('',(1.,0.));
#251 = ( GEOMETRIC_REPRESENTATION_CONTEXT(2) 
PARAMETRIC_REPRESENTATION_CONTEXT() REPRESENTATION_CONTEXT('2D SPACE',''
  ) );
#252 = PCURVE('',#172,#253);
#253 = DEFINITIONAL_REPRESENTATION('',(#254),#258);
#254 = LINE('',#255,#256);
#255 = CARTESIAN_POINT('',(-6.6625,15.6625));
#256 = VECTOR('',#257,1.);
#257 = DIRECTION('',(0.,-1.));
#258 = ( GEOMETRIC_REPRESENTATION_CONTEXT(2) 
PARAMETRIC_REPRESENTATION_CONTEXT() REPRESENTATION_CONTEXT('2D SPACE',''
  ) );
#259 = ADVANCED_FACE('',(#260),#146,.F.);
#260 = FACE_BOUND('',#261,.F.);
#261 = EDGE_LOOP('',(#262,#263,#286,#309));
#262 = ORIENTED_EDGE('',*,*,#130,.T.);
#263 = ORIENTED_EDGE('',*,*,#264,.T.);
#264 = EDGE_CURVE('',#103,#265,#267,.T.);
#265 = VERTEX_POINT('',#266);
#266 = CARTESIAN_POINT('',(13.325,26.9,8.));
#267 = SURFACE_CURVE('',#268,(#272,#279),.PCURVE_S1.);
#268 = LINE('',#269,#270);
#269 = CARTESIAN_POINT('',(13.325,0.,8.));
#270 = VECTOR('',#271,1.);
#271 = DIRECTION('',(0.,1.,0.));
#272 = PCURVE('',#146,#273);
#273 = DEFINITIONAL_REPRESENTATION('',(#274),#278);
#274 = LINE('',#275,#276);
#275 = CARTESIAN_POINT('',(0.,-8.));
#276 = VECTOR('',#277,1.);
#277 = DIRECTION('',(1.,0.));
#278 = ( GEOMETRIC_REPRESENTATION_CONTEXT(2) 
PARAMETRIC_REPRESENTATION_CONTEXT() REPRESENTATION_CONTEXT('2D SPACE',''
  ) );
#279 = PCURVE('',#118,#280);
#280 = DEFINITIONAL_REPRESENTATION('',(#281),#285);
#281 = LINE('',#282,#283);
#282 = CARTESIAN_POINT('',(6.6625,-15.6625));
#283 = VECTOR('',#284,1.);
#284 = DIRECTION('',(0.,1.));
#285 = ( GEOMETRIC_REPRESENTATION_CONTEXT(2) 
PARAMETRIC_REPRESENTATION_CONTEXT() REPRESENTATION_CONTEXT('2D SPACE',''
  ) );
#286 = ORIENTED_EDGE('',*,*,#287,.F.);
#287 = EDGE_CURVE('',#288,#265,#290,.T.);
#288 = VERTEX_POINT('',#289);
#289 = CARTESIAN_POINT('',(13.325,26.9,0.));
#290 = SURFACE_CURVE('',#291,(#295,#302),.PCURVE_S1.);
#291 = LINE('',#292,#293);
#292 = CARTESIAN_POINT('',(13.325,26.9,0.));
#293 = VECTOR('',#294,1.);
#294 = DIRECTION('',(0.,0.,1.));
#295 = PCURVE('',#146,#296);
#296 = DEFINITIONAL_REPRESENTATION('',(#297),#301);
#297 = LINE('',#298,#299);
#298 = CARTESIAN_POINT('',(26.9,0.));
#299 = VECTOR('',#300,1.);
#300 = DIRECTION('',(0.,-1.));
#301 = ( GEOMETRIC_REPRESENTATION_CONTEXT(2) 
PARAMETRIC_REPRESENTATION_CONTEXT() REPRESENTATION_CONTEXT('2D SPACE',''
  ) );
#302 = PCURVE('',#205,#303);
#303 = DEFINITIONAL_REPRESENTATION('',(#304),#308);
#304 = LINE('',#305,#306);
#305 = CARTESIAN_POINT('',(0.,0.));
#306 = VECTOR('',#307,1.);
#307 = DIRECTION('',(0.,-1.));
#308 = ( GEOMETRIC_REPRESENTATION_CONTEXT(2) 
PARAMETRIC_REPRESENTATION_CONTEXT() REPRESENTATION_CONTEXT('2D SPACE',''
  ) );
#309 = ORIENTED_EDGE('',*,*,#310,.F.);
#310 = EDGE_CURVE('',#131,#288,#311,.T.);
#311 = SURFACE_CURVE('',#312,(#316,#323),.PCURVE_S1.);
#312 = LINE('',#313,#314);
#313 = CARTESIAN_POINT('',(13.325,0.,0.));
#314 = VECTOR('',#315,1.);
#315 = DIRECTION('',(0.,1.,0.));
#316 = PCURVE('',#146,#317);
#317 = DEFINITIONAL_REPRESENTATION('',(#318),#322);
#318 = LINE('',#319,#320);
#319 = CARTESIAN_POINT('',(0.,0.));
#320 = VECTOR('',#321,1.);
#321 = DIRECTION('',(1.,0.));
#322 = ( GEOMETRIC_REPRESENTATION_CONTEXT(2) 
PARAMETRIC_REPRESENTATION_CONTEXT() REPRESENTATION_CONTEXT('2D SPACE',''
  ) );
#323 = PCURVE('',#172,#324);
#324 = DEFINITIONAL_REPRESENTATION('',(#325),#329);
#325 = LINE('',#326,#327);
#326 = CARTESIAN_POINT('',(6.6625,-15.6625));
#327 = VECTOR('',#328,1.);
#328 = DIRECTION('',(0.,1.));
#329 = ( GEOMETRIC_REPRESENTATION_CONTEXT(2) 
PARAMETRIC_REPRESENTATION_CONTEXT() REPRESENTATION_CONTEXT('2D SPACE',''
  ) );
#330 = ADVANCED_FACE('',(#331),#172,.F.);
#331 = FACE_BOUND('',#332,.F.);
#332 = EDGE_LOOP('',(#333,#334,#335,#356));
#333 = ORIENTED_EDGE('',*,*,#158,.T.);
#334 = ORIENTED_EDGE('',*,*,#310,.T.);
#335 = ORIENTED_EDGE('',*,*,#336,.T.);
#336 = EDGE_CURVE('',#288,#188,#337,.T.);
#337 = SURFACE_CURVE('',#338,(#342,#349),.PCURVE_S1.);
#338 = LINE('',#339,#340);
#339 = CARTESIAN_POINT('',(13.325,26.9,0.));
#340 = VECTOR('',#341,1.);
#341 = DIRECTION('',(-0.949038808633,0.315159229133,0.));
#342 = PCURVE('',#172,#343);
#343 = DEFINITIONAL_REPRESENTATION('',(#344),#348);
#344 = LINE('',#345,#346);
#345 = CARTESIAN_POINT('',(6.6625,11.2375));
#346 = VECTOR('',#347,1.);
#347 = DIRECTION('',(-0.949038808633,0.315159229133));
#348 = ( GEOMETRIC_REPRESENTATION_CONTEXT(2) 
PARAMETRIC_REPRESENTATION_CONTEXT() REPRESENTATION_CONTEXT('2D SPACE',''
  ) );
#349 = PCURVE('',#205,#350);
#350 = DEFINITIONAL_REPRESENTATION('',(#351),#355);
#351 = LINE('',#352,#353);
#352 = CARTESIAN_POINT('',(0.,0.));
#353 = VECTOR('',#354,1.);
#354 = DIRECTION('',(1.,0.));
#355 = ( GEOMETRIC_REPRESENTATION_CONTEXT(2) 
PARAMETRIC_REPRESENTATION_CONTEXT() REPRESENTATION_CONTEXT('2D SPACE',''
  ) );
#356 = ORIENTED_EDGE('',*,*,#239,.T.);
#357 = ADVANCED_FACE('',(#358,#384,#415),#118,.T.);
#358 = FACE_BOUND('',#359,.T.);
#359 = EDGE_LOOP('',(#360,#361,#362,#383));
#360 = ORIENTED_EDGE('',*,*,#102,.T.);
#361 = ORIENTED_EDGE('',*,*,#264,.T.);
#362 = ORIENTED_EDGE('',*,*,#363,.T.);
#363 = EDGE_CURVE('',#265,#190,#364,.T.);
#364 = SURFACE_CURVE('',#365,(#369,#376),.PCURVE_S1.);
#365 = LINE('',#366,#367);
#366 = CARTESIAN_POINT('',(13.325,26.9,8.));
#367 = VECTOR('',#368,1.);
#368 = DIRECTION('',(-0.949038808633,0.315159229133,0.));
#369 = PCURVE('',#118,#370);
#370 = DEFINITIONAL_REPRESENTATION('',(#371),#375);
#371 = LINE('',#372,#373);
#372 = CARTESIAN_POINT('',(6.6625,11.2375));
#373 = VECTOR('',#374,1.);
#374 = DIRECTION('',(-0.949038808633,0.315159229133));
#375 = ( GEOMETRIC_REPRESENTATION_CONTEXT(2) 
PARAMETRIC_REPRESENTATION_CONTEXT() REPRESENTATION_CONTEXT('2D SPACE',''
  ) );
#376 = PCURVE('',#205,#377);
#377 = DEFINITIONAL_REPRESENTATION('',(#378),#382);
#378 = LINE('',#379,#380);
#379 = CARTESIAN_POINT('',(0.,-8.));
#380 = VECTOR('',#381,1.);
#381 = DIRECTION('',(1.,0.));
#382 = ( GEOMETRIC_REPRESENTATION_CONTEXT(2) 
PARAMETRIC_REPRESENTATION_CONTEXT() REPRESENTATION_CONTEXT('2D SPACE',''
  ) );
#383 = ORIENTED_EDGE('',*,*,#217,.T.);
#384 = FACE_BOUND('',#385,.T.);
#385 = EDGE_LOOP('',(#386));
#386 = ORIENTED_EDGE('',*,*,#387,.F.);
#387 = EDGE_CURVE('',#388,#388,#390,.T.);
#388 = VERTEX_POINT('',#389);
#389 = CARTESIAN_POINT('',(6.145,8.593111,8.));
#390 = SURFACE_CURVE('',#391,(#396,#403),.PCURVE_S1.);
#391 = CIRCLE('',#392,1.8);
#392 = AXIS2_PLACEMENT_3D('',#393,#394,#395);
#393 = CARTESIAN_POINT('',(4.345,8.593111,8.));
#394 = DIRECTION('',(0.,0.,1.));
#395 = DIRECTION('',(1.,0.,0.));
#396 = PCURVE('',#118,#397);
#397 = DEFINITIONAL_REPRESENTATION('',(#398),#402);
#398 = CIRCLE('',#399,1.8);
#399 = AXIS2_PLACEMENT_2D('',#400,#401);
#400 = CARTESIAN_POINT('',(-2.3175,-7.069389));
#401 = DIRECTION('',(1.,0.));
#402 = ( GEOMETRIC_REPRESENTATION_CONTEXT(2) 
PARAMETRIC_REPRESENTATION_CONTEXT() REPRESENTATION_CONTEXT('2D SPACE',''
  ) );
#403 = PCURVE('',#404,#409);
#404 = CONICAL_SURFACE('',#405,1.8,8.314123188844E-02);
#405 = AXIS2_PLACEMENT_3D('',#406,#407,#408);
#406 = CARTESIAN_POINT('',(4.345,8.593111,8.));
#407 = DIRECTION('',(-0.,-0.,-1.));
#408 = DIRECTION('',(1.,0.,0.));
#409 = DEFINITIONAL_REPRESENTATION('',(#410),#414);
#410 = LINE('',#411,#412);
#411 = CARTESIAN_POINT('',(-0.,-0.));
#412 = VECTOR('',#413,1.);
#413 = DIRECTION('',(-1.,-0.));
#414 = ( GEOMETRIC_REPRESENTATION_CONTEXT(2) 
PARAMETRIC_REPRESENTATION_CONTEXT() REPRESENTATION_CONTEXT('2D SPACE',''
  ) );
#415 = FACE_BOUND('',#416,.T.);
#416 = EDGE_LOOP('',(#417));
#417 = ORIENTED_EDGE('',*,*,#418,.F.);
#418 = EDGE_CURVE('',#419,#419,#421,.T.);
#419 = VERTEX_POINT('',#420);
#420 = CARTESIAN_POINT('',(10.78,22.731889,8.));
#421 = SURFACE_CURVE('',#422,(#427,#434),.PCURVE_S1.);
#422 = CIRCLE('',#423,1.8);
#423 = AXIS2_PLACEMENT_3D('',#424,#425,#426);
#424 = CARTESIAN_POINT('',(8.98,22.731889,8.));
#425 = DIRECTION('',(0.,0.,1.));
#426 = DIRECTION('',(1.,0.,0.));
#427 = PCURVE('',#118,#428);
#428 = DEFINITIONAL_REPRESENTATION('',(#429),#433);
#429 = CIRCLE('',#430,1.8);
#430 = AXIS2_PLACEMENT_2D('',#431,#432);
#431 = CARTESIAN_POINT('',(2.3175,7.069389));
#432 = DIRECTION('',(1.,0.));
#433 = ( GEOMETRIC_REPRESENTATION_CONTEXT(2) 
PARAMETRIC_REPRESENTATION_CONTEXT() REPRESENTATION_CONTEXT('2D SPACE',''
  ) );
#434 = PCURVE('',#435,#440);
#435 = CONICAL_SURFACE('',#436,1.8,8.314123188844E-02);
#436 = AXIS2_PLACEMENT_3D('',#437,#438,#439);
#437 = CARTESIAN_POINT('',(8.98,22.731889,8.));
#438 = DIRECTION('',(-0.,-0.,-1.));
#439 = DIRECTION('',(1.,0.,0.));
#440 = DEFINITIONAL_REPRESENTATION('',(#441),#445);
#441 = LINE('',#442,#443);
#442 = CARTESIAN_POINT('',(-0.,-0.));
#443 = VECTOR('',#444,1.);
#444 = DIRECTION('',(-1.,-0.));
#445 = ( GEOMETRIC_REPRESENTATION_CONTEXT(2) 
PARAMETRIC_REPRESENTATION_CONTEXT() REPRESENTATION_CONTEXT('2D SPACE',''
  ) );
#446 = ADVANCED_FACE('',(#447),#205,.F.);
#447 = FACE_BOUND('',#448,.F.);
#448 = EDGE_LOOP('',(#449,#450,#451,#452));
#449 = ORIENTED_EDGE('',*,*,#287,.T.);
#450 = ORIENTED_EDGE('',*,*,#363,.T.);
#451 = ORIENTED_EDGE('',*,*,#187,.F.);
#452 = ORIENTED_EDGE('',*,*,#336,.F.);
#453 = ADVANCED_FACE('',(#454),#404,.T.);
#454 = FACE_BOUND('',#455,.T.);
#455 = EDGE_LOOP('',(#456,#485,#506,#507));
#456 = ORIENTED_EDGE('',*,*,#457,.F.);
#457 = EDGE_CURVE('',#458,#458,#460,.T.);
#458 = VERTEX_POINT('',#459);
#459 = CARTESIAN_POINT('',(5.895,8.593111,11.));
#460 = SURFACE_CURVE('',#461,(#466,#473),.PCURVE_S1.);
#461 = CIRCLE('',#462,1.55);
#462 = AXIS2_PLACEMENT_3D('',#463,#464,#465);
#463 = CARTESIAN_POINT('',(4.345,8.593111,11.));
#464 = DIRECTION('',(0.,0.,1.));
#465 = DIRECTION('',(1.,0.,0.));
#466 = PCURVE('',#404,#467);
#467 = DEFINITIONAL_REPRESENTATION('',(#468),#472);
#468 = LINE('',#469,#470);
#469 = CARTESIAN_POINT('',(-0.,-3.));
#470 = VECTOR('',#471,1.);
#471 = DIRECTION('',(-1.,-0.));
#472 = ( GEOMETRIC_REPRESENTATION_CONTEXT(2) 
PARAMETRIC_REPRESENTATION_CONTEXT() REPRESENTATION_CONTEXT('2D SPACE',''
  ) );
#473 = PCURVE('',#474,#479);
#474 = PLANE('',#475);
#475 = AXIS2_PLACEMENT_3D('',#476,#477,#478);
#476 = CARTESIAN_POINT('',(4.345,8.593111,11.));
#477 = DIRECTION('',(0.,0.,1.));
#478 = DIRECTION('',(1.,0.,0.));
#479 = DEFINITIONAL_REPRESENTATION('',(#480),#484);
#480 = CIRCLE('',#481,1.55);
#481 = AXIS2_PLACEMENT_2D('',#482,#483);
#482 = CARTESIAN_POINT('',(0.,0.));
#483 = DIRECTION('',(1.,0.));
#484 = ( GEOMETRIC_REPRESENTATION_CONTEXT(2) 
PARAMETRIC_REPRESENTATION_CONTEXT() REPRESENTATION_CONTEXT('2D SPACE',''
  ) );
#485 = ORIENTED_EDGE('',*,*,#486,.F.);
#486 = EDGE_CURVE('',#388,#458,#487,.T.);
#487 = SEAM_CURVE('',#488,(#492,#499),.PCURVE_S1.);
#488 = LINE('',#489,#490);
#489 = CARTESIAN_POINT('',(6.145,8.593111,8.));
#490 = VECTOR('',#491,1.);
#491 = DIRECTION('',(-8.304547985374E-02,2.034027621731E-17,
    0.996545758245));
#492 = PCURVE('',#404,#493);
#493 = DEFINITIONAL_REPRESENTATION('',(#494),#498);
#494 = LINE('',#495,#496);
#495 = CARTESIAN_POINT('',(-6.28318530718,0.));
#496 = VECTOR('',#497,1.);
#497 = DIRECTION('',(-0.,-1.));
#498 = ( GEOMETRIC_REPRESENTATION_CONTEXT(2) 
PARAMETRIC_REPRESENTATION_CONTEXT() REPRESENTATION_CONTEXT('2D SPACE',''
  ) );
#499 = PCURVE('',#404,#500);
#500 = DEFINITIONAL_REPRESENTATION('',(#501),#505);
#501 = LINE('',#502,#503);
#502 = CARTESIAN_POINT('',(0.,-0.));
#503 = VECTOR('',#504,1.);
#504 = DIRECTION('',(-0.,-1.));
#505 = ( GEOMETRIC_REPRESENTATION_CONTEXT(2) 
PARAMETRIC_REPRESENTATION_CONTEXT() REPRESENTATION_CONTEXT('2D SPACE',''
  ) );
#506 = ORIENTED_EDGE('',*,*,#387,.T.);
#507 = ORIENTED_EDGE('',*,*,#486,.T.);
#508 = ADVANCED_FACE('',(#509),#435,.T.);
#509 = FACE_BOUND('',#510,.T.);
#510 = EDGE_LOOP('',(#511,#540,#561,#562));
#511 = ORIENTED_EDGE('',*,*,#512,.F.);
#512 = EDGE_CURVE('',#513,#513,#515,.T.);
#513 = VERTEX_POINT('',#514);
#514 = CARTESIAN_POINT('',(10.53,22.731889,11.));
#515 = SURFACE_CURVE('',#516,(#521,#528),.PCURVE_S1.);
#516 = CIRCLE('',#517,1.55);
#517 = AXIS2_PLACEMENT_3D('',#518,#519,#520);
#518 = CARTESIAN_POINT('',(8.98,22.731889,11.));
#519 = DIRECTION('',(0.,0.,1.));
#520 = DIRECTION('',(1.,0.,0.));
#521 = PCURVE('',#435,#522);
#522 = DEFINITIONAL_REPRESENTATION('',(#523),#527);
#523 = LINE('',#524,#525);
#524 = CARTESIAN_POINT('',(-0.,-3.));
#525 = VECTOR('',#526,1.);
#526 = DIRECTION('',(-1.,-0.));
#527 = ( GEOMETRIC_REPRESENTATION_CONTEXT(2) 
PARAMETRIC_REPRESENTATION_CONTEXT() REPRESENTATION_CONTEXT('2D SPACE',''
  ) );
#528 = PCURVE('',#529,#534);
#529 = PLANE('',#530);
#530 = AXIS2_PLACEMENT_3D('',#531,#532,#533);
#531 = CARTESIAN_POINT('',(8.98,22.731889,11.));
#532 = DIRECTION('',(0.,0.,1.));
#533 = DIRECTION('',(1.,0.,0.));
#534 = DEFINITIONAL_REPRESENTATION('',(#535),#539);
#535 = CIRCLE('',#536,1.55);
#536 = AXIS2_PLACEMENT_2D('',#537,#538);
#537 = CARTESIAN_POINT('',(0.,0.));
#538 = DIRECTION('',(1.,0.));
#539 = ( GEOMETRIC_REPRESENTATION_CONTEXT(2) 
PARAMETRIC_REPRESENTATION_CONTEXT() REPRESENTATION_CONTEXT('2D SPACE',''
  ) );
#540 = ORIENTED_EDGE('',*,*,#541,.F.);
#541 = EDGE_CURVE('',#419,#513,#542,.T.);
#542 = SEAM_CURVE('',#543,(#547,#554),.PCURVE_S1.);
#543 = LINE('',#544,#545);
#544 = CARTESIAN_POINT('',(10.78,22.731889,8.));
#545 = VECTOR('',#546,1.);
#546 = DIRECTION('',(-8.304547985374E-02,2.034027621731E-17,
    0.996545758245));
#547 = PCURVE('',#435,#548);
#548 = DEFINITIONAL_REPRESENTATION('',(#549),#553);
#549 = LINE('',#550,#551);
#550 = CARTESIAN_POINT('',(-6.28318530718,0.));
#551 = VECTOR('',#552,1.);
#552 = DIRECTION('',(-0.,-1.));
#553 = ( GEOMETRIC_REPRESENTATION_CONTEXT(2) 
PARAMETRIC_REPRESENTATION_CONTEXT() REPRESENTATION_CONTEXT('2D SPACE',''
  ) );
#554 = PCURVE('',#435,#555);
#555 = DEFINITIONAL_REPRESENTATION('',(#556),#560);
#556 = LINE('',#557,#558);
#557 = CARTESIAN_POINT('',(0.,-0.));
#558 = VECTOR('',#559,1.);
#559 = DIRECTION('',(-0.,-1.));
#560 = ( GEOMETRIC_REPRESENTATION_CONTEXT(2) 
PARAMETRIC_REPRESENTATION_CONTEXT() REPRESENTATION_CONTEXT('2D SPACE',''
  ) );
#561 = ORIENTED_EDGE('',*,*,#418,.T.);
#562 = ORIENTED_EDGE('',*,*,#541,.T.);
#563 = ADVANCED_FACE('',(#564),#474,.T.);
#564 = FACE_BOUND('',#565,.T.);
#565 = EDGE_LOOP('',(#566));
#566 = ORIENTED_EDGE('',*,*,#457,.T.);
#567 = ADVANCED_FACE('',(#568),#529,.T.);
#568 = FACE_BOUND('',#569,.T.);
#569 = EDGE_LOOP('',(#570));
#570 = ORIENTED_EDGE('',*,*,#512,.T.);
#571 = ( GEOMETRIC_REPRESENTATION_CONTEXT(3) 
GLOBAL_UNCERTAINTY_ASSIGNED_CONTEXT((#575)) GLOBAL_UNIT_ASSIGNED_CONTEXT
((#572,#573,#574)) REPRESENTATION_CONTEXT('Context #1',
  '3D Context with UNIT and UNCERTAINTY') );
#572 = ( LENGTH_UNIT() NAMED_UNIT(*) SI_UNIT(.MILLI.,.METRE.) );
#573 = ( NAMED_UNIT(*) PLANE_ANGLE_UNIT() SI_UNIT($,.RADIAN.) );
#574 = ( NAMED_UNIT(*) SI_UNIT($,.STERADIAN.) SOLID_ANGLE_UNIT() );
#575 = UNCERTAINTY_MEASURE_WITH_UNIT(LENGTH_MEASURE(1.E-07),#572,
  'distance_accuracy_value','confusion accuracy');
#576 = CONTEXT_DEPENDENT_SHAPE_REPRESENTATION(#577,#579);
#577 = ( REPRESENTATION_RELATIONSHIP('','',#60,#10) 
REPRESENTATION_RELATIONSHIP_WITH_TRANSFORMATION(#578) 
SHAPE_REPRESENTATION_RELATIONSHIP() );
#578 = ITEM_DEFINED_TRANSFORMATION('','',#11,#15);
#579 = PRODUCT_DEFINITION_SHAPE('Placement','Placement of an item',#580
  );
#580 = NEXT_ASSEMBLY_USAGE_OCCURRENCE('1','part_0030__01','',#5,#55,$);
#581 = PRODUCT_RELATED_PRODUCT_CATEGORY('part',$,(#57));
#582 = SHAPE_DEFINITION_REPRESENTATION(#583,#589);
#583 = PRODUCT_DEFINITION_SHAPE('','',#584);
#584 = PRODUCT_DEFINITION('design','',#585,#588);
#585 = PRODUCT_DEFINITION_FORMATION('','',#586);
#586 = PRODUCT('part_0030__02','part_0030__02','',(#587));
#587 = PRODUCT_CONTEXT('',#2,'mechanical');
#588 = PRODUCT_DEFINITION_CONTEXT('part definition',#2,'design');
#589 = ADVANCED_BREP_SHAPE_REPRESENTATION('',(#11,#590),#1100);
#590 = MANIFOLD_SOLID_BREP('',#591);
#591 = CLOSED_SHELL('',(#592,#712,#788,#859,#886,#975,#982,#1037,#1092,
    #1096));
#592 = ADVANCED_FACE('',(#593),#607,.F.);
#593 = FACE_BOUND('',#594,.F.);
#594 = EDGE_LOOP('',(#595,#630,#658,#686));
#595 = ORIENTED_EDGE('',*,*,#596,.T.);
#596 = EDGE_CURVE('',#597,#599,#601,.T.);
#597 = VERTEX_POINT('',#598);
#598 = CARTESIAN_POINT('',(17.325,4.425,0.));
#599 = VERTEX_POINT('',#600);
#600 = CARTESIAN_POINT('',(17.325,4.425,8.));
#601 = SURFACE_CURVE('',#602,(#606,#618),.PCURVE_S1.);
#602 = LINE('',#603,#604);
#603 = CARTESIAN_POINT('',(17.325,4.425,0.));
#604 = VECTOR('',#605,1.);
#605 = DIRECTION('',(0.,0.,1.));
#606 = PCURVE('',#607,#612);
#607 = PLANE('',#608);
#608 = AXIS2_PLACEMENT_3D('',#609,#610,#611);
#609 = CARTESIAN_POINT('',(17.325,4.425,0.));
#610 = DIRECTION('',(0.315159229133,0.949038808633,-0.));
#611 = DIRECTION('',(0.949038808633,-0.315159229133,0.));
#612 = DEFINITIONAL_REPRESENTATION('',(#613),#617);
#613 = LINE('',#614,#615);
#614 = CARTESIAN_POINT('',(0.,0.));
#615 = VECTOR('',#616,1.);
#616 = DIRECTION('',(0.,-1.));
#617 = ( GEOMETRIC_REPRESENTATION_CONTEXT(2) 
PARAMETRIC_REPRESENTATION_CONTEXT() REPRESENTATION_CONTEXT('2D SPACE',''
  ) );
#618 = PCURVE('',#619,#624);
#619 = PLANE('',#620);
#620 = AXIS2_PLACEMENT_3D('',#621,#622,#623);
#621 = CARTESIAN_POINT('',(17.325,31.325,0.));
#622 = DIRECTION('',(1.,0.,-0.));
#623 = DIRECTION('',(0.,-1.,0.));
#624 = DEFINITIONAL_REPRESENTATION('',(#625),#629);
#625 = LINE('',#626,#627);
#626 = CARTESIAN_POINT('',(26.9,0.));
#627 = VECTOR('',#628,1.);
#628 = DIRECTION('',(0.,-1.));
#629 = ( GEOMETRIC_REPRESENTATION_CONTEXT(2) 
PARAMETRIC_REPRESENTATION_CONTEXT() REPRESENTATION_CONTEXT('2D SPACE',''
  ) );
#630 = ORIENTED_EDGE('',*,*,#631,.T.);
#631 = EDGE_CURVE('',#599,#632,#634,.T.);
#632 = VERTEX_POINT('',#633);
#633 = CARTESIAN_POINT('',(30.65,0.,8.));
#634 = SURFACE_CURVE('',#635,(#639,#646),.PCURVE_S1.);
#635 = LINE('',#636,#637);
#636 = CARTESIAN_POINT('',(17.325,4.425,8.));
#637 = VECTOR('',#638,1.);
#638 = DIRECTION('',(0.949038808633,-0.315159229133,0.));
#639 = PCURVE('',#607,#640);
#640 = DEFINITIONAL_REPRESENTATION('',(#641),#645);
#641 = LINE('',#642,#643);
#642 = CARTESIAN_POINT('',(0.,-8.));
#643 = VECTOR('',#644,1.);
#644 = DIRECTION('',(1.,0.));
#645 = ( GEOMETRIC_REPRESENTATION_CONTEXT(2) 
PARAMETRIC_REPRESENTATION_CONTEXT() REPRESENTATION_CONTEXT('2D SPACE',''
  ) );
#646 = PCURVE('',#647,#652);
#647 = PLANE('',#648);
#648 = AXIS2_PLACEMENT_3D('',#649,#650,#651);
#649 = CARTESIAN_POINT('',(23.9875,15.6625,8.));
#650 = DIRECTION('',(0.,0.,1.));
#651 = DIRECTION('',(1.,0.,0.));
#652 = DEFINITIONAL_REPRESENTATION('',(#653),#657);
#653 = LINE('',#654,#655);
#654 = CARTESIAN_POINT('',(-6.6625,-11.2375));
#655 = VECTOR('',#656,1.);
#656 = DIRECTION('',(0.949038808633,-0.315159229133));
#657 = ( GEOMETRIC_REPRESENTATION_CONTEXT(2) 
PARAMETRIC_REPRESENTATION_CONTEXT() REPRESENTATION_CONTEXT('2D SPACE',''
  ) );
#658 = ORIENTED_EDGE('',*,*,#659,.F.);
#659 = EDGE_CURVE('',#660,#632,#662,.T.);
#660 = VERTEX_POINT('',#661);
#661 = CARTESIAN_POINT('',(30.65,0.,0.));
#662 = SURFACE_CURVE('',#663,(#667,#674),.PCURVE_S1.);
#663 = LINE('',#664,#665);
#664 = CARTESIAN_POINT('',(30.65,0.,0.));
#665 = VECTOR('',#666,1.);
#666 = DIRECTION('',(0.,0.,1.));
#667 = PCURVE('',#607,#668);
#668 = DEFINITIONAL_REPRESENTATION('',(#669),#673);
#669 = LINE('',#670,#671);
#670 = CARTESIAN_POINT('',(14.040521713954,0.));
#671 = VECTOR('',#672,1.);
#672 = DIRECTION('',(0.,-1.));
#673 = ( GEOMETRIC_REPRESENTATION_CONTEXT(2) 
PARAMETRIC_REPRESENTATION_CONTEXT() REPRESENTATION_CONTEXT('2D SPACE',''
  ) );
#674 = PCURVE('',#675,#680);
#675 = PLANE('',#676);
#676 = AXIS2_PLACEMENT_3D('',#677,#678,#679);
#677 = CARTESIAN_POINT('',(30.65,0.,0.));
#678 = DIRECTION('',(-1.,0.,0.));
#679 = DIRECTION('',(0.,1.,0.));
#680 = DEFINITIONAL_REPRESENTATION('',(#681),#685);
#681 = LINE('',#682,#683);
#682 = CARTESIAN_POINT('',(0.,0.));
#683 = VECTOR('',#684,1.);
#684 = DIRECTION('',(0.,-1.));
#685 = ( GEOMETRIC_REPRESENTATION_CONTEXT(2) 
PARAMETRIC_REPRESENTATION_CONTEXT() REPRESENTATION_CONTEXT('2D SPACE',''
  ) );
#686 = ORIENTED_EDGE('',*,*,#687,.F.);
#687 = EDGE_CURVE('',#597,#660,#688,.T.);
#688 = SURFACE_CURVE('',#689,(#693,#700),.PCURVE_S1.);
#689 = LINE('',#690,#691);
#690 = CARTESIAN_POINT('',(17.325,4.425,0.));
#691 = VECTOR('',#692,1.);
#692 = DIRECTION('',(0.949038808633,-0.315159229133,0.));
#693 = PCURVE('',#607,#694);
#694 = DEFINITIONAL_REPRESENTATION('',(#695),#699);
#695 = LINE('',#696,#697);
#696 = CARTESIAN_POINT('',(0.,0.));
#697 = VECTOR('',#698,1.);
#698 = DIRECTION('',(1.,0.));
#699 = ( GEOMETRIC_REPRESENTATION_CONTEXT(2) 
PARAMETRIC_REPRESENTATION_CONTEXT() REPRESENTATION_CONTEXT('2D SPACE',''
  ) );
#700 = PCURVE('',#701,#706);
#701 = PLANE('',#702);
#702 = AXIS2_PLACEMENT_3D('',#703,#704,#705);
#703 = CARTESIAN_POINT('',(23.9875,15.6625,0.));
#704 = DIRECTION('',(0.,0.,1.));
#705 = DIRECTION('',(1.,0.,0.));
#706 = DEFINITIONAL_REPRESENTATION('',(#707),#711);
#707 = LINE('',#708,#709);
#708 = CARTESIAN_POINT('',(-6.6625,-11.2375));
#709 = VECTOR('',#710,1.);
#710 = DIRECTION('',(0.949038808633,-0.315159229133));
#711 = ( GEOMETRIC_REPRESENTATION_CONTEXT(2) 
PARAMETRIC_REPRESENTATION_CONTEXT() REPRESENTATION_CONTEXT('2D SPACE',''
  ) );
#712 = ADVANCED_FACE('',(#713),#619,.F.);
#713 = FACE_BOUND('',#714,.F.);
#714 = EDGE_LOOP('',(#715,#745,#766,#767));
#715 = ORIENTED_EDGE('',*,*,#716,.T.);
#716 = EDGE_CURVE('',#717,#719,#721,.T.);
#717 = VERTEX_POINT('',#718);
#718 = CARTESIAN_POINT('',(17.325,31.325,0.));
#719 = VERTEX_POINT('',#720);
#720 = CARTESIAN_POINT('',(17.325,31.325,8.));
#721 = SURFACE_CURVE('',#722,(#726,#733),.PCURVE_S1.);
#722 = LINE('',#723,#724);
#723 = CARTESIAN_POINT('',(17.325,31.325,0.));
#724 = VECTOR('',#725,1.);
#725 = DIRECTION('',(0.,0.,1.));
#726 = PCURVE('',#619,#727);
#727 = DEFINITIONAL_REPRESENTATION('',(#728),#732);
#728 = LINE('',#729,#730);
#729 = CARTESIAN_POINT('',(0.,0.));
#730 = VECTOR('',#731,1.);
#731 = DIRECTION('',(0.,-1.));
#732 = ( GEOMETRIC_REPRESENTATION_CONTEXT(2) 
PARAMETRIC_REPRESENTATION_CONTEXT() REPRESENTATION_CONTEXT('2D SPACE',''
  ) );
#733 = PCURVE('',#734,#739);
#734 = PLANE('',#735);
#735 = AXIS2_PLACEMENT_3D('',#736,#737,#738);
#736 = CARTESIAN_POINT('',(30.65,26.9,0.));
#737 = DIRECTION('',(-0.315159229133,-0.949038808633,0.));
#738 = DIRECTION('',(-0.949038808633,0.315159229133,0.));
#739 = DEFINITIONAL_REPRESENTATION('',(#740),#744);
#740 = LINE('',#741,#742);
#741 = CARTESIAN_POINT('',(14.040521713954,0.));
#742 = VECTOR('',#743,1.);
#743 = DIRECTION('',(0.,-1.));
#744 = ( GEOMETRIC_REPRESENTATION_CONTEXT(2) 
PARAMETRIC_REPRESENTATION_CONTEXT() REPRESENTATION_CONTEXT('2D SPACE',''
  ) );
#745 = ORIENTED_EDGE('',*,*,#746,.T.);
#746 = EDGE_CURVE('',#719,#599,#747,.T.);
#747 = SURFACE_CURVE('',#748,(#752,#759),.PCURVE_S1.);
#748 = LINE('',#749,#750);
#749 = CARTESIAN_POINT('',(17.325,31.325,8.));
#750 = VECTOR('',#751,1.);
#751 = DIRECTION('',(0.,-1.,0.));
#752 = PCURVE('',#619,#753);
#753 = DEFINITIONAL_REPRESENTATION('',(#754),#758);
#754 = LINE('',#755,#756);
#755 = CARTESIAN_POINT('',(0.,-8.));
#756 = VECTOR('',#757,1.);
#757 = DIRECTION('',(1.,0.));
#758 = ( GEOMETRIC_REPRESENTATION_CONTEXT(2) 
PARAMETRIC_REPRESENTATION_CONTEXT() REPRESENTATION_CONTEXT('2D SPACE',''
  ) );
#759 = PCURVE('',#647,#760);
#760 = DEFINITIONAL_REPRESENTATION('',(#761),#765);
#761 = LINE('',#762,#763);
#762 = CARTESIAN_POINT('',(-6.6625,15.6625));
#763 = VECTOR('',#764,1.);
#764 = DIRECTION('',(0.,-1.));
#765 = ( GEOMETRIC_REPRESENTATION_CONTEXT(2) 
PARAMETRIC_REPRESENTATION_CONTEXT() REPRESENTATION_CONTEXT('2D SPACE',''
  ) );
#766 = ORIENTED_EDGE('',*,*,#596,.F.);
#767 = ORIENTED_EDGE('',*,*,#768,.F.);
#768 = EDGE_CURVE('',#717,#597,#769,.T.);
#769 = SURFACE_CURVE('',#770,(#774,#781),.PCURVE_S1.);
#770 = LINE('',#771,#772);
#771 = CARTESIAN_POINT('',(17.325,31.325,0.));
#772 = VECTOR('',#773,1.);
#773 = DIRECTION('',(0.,-1.,0.));
#774 = PCURVE('',#619,#775);
#775 = DEFINITIONAL_REPRESENTATION('',(#776),#780);
#776 = LINE('',#777,#778);
#777 = CARTESIAN_POINT('',(0.,0.));
#778 = VECTOR('',#779,1.);
#779 = DIRECTION('',(1.,0.));
#780 = ( GEOMETRIC_REPRESENTATION_CONTEXT(2) 
PARAMETRIC_REPRESENTATION_CONTEXT() REPRESENTATION_CONTEXT('2D SPACE',''
  ) );
#781 = PCURVE('',#701,#782);
#782 = DEFINITIONAL_REPRESENTATION('',(#783),#787);
#783 = LINE('',#784,#785);
#784 = CARTESIAN_POINT('',(-6.6625,15.6625));
#785 = VECTOR('',#786,1.);
#786 = DIRECTION('',(0.,-1.));
#787 = ( GEOMETRIC_REPRESENTATION_CONTEXT(2) 
PARAMETRIC_REPRESENTATION_CONTEXT() REPRESENTATION_CONTEXT('2D SPACE',''
  ) );
#788 = ADVANCED_FACE('',(#789),#675,.F.);
#789 = FACE_BOUND('',#790,.F.);
#790 = EDGE_LOOP('',(#791,#792,#815,#838));
#791 = ORIENTED_EDGE('',*,*,#659,.T.);
#792 = ORIENTED_EDGE('',*,*,#793,.T.);
#793 = EDGE_CURVE('',#632,#794,#796,.T.);
#794 = VERTEX_POINT('',#795);
#795 = CARTESIAN_POINT('',(30.65,26.9,8.));
#796 = SURFACE_CURVE('',#797,(#801,#808),.PCURVE_S1.);
#797 = LINE('',#798,#799);
#798 = CARTESIAN_POINT('',(30.65,0.,8.));
#799 = VECTOR('',#800,1.);
#800 = DIRECTION('',(0.,1.,0.));
#801 = PCURVE('',#675,#802);
#802 = DEFINITIONAL_REPRESENTATION('',(#803),#807);
#803 = LINE('',#804,#805);
#804 = CARTESIAN_POINT('',(0.,-8.));
#805 = VECTOR('',#806,1.);
#806 = DIRECTION('',(1.,0.));
#807 = ( GEOMETRIC_REPRESENTATION_CONTEXT(2) 
PARAMETRIC_REPRESENTATION_CONTEXT() REPRESENTATION_CONTEXT('2D SPACE',''
  ) );
#808 = PCURVE('',#647,#809);
#809 = DEFINITIONAL_REPRESENTATION('',(#810),#814);
#810 = LINE('',#811,#812);
#811 = CARTESIAN_POINT('',(6.6625,-15.6625));
#812 = VECTOR('',#813,1.);
#813 = DIRECTION('',(0.,1.));
#814 = ( GEOMETRIC_REPRESENTATION_CONTEXT(2) 
PARAMETRIC_REPRESENTATION_CONTEXT() REPRESENTATION_CONTEXT('2D SPACE',''
  ) );
#815 = ORIENTED_EDGE('',*,*,#816,.F.);
#816 = EDGE_CURVE('',#817,#794,#819,.T.);
#817 = VERTEX_POINT('',#818);
#818 = CARTESIAN_POINT('',(30.65,26.9,0.));
#819 = SURFACE_CURVE('',#820,(#824,#831),.PCURVE_S1.);
#820 = LINE('',#821,#822);
#821 = CARTESIAN_POINT('',(30.65,26.9,0.));
#822 = VECTOR('',#823,1.);
#823 = DIRECTION('',(0.,0.,1.));
#824 = PCURVE('',#675,#825);
#825 = DEFINITIONAL_REPRESENTATION('',(#826),#830);
#826 = LINE('',#827,#828);
#827 = CARTESIAN_POINT('',(26.9,0.));
#828 = VECTOR('',#829,1.);
#829 = DIRECTION('',(0.,-1.));
#830 = ( GEOMETRIC_REPRESENTATION_CONTEXT(2) 
PARAMETRIC_REPRESENTATION_CONTEXT() REPRESENTATION_CONTEXT('2D SPACE',''
  ) );
#831 = PCURVE('',#734,#832);
#832 = DEFINITIONAL_REPRESENTATION('',(#833),#837);
#833 = LINE('',#834,#835);
#834 = CARTESIAN_POINT('',(0.,0.));
#835 = VECTOR('',#836,1.);
#836 = DIRECTION('',(0.,-1.));
#837 = ( GEOMETRIC_REPRESENTATION_CONTEXT(2) 
PARAMETRIC_REPRESENTATION_CONTEXT() REPRESENTATION_CONTEXT('2D SPACE',''
  ) );
#838 = ORIENTED_EDGE('',*,*,#839,.F.);
#839 = EDGE_CURVE('',#660,#817,#840,.T.);
#840 = SURFACE_CURVE('',#841,(#845,#852),.PCURVE_S1.);
#841 = LINE('',#842,#843);
#842 = CARTESIAN_POINT('',(30.65,0.,0.));
#843 = VECTOR('',#844,1.);
#844 = DIRECTION('',(0.,1.,0.));
#845 = PCURVE('',#675,#846);
#846 = DEFINITIONAL_REPRESENTATION('',(#847),#851);
#847 = LINE('',#848,#849);
#848 = CARTESIAN_POINT('',(0.,0.));
#849 = VECTOR('',#850,1.);
#850 = DIRECTION('',(1.,0.));
#851 = ( GEOMETRIC_REPRESENTATION_CONTEXT(2) 
PARAMETRIC_REPRESENTATION_CONTEXT() REPRESENTATION_CONTEXT('2D SPACE',''
  ) );
#852 = PCURVE('',#701,#853);
#853 = DEFINITIONAL_REPRESENTATION('',(#854),#858);
#854 = LINE('',#855,#856);
#855 = CARTESIAN_POINT('',(6.6625,-15.6625));
#856 = VECTOR('',#857,1.);
#857 = DIRECTION('',(0.,1.));
#858 = ( GEOMETRIC_REPRESENTATION_CONTEXT(2) 
PARAMETRIC_REPRESENTATION_CONTEXT() REPRESENTATION_CONTEXT('2D SPACE',''
  ) );
#859 = ADVANCED_FACE('',(#860),#701,.F.);
#860 = FACE_BOUND('',#861,.F.);
#861 = EDGE_LOOP('',(#862,#863,#864,#885));
#862 = ORIENTED_EDGE('',*,*,#687,.T.);
#863 = ORIENTED_EDGE('',*,*,#839,.T.);
#864 = ORIENTED_EDGE('',*,*,#865,.T.);
#865 = EDGE_CURVE('',#817,#717,#866,.T.);
#866 = SURFACE_CURVE('',#867,(#871,#878),.PCURVE_S1.);
#867 = LINE('',#868,#869);
#868 = CARTESIAN_POINT('',(30.65,26.9,0.));
#869 = VECTOR('',#870,1.);
#870 = DIRECTION('',(-0.949038808633,0.315159229133,0.));
#871 = PCURVE('',#701,#872);
#872 = DEFINITIONAL_REPRESENTATION('',(#873),#877);
#873 = LINE('',#874,#875);
#874 = CARTESIAN_POINT('',(6.6625,11.2375));
#875 = VECTOR('',#876,1.);
#876 = DIRECTION('',(-0.949038808633,0.315159229133));
#877 = ( GEOMETRIC_REPRESENTATION_CONTEXT(2) 
PARAMETRIC_REPRESENTATION_CONTEXT() REPRESENTATION_CONTEXT('2D SPACE',''
  ) );
#878 = PCURVE('',#734,#879);
#879 = DEFINITIONAL_REPRESENTATION('',(#880),#884);
#880 = LINE('',#881,#882);
#881 = CARTESIAN_POINT('',(0.,0.));
#882 = VECTOR('',#883,1.);
#883 = DIRECTION('',(1.,0.));
#884 = ( GEOMETRIC_REPRESENTATION_CONTEXT(2) 
PARAMETRIC_REPRESENTATION_CONTEXT() REPRESENTATION_CONTEXT('2D SPACE',''
  ) );
#885 = ORIENTED_EDGE('',*,*,#768,.T.);
#886 = ADVANCED_FACE('',(#887,#913,#944),#647,.T.);
#887 = FACE_BOUND('',#888,.T.);
#888 = EDGE_LOOP('',(#889,#890,#891,#912));
#889 = ORIENTED_EDGE('',*,*,#631,.T.);
#890 = ORIENTED_EDGE('',*,*,#793,.T.);
#891 = ORIENTED_EDGE('',*,*,#892,.T.);
#892 = EDGE_CURVE('',#794,#719,#893,.T.);
#893 = SURFACE_CURVE('',#894,(#898,#905),.PCURVE_S1.);
#894 = LINE('',#895,#896);
#895 = CARTESIAN_POINT('',(30.65,26.9,8.));
#896 = VECTOR('',#897,1.);
#897 = DIRECTION('',(-0.949038808633,0.315159229133,0.));
#898 = PCURVE('',#647,#899);
#899 = DEFINITIONAL_REPRESENTATION('',(#900),#904);
#900 = LINE('',#901,#902);
#901 = CARTESIAN_POINT('',(6.6625,11.2375));
#902 = VECTOR('',#903,1.);
#903 = DIRECTION('',(-0.949038808633,0.315159229133));
#904 = ( GEOMETRIC_REPRESENTATION_CONTEXT(2) 
PARAMETRIC_REPRESENTATION_CONTEXT() REPRESENTATION_CONTEXT('2D SPACE',''
  ) );
#905 = PCURVE('',#734,#906);
#906 = DEFINITIONAL_REPRESENTATION('',(#907),#911);
#907 = LINE('',#908,#909);
#908 = CARTESIAN_POINT('',(0.,-8.));
#909 = VECTOR('',#910,1.);
#910 = DIRECTION('',(1.,0.));
#911 = ( GEOMETRIC_REPRESENTATION_CONTEXT(2) 
PARAMETRIC_REPRESENTATION_CONTEXT() REPRESENTATION_CONTEXT('2D SPACE',''
  ) );
#912 = ORIENTED_EDGE('',*,*,#746,.T.);
#913 = FACE_BOUND('',#914,.T.);
#914 = EDGE_LOOP('',(#915));
#915 = ORIENTED_EDGE('',*,*,#916,.F.);
#916 = EDGE_CURVE('',#917,#917,#919,.T.);
#917 = VERTEX_POINT('',#918);
#918 = CARTESIAN_POINT('',(23.47,8.593111,8.));
#919 = SURFACE_CURVE('',#920,(#925,#932),.PCURVE_S1.);
#920 = CIRCLE('',#921,1.8);
#921 = AXIS2_PLACEMENT_3D('',#922,#923,#924);
#922 = CARTESIAN_POINT('',(21.67,8.593111,8.));
#923 = DIRECTION('',(0.,0.,1.));
#924 = DIRECTION('',(1.,0.,0.));
#925 = PCURVE('',#647,#926);
#926 = DEFINITIONAL_REPRESENTATION('',(#927),#931);
#927 = CIRCLE('',#928,1.8);
#928 = AXIS2_PLACEMENT_2D('',#929,#930);
#929 = CARTESIAN_POINT('',(-2.3175,-7.069389));
#930 = DIRECTION('',(1.,0.));
#931 = ( GEOMETRIC_REPRESENTATION_CONTEXT(2) 
PARAMETRIC_REPRESENTATION_CONTEXT() REPRESENTATION_CONTEXT('2D SPACE',''
  ) );
#932 = PCURVE('',#933,#938);
#933 = CONICAL_SURFACE('',#934,1.8,8.314123188844E-02);
#934 = AXIS2_PLACEMENT_3D('',#935,#936,#937);
#935 = CARTESIAN_POINT('',(21.67,8.593111,8.));
#936 = DIRECTION('',(-0.,-0.,-1.));
#937 = DIRECTION('',(1.,0.,0.));
#938 = DEFINITIONAL_REPRESENTATION('',(#939),#943);
#939 = LINE('',#940,#941);
#940 = CARTESIAN_POINT('',(-0.,-0.));
#941 = VECTOR('',#942,1.);
#942 = DIRECTION('',(-1.,-0.));
#943 = ( GEOMETRIC_REPRESENTATION_CONTEXT(2) 
PARAMETRIC_REPRESENTATION_CONTEXT() REPRESENTATION_CONTEXT('2D SPACE',''
  ) );
#944 = FACE_BOUND('',#945,.T.);
#945 = EDGE_LOOP('',(#946));
#946 = ORIENTED_EDGE('',*,*,#947,.F.);
#947 = EDGE_CURVE('',#948,#948,#950,.T.);
#948 = VERTEX_POINT('',#949);
#949 = CARTESIAN_POINT('',(28.105,22.731889,8.));
#950 = SURFACE_CURVE('',#951,(#956,#963),.PCURVE_S1.);
#951 = CIRCLE('',#952,1.8);
#952 = AXIS2_PLACEMENT_3D('',#953,#954,#955);
#953 = CARTESIAN_POINT('',(26.305,22.731889,8.));
#954 = DIRECTION('',(0.,0.,1.));
#955 = DIRECTION('',(1.,0.,0.));
#956 = PCURVE('',#647,#957);
#957 = DEFINITIONAL_REPRESENTATION('',(#958),#962);
#958 = CIRCLE('',#959,1.8);
#959 = AXIS2_PLACEMENT_2D('',#960,#961);
#960 = CARTESIAN_POINT('',(2.3175,7.069389));
#961 = DIRECTION('',(1.,0.));
#962 = ( GEOMETRIC_REPRESENTATION_CONTEXT(2) 
PARAMETRIC_REPRESENTATION_CONTEXT() REPRESENTATION_CONTEXT('2D SPACE',''
  ) );
#963 = PCURVE('',#964,#969);
#964 = CONICAL_SURFACE('',#965,1.8,8.314123188844E-02);
#965 = AXIS2_PLACEMENT_3D('',#966,#967,#968);
#966 = CARTESIAN_POINT('',(26.305,22.731889,8.));
#967 = DIRECTION('',(-0.,-0.,-1.));
#968 = DIRECTION('',(1.,0.,0.));
#969 = DEFINITIONAL_REPRESENTATION('',(#970),#974);
#970 = LINE('',#971,#972);
#971 = CARTESIAN_POINT('',(-0.,-0.));
#972 = VECTOR('',#973,1.);
#973 = DIRECTION('',(-1.,-0.));
#974 = ( GEOMETRIC_REPRESENTATION_CONTEXT(2) 
PARAMETRIC_REPRESENTATION_CONTEXT() REPRESENTATION_CONTEXT('2D SPACE',''
  ) );
#975 = ADVANCED_FACE('',(#976),#734,.F.);
#976 = FACE_BOUND('',#977,.F.);
#977 = EDGE_LOOP('',(#978,#979,#980,#981));
#978 = ORIENTED_EDGE('',*,*,#816,.T.);
#979 = ORIENTED_EDGE('',*,*,#892,.T.);
#980 = ORIENTED_EDGE('',*,*,#716,.F.);
#981 = ORIENTED_EDGE('',*,*,#865,.F.);
#982 = ADVANCED_FACE('',(#983),#933,.T.);
#983 = FACE_BOUND('',#984,.T.);
#984 = EDGE_LOOP('',(#985,#1014,#1035,#1036));
#985 = ORIENTED_EDGE('',*,*,#986,.F.);
#986 = EDGE_CURVE('',#987,#987,#989,.T.);
#987 = VERTEX_POINT('',#988);
#988 = CARTESIAN_POINT('',(23.22,8.593111,11.));
#989 = SURFACE_CURVE('',#990,(#995,#1002),.PCURVE_S1.);
#990 = CIRCLE('',#991,1.55);
#991 = AXIS2_PLACEMENT_3D('',#992,#993,#994);
#992 = CARTESIAN_POINT('',(21.67,8.593111,11.));
#993 = DIRECTION('',(0.,0.,1.));
#994 = DIRECTION('',(1.,0.,0.));
#995 = PCURVE('',#933,#996);
#996 = DEFINITIONAL_REPRESENTATION('',(#997),#1001);
#997 = LINE('',#998,#999);
#998 = CARTESIAN_POINT('',(-0.,-3.));
#999 = VECTOR('',#1000,1.);
#1000 = DIRECTION('',(-1.,-0.));
#1001 = ( GEOMETRIC_REPRESENTATION_CONTEXT(2) 
PARAMETRIC_REPRESENTATION_CONTEXT() REPRESENTATION_CONTEXT('2D SPACE',''
  ) );
#1002 = PCURVE('',#1003,#1008);
#1003 = PLANE('',#1004);
#1004 = AXIS2_PLACEMENT_3D('',#1005,#1006,#1007);
#1005 = CARTESIAN_POINT('',(21.67,8.593111,11.));
#1006 = DIRECTION('',(0.,0.,1.));
#1007 = DIRECTION('',(1.,0.,0.));
#1008 = DEFINITIONAL_REPRESENTATION('',(#1009),#1013);
#1009 = CIRCLE('',#1010,1.55);
#1010 = AXIS2_PLACEMENT_2D('',#1011,#1012);
#1011 = CARTESIAN_POINT('',(0.,0.));
#1012 = DIRECTION('',(1.,0.));
#1013 = ( GEOMETRIC_REPRESENTATION_CONTEXT(2) 
PARAMETRIC_REPRESENTATION_CONTEXT() REPRESENTATION_CONTEXT('2D SPACE',''
  ) );
#1014 = ORIENTED_EDGE('',*,*,#1015,.F.);
#1015 = EDGE_CURVE('',#917,#987,#1016,.T.);
#1016 = SEAM_CURVE('',#1017,(#1021,#1028),.PCURVE_S1.);
#1017 = LINE('',#1018,#1019);
#1018 = CARTESIAN_POINT('',(23.47,8.593111,8.));
#1019 = VECTOR('',#1020,1.);
#1020 = DIRECTION('',(-8.304547985374E-02,2.034027621731E-17,
    0.996545758245));
#1021 = PCURVE('',#933,#1022);
#1022 = DEFINITIONAL_REPRESENTATION('',(#1023),#1027);
#1023 = LINE('',#1024,#1025);
#1024 = CARTESIAN_POINT('',(-6.28318530718,0.));
#1025 = VECTOR('',#1026,1.);
#1026 = DIRECTION('',(-0.,-1.));
#1027 = ( GEOMETRIC_REPRESENTATION_CONTEXT(2) 
PARAMETRIC_REPRESENTATION_CONTEXT() REPRESENTATION_CONTEXT('2D SPACE',''
  ) );
#1028 = PCURVE('',#933,#1029);
#1029 = DEFINITIONAL_REPRESENTATION('',(#1030),#1034);
#1030 = LINE('',#1031,#1032);
#1031 = CARTESIAN_POINT('',(0.,-0.));
#1032 = VECTOR('',#1033,1.);
#1033 = DIRECTION('',(-0.,-1.));
#1034 = ( GEOMETRIC_REPRESENTATION_CONTEXT(2) 
PARAMETRIC_REPRESENTATION_CONTEXT() REPRESENTATION_CONTEXT('2D SPACE',''
  ) );
#1035 = ORIENTED_EDGE('',*,*,#916,.T.);
#1036 = ORIENTED_EDGE('',*,*,#1015,.T.);
#1037 = ADVANCED_FACE('',(#1038),#964,.T.);
#1038 = FACE_BOUND('',#1039,.T.);
#1039 = EDGE_LOOP('',(#1040,#1069,#1090,#1091));
#1040 = ORIENTED_EDGE('',*,*,#1041,.F.);
#1041 = EDGE_CURVE('',#1042,#1042,#1044,.T.);
#1042 = VERTEX_POINT('',#1043);
#1043 = CARTESIAN_POINT('',(27.855,22.731889,11.));
#1044 = SURFACE_CURVE('',#1045,(#1050,#1057),.PCURVE_S1.);
#1045 = CIRCLE('',#1046,1.55);
#1046 = AXIS2_PLACEMENT_3D('',#1047,#1048,#1049);
#1047 = CARTESIAN_POINT('',(26.305,22.731889,11.));
#1048 = DIRECTION('',(0.,0.,1.));
#1049 = DIRECTION('',(1.,0.,0.));
#1050 = PCURVE('',#964,#1051);
#1051 = DEFINITIONAL_REPRESENTATION('',(#1052),#1056);
#1052 = LINE('',#1053,#1054);
#1053 = CARTESIAN_POINT('',(-0.,-3.));
#1054 = VECTOR('',#1055,1.);
#1055 = DIRECTION('',(-1.,-0.));
#1056 = ( GEOMETRIC_REPRESENTATION_CONTEXT(2) 
PARAMETRIC_REPRESENTATION_CONTEXT() REPRESENTATION_CONTEXT('2D SPACE',''
  ) );
#1057 = PCURVE('',#1058,#1063);
#1058 = PLANE('',#1059);
#1059 = AXIS2_PLACEMENT_3D('',#1060,#1061,#1062);
#1060 = CARTESIAN_POINT('',(26.305,22.731889,11.));
#1061 = DIRECTION('',(0.,0.,1.));
#1062 = DIRECTION('',(1.,0.,0.));
#1063 = DEFINITIONAL_REPRESENTATION('',(#1064),#1068);
#1064 = CIRCLE('',#1065,1.55);
#1065 = AXIS2_PLACEMENT_2D('',#1066,#1067);
#1066 = CARTESIAN_POINT('',(0.,0.));
#1067 = DIRECTION('',(1.,0.));
#1068 = ( GEOMETRIC_REPRESENTATION_CONTEXT(2) 
PARAMETRIC_REPRESENTATION_CONTEXT() REPRESENTATION_CONTEXT('2D SPACE',''
  ) );
#1069 = ORIENTED_EDGE('',*,*,#1070,.F.);
#1070 = EDGE_CURVE('',#948,#1042,#1071,.T.);
#1071 = SEAM_CURVE('',#1072,(#1076,#1083),.PCURVE_S1.);
#1072 = LINE('',#1073,#1074);
#1073 = CARTESIAN_POINT('',(28.105,22.731889,8.));
#1074 = VECTOR('',#1075,1.);
#1075 = DIRECTION('',(-8.304547985374E-02,2.034027621731E-17,
    0.996545758245));
#1076 = PCURVE('',#964,#1077);
#1077 = DEFINITIONAL_REPRESENTATION('',(#1078),#1082);
#1078 = LINE('',#1079,#1080);
#1079 = CARTESIAN_POINT('',(-6.28318530718,0.));
#1080 = VECTOR('',#1081,1.);
#1081 = DIRECTION('',(-0.,-1.));
#1082 = ( GEOMETRIC_REPRESENTATION_CONTEXT(2) 
PARAMETRIC_REPRESENTATION_CONTEXT() REPRESENTATION_CONTEXT('2D SPACE',''
  ) );
#1083 = PCURVE('',#964,#1084);
#1084 = DEFINITIONAL_REPRESENTATION('',(#1085),#1089);
#1085 = LINE('',#1086,#1087);
#1086 = CARTESIAN_POINT('',(0.,-0.));
#1087 = VECTOR('',#1088,1.);
#1088 = DIRECTION('',(-0.,-1.));
#1089 = ( GEOMETRIC_REPRESENTATION_CONTEXT(2) 
PARAMETRIC_REPRESENTATION_CONTEXT() REPRESENTATION_CONTEXT('2D SPACE',''
  ) );
#1090 = ORIENTED_EDGE('',*,*,#947,.T.);
#1091 = ORIENTED_EDGE('',*,*,#1070,.T.);
#1092 = ADVANCED_FACE('',(#1093),#1003,.T.);
#1093 = FACE_BOUND('',#1094,.T.);
#1094 = EDGE_LOOP('',(#1095));
#1095 = ORIENTED_EDGE('',*,*,#986,.T.);
#1096 = ADVANCED_FACE('',(#1097),#1058,.T.);
#1097 = FACE_BOUND('',#1098,.T.);
#1098 = EDGE_LOOP('',(#1099));
#1099 = ORIENTED_EDGE('',*,*,#1041,.T.);
#1100 = ( GEOMETRIC_REPRESENTATION_CONTEXT(3) 
GLOBAL_UNCERTAINTY_ASSIGNED_CONTEXT((#1104)) 
GLOBAL_UNIT_ASSIGNED_CONTEXT((#1101,#1102,#1103)) REPRESENTATION_CONTEXT
('Context #1','3D Context with UNIT and UNCERTAINTY') );
#1101 = ( LENGTH_UNIT() NAMED_UNIT(*) SI_UNIT(.MILLI.,.METRE.) );
#1102 = ( NAMED_UNIT(*) PLANE_ANGLE_UNIT() SI_UNIT($,.RADIAN.) );
#1103 = ( NAMED_UNIT(*) SI_UNIT($,.STERADIAN.) SOLID_ANGLE_UNIT() );
#1104 = UNCERTAINTY_MEASURE_WITH_UNIT(LENGTH_MEASURE(1.E-07),#1101,
  'distance_accuracy_value','confusion accuracy');
#1105 = CONTEXT_DEPENDENT_SHAPE_REPRESENTATION(#1106,#1108);
#1106 = ( REPRESENTATION_RELATIONSHIP('','',#589,#10) 
REPRESENTATION_RELATIONSHIP_WITH_TRANSFORMATION(#1107) 
SHAPE_REPRESENTATION_RELATIONSHIP() );
#1107 = ITEM_DEFINED_TRANSFORMATION('','',#11,#19);
#1108 = PRODUCT_DEFINITION_SHAPE('Placement','Placement of an item',
  #1109);
#1109 = NEXT_ASSEMBLY_USAGE_OCCURRENCE('2','part_0030__02','',#5,#584,$
  );
#1110 = PRODUCT_RELATED_PRODUCT_CATEGORY('part',$,(#586));
#1111 = SHAPE_DEFINITION_REPRESENTATION(#1112,#1118);
#1112 = PRODUCT_DEFINITION_SHAPE('','',#1113);
#1113 = PRODUCT_DEFINITION('design','',#1114,#1117);
#1114 = PRODUCT_DEFINITION_FORMATION('','',#1115);
#1115 = PRODUCT('part_0030__03','part_0030__03','',(#1116));
#1116 = PRODUCT_CONTEXT('',#2,'mechanical');
#1117 = PRODUCT_DEFINITION_CONTEXT('part definition',#2,'design');
#1118 = ADVANCED_BREP_SHAPE_REPRESENTATION('',(#11,#1119),#1629);
#1119 = MANIFOLD_SOLID_BREP('',#1120);
#1120 = CLOSED_SHELL('',(#1121,#1241,#1317,#1388,#1415,#1504,#1511,#1566
    ,#1621,#1625));
#1121 = ADVANCED_FACE('',(#1122),#1136,.F.);
#1122 = FACE_BOUND('',#1123,.F.);
#1123 = EDGE_LOOP('',(#1124,#1159,#1187,#1215));
#1124 = ORIENTED_EDGE('',*,*,#1125,.T.);
#1125 = EDGE_CURVE('',#1126,#1128,#1130,.T.);
#1126 = VERTEX_POINT('',#1127);
#1127 = CARTESIAN_POINT('',(34.65,4.425,0.));
#1128 = VERTEX_POINT('',#1129);
#1129 = CARTESIAN_POINT('',(34.65,4.425,8.));
#1130 = SURFACE_CURVE('',#1131,(#1135,#1147),.PCURVE_S1.);
#1131 = LINE('',#1132,#1133);
#1132 = CARTESIAN_POINT('',(34.65,4.425,0.));
#1133 = VECTOR('',#1134,1.);
#1134 = DIRECTION('',(0.,0.,1.));
#1135 = PCURVE('',#1136,#1141);
#1136 = PLANE('',#1137);
#1137 = AXIS2_PLACEMENT_3D('',#1138,#1139,#1140);
#1138 = CARTESIAN_POINT('',(34.65,4.425,0.));
#1139 = DIRECTION('',(0.315159229133,0.949038808633,-0.));
#1140 = DIRECTION('',(0.949038808633,-0.315159229133,0.));
#1141 = DEFINITIONAL_REPRESENTATION('',(#1142),#1146);
#1142 = LINE('',#1143,#1144);
#1143 = CARTESIAN_POINT('',(0.,0.));
#1144 = VECTOR('',#1145,1.);
#1145 = DIRECTION('',(0.,-1.));
#1146 = ( GEOMETRIC_REPRESENTATION_CONTEXT(2) 
PARAMETRIC_REPRESENTATION_CONTEXT() REPRESENTATION_CONTEXT('2D SPACE',''
  ) );
#1147 = PCURVE('',#1148,#1153);
#1148 = PLANE('',#1149);
#1149 = AXIS2_PLACEMENT_3D('',#1150,#1151,#1152);
#1150 = CARTESIAN_POINT('',(34.65,31.325,0.));
#1151 = DIRECTION('',(1.,0.,-0.));
#1152 = DIRECTION('',(0.,-1.,0.));
#1153 = DEFINITIONAL_REPRESENTATION('',(#1154),#1158);
#1154 = LINE('',#1155,#1156);
#1155 = CARTESIAN_POINT('',(26.9,0.));
#1156 = VECTOR('',#1157,1.);
#1157 = DIRECTION('',(0.,-1.));
#1158 = ( GEOMETRIC_REPRESENTATION_CONTEXT(2) 
PARAMETRIC_REPRESENTATION_CONTEXT() REPRESENTATION_CONTEXT('2D SPACE',''
  ) );
#1159 = ORIENTED_EDGE('',*,*,#1160,.T.);
#1160 = EDGE_CURVE('',#1128,#1161,#1163,.T.);
#1161 = VERTEX_POINT('',#1162);
#1162 = CARTESIAN_POINT('',(47.975,0.,8.));
#1163 = SURFACE_CURVE('',#1164,(#1168,#1175),.PCURVE_S1.);
#1164 = LINE('',#1165,#1166);
#1165 = CARTESIAN_POINT('',(34.65,4.425,8.));
#1166 = VECTOR('',#1167,1.);
#1167 = DIRECTION('',(0.949038808633,-0.315159229133,0.));
#1168 = PCURVE('',#1136,#1169);
#1169 = DEFINITIONAL_REPRESENTATION('',(#1170),#1174);
#1170 = LINE('',#1171,#1172);
#1171 = CARTESIAN_POINT('',(0.,-8.));
#1172 = VECTOR('',#1173,1.);
#1173 = DIRECTION('',(1.,0.));
#1174 = ( GEOMETRIC_REPRESENTATION_CONTEXT(2) 
PARAMETRIC_REPRESENTATION_CONTEXT() REPRESENTATION_CONTEXT('2D SPACE',''
  ) );
#1175 = PCURVE('',#1176,#1181);
#1176 = PLANE('',#1177);
#1177 = AXIS2_PLACEMENT_3D('',#1178,#1179,#1180);
#1178 = CARTESIAN_POINT('',(41.3125,15.6625,8.));
#1179 = DIRECTION('',(0.,0.,1.));
#1180 = DIRECTION('',(1.,0.,0.));
#1181 = DEFINITIONAL_REPRESENTATION('',(#1182),#1186);
#1182 = LINE('',#1183,#1184);
#1183 = CARTESIAN_POINT('',(-6.6625,-11.2375));
#1184 = VECTOR('',#1185,1.);
#1185 = DIRECTION('',(0.949038808633,-0.315159229133));
#1186 = ( GEOMETRIC_REPRESENTATION_CONTEXT(2) 
PARAMETRIC_REPRESENTATION_CONTEXT() REPRESENTATION_CONTEXT('2D SPACE',''
  ) );
#1187 = ORIENTED_EDGE('',*,*,#1188,.F.);
#1188 = EDGE_CURVE('',#1189,#1161,#1191,.T.);
#1189 = VERTEX_POINT('',#1190);
#1190 = CARTESIAN_POINT('',(47.975,0.,0.));
#1191 = SURFACE_CURVE('',#1192,(#1196,#1203),.PCURVE_S1.);
#1192 = LINE('',#1193,#1194);
#1193 = CARTESIAN_POINT('',(47.975,0.,0.));
#1194 = VECTOR('',#1195,1.);
#1195 = DIRECTION('',(0.,0.,1.));
#1196 = PCURVE('',#1136,#1197);
#1197 = DEFINITIONAL_REPRESENTATION('',(#1198),#1202);
#1198 = LINE('',#1199,#1200);
#1199 = CARTESIAN_POINT('',(14.040521713954,0.));
#1200 = VECTOR('',#1201,1.);
#1201 = DIRECTION('',(0.,-1.));
#1202 = ( GEOMETRIC_REPRESENTATION_CONTEXT(2) 
PARAMETRIC_REPRESENTATION_CONTEXT() REPRESENTATION_CONTEXT('2D SPACE',''
  ) );
#1203 = PCURVE('',#1204,#1209);
#1204 = PLANE('',#1205);
#1205 = AXIS2_PLACEMENT_3D('',#1206,#1207,#1208);
#1206 = CARTESIAN_POINT('',(47.975,0.,0.));
#1207 = DIRECTION('',(-1.,0.,0.));
#1208 = DIRECTION('',(0.,1.,0.));
#1209 = DEFINITIONAL_REPRESENTATION('',(#1210),#1214);
#1210 = LINE('',#1211,#1212);
#1211 = CARTESIAN_POINT('',(0.,0.));
#1212 = VECTOR('',#1213,1.);
#1213 = DIRECTION('',(0.,-1.));
#1214 = ( GEOMETRIC_REPRESENTATION_CONTEXT(2) 
PARAMETRIC_REPRESENTATION_CONTEXT() REPRESENTATION_CONTEXT('2D SPACE',''
  ) );
#1215 = ORIENTED_EDGE('',*,*,#1216,.F.);
#1216 = EDGE_CURVE('',#1126,#1189,#1217,.T.);
#1217 = SURFACE_CURVE('',#1218,(#1222,#1229),.PCURVE_S1.);
#1218 = LINE('',#1219,#1220);
#1219 = CARTESIAN_POINT('',(34.65,4.425,0.));
#1220 = VECTOR('',#1221,1.);
#1221 = DIRECTION('',(0.949038808633,-0.315159229133,0.));
#1222 = PCURVE('',#1136,#1223);
#1223 = DEFINITIONAL_REPRESENTATION('',(#1224),#1228);
#1224 = LINE('',#1225,#1226);
#1225 = CARTESIAN_POINT('',(0.,0.));
#1226 = VECTOR('',#1227,1.);
#1227 = DIRECTION('',(1.,0.));
#1228 = ( GEOMETRIC_REPRESENTATION_CONTEXT(2) 
PARAMETRIC_REPRESENTATION_CONTEXT() REPRESENTATION_CONTEXT('2D SPACE',''
  ) );
#1229 = PCURVE('',#1230,#1235);
#1230 = PLANE('',#1231);
#1231 = AXIS2_PLACEMENT_3D('',#1232,#1233,#1234);
#1232 = CARTESIAN_POINT('',(41.3125,15.6625,0.));
#1233 = DIRECTION('',(0.,0.,1.));
#1234 = DIRECTION('',(1.,0.,0.));
#1235 = DEFINITIONAL_REPRESENTATION('',(#1236),#1240);
#1236 = LINE('',#1237,#1238);
#1237 = CARTESIAN_POINT('',(-6.6625,-11.2375));
#1238 = VECTOR('',#1239,1.);
#1239 = DIRECTION('',(0.949038808633,-0.315159229133));
#1240 = ( GEOMETRIC_REPRESENTATION_CONTEXT(2) 
PARAMETRIC_REPRESENTATION_CONTEXT() REPRESENTATION_CONTEXT('2D SPACE',''
  ) );
#1241 = ADVANCED_FACE('',(#1242),#1148,.F.);
#1242 = FACE_BOUND('',#1243,.F.);
#1243 = EDGE_LOOP('',(#1244,#1274,#1295,#1296));
#1244 = ORIENTED_EDGE('',*,*,#1245,.T.);
#1245 = EDGE_CURVE('',#1246,#1248,#1250,.T.);
#1246 = VERTEX_POINT('',#1247);
#1247 = CARTESIAN_POINT('',(34.65,31.325,0.));
#1248 = VERTEX_POINT('',#1249);
#1249 = CARTESIAN_POINT('',(34.65,31.325,8.));
#1250 = SURFACE_CURVE('',#1251,(#1255,#1262),.PCURVE_S1.);
#1251 = LINE('',#1252,#1253);
#1252 = CARTESIAN_POINT('',(34.65,31.325,0.));
#1253 = VECTOR('',#1254,1.);
#1254 = DIRECTION('',(0.,0.,1.));
#1255 = PCURVE('',#1148,#1256);
#1256 = DEFINITIONAL_REPRESENTATION('',(#1257),#1261);
#1257 = LINE('',#1258,#1259);
#1258 = CARTESIAN_POINT('',(0.,0.));
#1259 = VECTOR('',#1260,1.);
#1260 = DIRECTION('',(0.,-1.));
#1261 = ( GEOMETRIC_REPRESENTATION_CONTEXT(2) 
PARAMETRIC_REPRESENTATION_CONTEXT() REPRESENTATION_CONTEXT('2D SPACE',''
  ) );
#1262 = PCURVE('',#1263,#1268);
#1263 = PLANE('',#1264);
#1264 = AXIS2_PLACEMENT_3D('',#1265,#1266,#1267);
#1265 = CARTESIAN_POINT('',(47.975,26.9,0.));
#1266 = DIRECTION('',(-0.315159229133,-0.949038808633,0.));
#1267 = DIRECTION('',(-0.949038808633,0.315159229133,0.));
#1268 = DEFINITIONAL_REPRESENTATION('',(#1269),#1273);
#1269 = LINE('',#1270,#1271);
#1270 = CARTESIAN_POINT('',(14.040521713954,0.));
#1271 = VECTOR('',#1272,1.);
#1272 = DIRECTION('',(0.,-1.));
#1273 = ( GEOMETRIC_REPRESENTATION_CONTEXT(2) 
PARAMETRIC_REPRESENTATION_CONTEXT() REPRESENTATION_CONTEXT('2D SPACE',''
  ) );
#1274 = ORIENTED_EDGE('',*,*,#1275,.T.);
#1275 = EDGE_CURVE('',#1248,#1128,#1276,.T.);
#1276 = SURFACE_CURVE('',#1277,(#1281,#1288),.PCURVE_S1.);
#1277 = LINE('',#1278,#1279);
#1278 = CARTESIAN_POINT('',(34.65,31.325,8.));
#1279 = VECTOR('',#1280,1.);
#1280 = DIRECTION('',(0.,-1.,0.));
#1281 = PCURVE('',#1148,#1282);
#1282 = DEFINITIONAL_REPRESENTATION('',(#1283),#1287);
#1283 = LINE('',#1284,#1285);
#1284 = CARTESIAN_POINT('',(0.,-8.));
#1285 = VECTOR('',#1286,1.);
#1286 = DIRECTION('',(1.,0.));
#1287 = ( GEOMETRIC_REPRESENTATION_CONTEXT(2) 
PARAMETRIC_REPRESENTATION_CONTEXT() REPRESENTATION_CONTEXT('2D SPACE',''
  ) );
#1288 = PCURVE('',#1176,#1289);
#1289 = DEFINITIONAL_REPRESENTATION('',(#1290),#1294);
#1290 = LINE('',#1291,#1292);
#1291 = CARTESIAN_POINT('',(-6.6625,15.6625));
#1292 = VECTOR('',#1293,1.);
#1293 = DIRECTION('',(0.,-1.));
#1294 = ( GEOMETRIC_REPRESENTATION_CONTEXT(2) 
PARAMETRIC_REPRESENTATION_CONTEXT() REPRESENTATION_CONTEXT('2D SPACE',''
  ) );
#1295 = ORIENTED_EDGE('',*,*,#1125,.F.);
#1296 = ORIENTED_EDGE('',*,*,#1297,.F.);
#1297 = EDGE_CURVE('',#1246,#1126,#1298,.T.);
#1298 = SURFACE_CURVE('',#1299,(#1303,#1310),.PCURVE_S1.);
#1299 = LINE('',#1300,#1301);
#1300 = CARTESIAN_POINT('',(34.65,31.325,0.));
#1301 = VECTOR('',#1302,1.);
#1302 = DIRECTION('',(0.,-1.,0.));
#1303 = PCURVE('',#1148,#1304);
#1304 = DEFINITIONAL_REPRESENTATION('',(#1305),#1309);
#1305 = LINE('',#1306,#1307);
#1306 = CARTESIAN_POINT('',(0.,0.));
#1307 = VECTOR('',#1308,1.);
#1308 = DIRECTION('',(1.,0.));
#1309 = ( GEOMETRIC_REPRESENTATION_CONTEXT(2) 
PARAMETRIC_REPRESENTATION_CONTEXT() REPRESENTATION_CONTEXT('2D SPACE',''
  ) );
#1310 = PCURVE('',#1230,#1311);
#1311 = DEFINITIONAL_REPRESENTATION('',(#1312),#1316);
#1312 = LINE('',#1313,#1314);
#1313 = CARTESIAN_POINT('',(-6.6625,15.6625));
#1314 = VECTOR('',#1315,1.);
#1315 = DIRECTION('',(0.,-1.));
#1316 = ( GEOMETRIC_REPRESENTATION_CONTEXT(2) 
PARAMETRIC_REPRESENTATION_CONTEXT() REPRESENTATION_CONTEXT('2D SPACE',''
  ) );
#1317 = ADVANCED_FACE('',(#1318),#1204,.F.);
#1318 = FACE_BOUND('',#1319,.F.);
#1319 = EDGE_LOOP('',(#1320,#1321,#1344,#1367));
#1320 = ORIENTED_EDGE('',*,*,#1188,.T.);
#1321 = ORIENTED_EDGE('',*,*,#1322,.T.);
#1322 = EDGE_CURVE('',#1161,#1323,#1325,.T.);
#1323 = VERTEX_POINT('',#1324);
#1324 = CARTESIAN_POINT('',(47.975,26.9,8.));
#1325 = SURFACE_CURVE('',#1326,(#1330,#1337),.PCURVE_S1.);
#1326 = LINE('',#1327,#1328);
#1327 = CARTESIAN_POINT('',(47.975,0.,8.));
#1328 = VECTOR('',#1329,1.);
#1329 = DIRECTION('',(0.,1.,0.));
#1330 = PCURVE('',#1204,#1331);
#1331 = DEFINITIONAL_REPRESENTATION('',(#1332),#1336);
#1332 = LINE('',#1333,#1334);
#1333 = CARTESIAN_POINT('',(0.,-8.));
#1334 = VECTOR('',#1335,1.);
#1335 = DIRECTION('',(1.,0.));
#1336 = ( GEOMETRIC_REPRESENTATION_CONTEXT(2) 
PARAMETRIC_REPRESENTATION_CONTEXT() REPRESENTATION_CONTEXT('2D SPACE',''
  ) );
#1337 = PCURVE('',#1176,#1338);
#1338 = DEFINITIONAL_REPRESENTATION('',(#1339),#1343);
#1339 = LINE('',#1340,#1341);
#1340 = CARTESIAN_POINT('',(6.6625,-15.6625));
#1341 = VECTOR('',#1342,1.);
#1342 = DIRECTION('',(0.,1.));
#1343 = ( GEOMETRIC_REPRESENTATION_CONTEXT(2) 
PARAMETRIC_REPRESENTATION_CONTEXT() REPRESENTATION_CONTEXT('2D SPACE',''
  ) );
#1344 = ORIENTED_EDGE('',*,*,#1345,.F.);
#1345 = EDGE_CURVE('',#1346,#1323,#1348,.T.);
#1346 = VERTEX_POINT('',#1347);
#1347 = CARTESIAN_POINT('',(47.975,26.9,0.));
#1348 = SURFACE_CURVE('',#1349,(#1353,#1360),.PCURVE_S1.);
#1349 = LINE('',#1350,#1351);
#1350 = CARTESIAN_POINT('',(47.975,26.9,0.));
#1351 = VECTOR('',#1352,1.);
#1352 = DIRECTION('',(0.,0.,1.));
#1353 = PCURVE('',#1204,#1354);
#1354 = DEFINITIONAL_REPRESENTATION('',(#1355),#1359);
#1355 = LINE('',#1356,#1357);
#1356 = CARTESIAN_POINT('',(26.9,0.));
#1357 = VECTOR('',#1358,1.);
#1358 = DIRECTION('',(0.,-1.));
#1359 = ( GEOMETRIC_REPRESENTATION_CONTEXT(2) 
PARAMETRIC_REPRESENTATION_CONTEXT() REPRESENTATION_CONTEXT('2D SPACE',''
  ) );
#1360 = PCURVE('',#1263,#1361);
#1361 = DEFINITIONAL_REPRESENTATION('',(#1362),#1366);
#1362 = LINE('',#1363,#1364);
#1363 = CARTESIAN_POINT('',(0.,0.));
#1364 = VECTOR('',#1365,1.);
#1365 = DIRECTION('',(0.,-1.));
#1366 = ( GEOMETRIC_REPRESENTATION_CONTEXT(2) 
PARAMETRIC_REPRESENTATION_CONTEXT() REPRESENTATION_CONTEXT('2D SPACE',''
  ) );
#1367 = ORIENTED_EDGE('',*,*,#1368,.F.);
#1368 = EDGE_CURVE('',#1189,#1346,#1369,.T.);
#1369 = SURFACE_CURVE('',#1370,(#1374,#1381),.PCURVE_S1.);
#1370 = LINE('',#1371,#1372);
#1371 = CARTESIAN_POINT('',(47.975,0.,0.));
#1372 = VECTOR('',#1373,1.);
#1373 = DIRECTION('',(0.,1.,0.));
#1374 = PCURVE('',#1204,#1375);
#1375 = DEFINITIONAL_REPRESENTATION('',(#1376),#1380);
#1376 = LINE('',#1377,#1378);
#1377 = CARTESIAN_POINT('',(0.,0.));
#1378 = VECTOR('',#1379,1.);
#1379 = DIRECTION('',(1.,0.));
#1380 = ( GEOMETRIC_REPRESENTATION_CONTEXT(2) 
PARAMETRIC_REPRESENTATION_CONTEXT() REPRESENTATION_CONTEXT('2D SPACE',''
  ) );
#1381 = PCURVE('',#1230,#1382);
#1382 = DEFINITIONAL_REPRESENTATION('',(#1383),#1387);
#1383 = LINE('',#1384,#1385);
#1384 = CARTESIAN_POINT('',(6.6625,-15.6625));
#1385 = VECTOR('',#1386,1.);
#1386 = DIRECTION('',(0.,1.));
#1387 = ( GEOMETRIC_REPRESENTATION_CONTEXT(2) 
PARAMETRIC_REPRESENTATION_CONTEXT() REPRESENTATION_CONTEXT('2D SPACE',''
  ) );
#1388 = ADVANCED_FACE('',(#1389),#1230,.F.);
#1389 = FACE_BOUND('',#1390,.F.);
#1390 = EDGE_LOOP('',(#1391,#1392,#1393,#1414));
#1391 = ORIENTED_EDGE('',*,*,#1216,.T.);
#1392 = ORIENTED_EDGE('',*,*,#1368,.T.);
#1393 = ORIENTED_EDGE('',*,*,#1394,.T.);
#1394 = EDGE_CURVE('',#1346,#1246,#1395,.T.);
#1395 = SURFACE_CURVE('',#1396,(#1400,#1407),.PCURVE_S1.);
#1396 = LINE('',#1397,#1398);
#1397 = CARTESIAN_POINT('',(47.975,26.9,0.));
#1398 = VECTOR('',#1399,1.);
#1399 = DIRECTION('',(-0.949038808633,0.315159229133,0.));
#1400 = PCURVE('',#1230,#1401);
#1401 = DEFINITIONAL_REPRESENTATION('',(#1402),#1406);
#1402 = LINE('',#1403,#1404);
#1403 = CARTESIAN_POINT('',(6.6625,11.2375));
#1404 = VECTOR('',#1405,1.);
#1405 = DIRECTION('',(-0.949038808633,0.315159229133));
#1406 = ( GEOMETRIC_REPRESENTATION_CONTEXT(2) 
PARAMETRIC_REPRESENTATION_CONTEXT() REPRESENTATION_CONTEXT('2D SPACE',''
  ) );
#1407 = PCURVE('',#1263,#1408);
#1408 = DEFINITIONAL_REPRESENTATION('',(#1409),#1413);
#1409 = LINE('',#1410,#1411);
#1410 = CARTESIAN_POINT('',(0.,0.));
#1411 = VECTOR('',#1412,1.);
#1412 = DIRECTION('',(1.,0.));
#1413 = ( GEOMETRIC_REPRESENTATION_CONTEXT(2) 
PARAMETRIC_REPRESENTATION_CONTEXT() REPRESENTATION_CONTEXT('2D SPACE',''
  ) );
#1414 = ORIENTED_EDGE('',*,*,#1297,.T.);
#1415 = ADVANCED_FACE('',(#1416,#1442,#1473),#1176,.T.);
#1416 = FACE_BOUND('',#1417,.T.);
#1417 = EDGE_LOOP('',(#1418,#1419,#1420,#1441));
#1418 = ORIENTED_EDGE('',*,*,#1160,.T.);
#1419 = ORIENTED_EDGE('',*,*,#1322,.T.);
#1420 = ORIENTED_EDGE('',*,*,#1421,.T.);
#1421 = EDGE_CURVE('',#1323,#1248,#1422,.T.);
#1422 = SURFACE_CURVE('',#1423,(#1427,#1434),.PCURVE_S1.);
#1423 = LINE('',#1424,#1425);
#1424 = CARTESIAN_POINT('',(47.975,26.9,8.));
#1425 = VECTOR('',#1426,1.);
#1426 = DIRECTION('',(-0.949038808633,0.315159229133,0.));
#1427 = PCURVE('',#1176,#1428);
#1428 = DEFINITIONAL_REPRESENTATION('',(#1429),#1433);
#1429 = LINE('',#1430,#1431);
#1430 = CARTESIAN_POINT('',(6.6625,11.2375));
#1431 = VECTOR('',#1432,1.);
#1432 = DIRECTION('',(-0.949038808633,0.315159229133));
#1433 = ( GEOMETRIC_REPRESENTATION_CONTEXT(2) 
PARAMETRIC_REPRESENTATION_CONTEXT() REPRESENTATION_CONTEXT('2D SPACE',''
  ) );
#1434 = PCURVE('',#1263,#1435);
#1435 = DEFINITIONAL_REPRESENTATION('',(#1436),#1440);
#1436 = LINE('',#1437,#1438);
#1437 = CARTESIAN_POINT('',(0.,-8.));
#1438 = VECTOR('',#1439,1.);
#1439 = DIRECTION('',(1.,0.));
#1440 = ( GEOMETRIC_REPRESENTATION_CONTEXT(2) 
PARAMETRIC_REPRESENTATION_CONTEXT() REPRESENTATION_CONTEXT('2D SPACE',''
  ) );
#1441 = ORIENTED_EDGE('',*,*,#1275,.T.);
#1442 = FACE_BOUND('',#1443,.T.);
#1443 = EDGE_LOOP('',(#1444));
#1444 = ORIENTED_EDGE('',*,*,#1445,.F.);
#1445 = EDGE_CURVE('',#1446,#1446,#1448,.T.);
#1446 = VERTEX_POINT('',#1447);
#1447 = CARTESIAN_POINT('',(40.795,8.593111,8.));
#1448 = SURFACE_CURVE('',#1449,(#1454,#1461),.PCURVE_S1.);
#1449 = CIRCLE('',#1450,1.8);
#1450 = AXIS2_PLACEMENT_3D('',#1451,#1452,#1453);
#1451 = CARTESIAN_POINT('',(38.995,8.593111,8.));
#1452 = DIRECTION('',(0.,0.,1.));
#1453 = DIRECTION('',(1.,0.,0.));
#1454 = PCURVE('',#1176,#1455);
#1455 = DEFINITIONAL_REPRESENTATION('',(#1456),#1460);
#1456 = CIRCLE('',#1457,1.8);
#1457 = AXIS2_PLACEMENT_2D('',#1458,#1459);
#1458 = CARTESIAN_POINT('',(-2.3175,-7.069389));
#1459 = DIRECTION('',(1.,0.));
#1460 = ( GEOMETRIC_REPRESENTATION_CONTEXT(2) 
PARAMETRIC_REPRESENTATION_CONTEXT() REPRESENTATION_CONTEXT('2D SPACE',''
  ) );
#1461 = PCURVE('',#1462,#1467);
#1462 = CONICAL_SURFACE('',#1463,1.8,8.314123188844E-02);
#1463 = AXIS2_PLACEMENT_3D('',#1464,#1465,#1466);
#1464 = CARTESIAN_POINT('',(38.995,8.593111,8.));
#1465 = DIRECTION('',(-0.,-0.,-1.));
#1466 = DIRECTION('',(1.,0.,0.));
#1467 = DEFINITIONAL_REPRESENTATION('',(#1468),#1472);
#1468 = LINE('',#1469,#1470);
#1469 = CARTESIAN_POINT('',(-0.,-0.));
#1470 = VECTOR('',#1471,1.);
#1471 = DIRECTION('',(-1.,-0.));
#1472 = ( GEOMETRIC_REPRESENTATION_CONTEXT(2) 
PARAMETRIC_REPRESENTATION_CONTEXT() REPRESENTATION_CONTEXT('2D SPACE',''
  ) );
#1473 = FACE_BOUND('',#1474,.T.);
#1474 = EDGE_LOOP('',(#1475));
#1475 = ORIENTED_EDGE('',*,*,#1476,.F.);
#1476 = EDGE_CURVE('',#1477,#1477,#1479,.T.);
#1477 = VERTEX_POINT('',#1478);
#1478 = CARTESIAN_POINT('',(45.43,22.731889,8.));
#1479 = SURFACE_CURVE('',#1480,(#1485,#1492),.PCURVE_S1.);
#1480 = CIRCLE('',#1481,1.8);
#1481 = AXIS2_PLACEMENT_3D('',#1482,#1483,#1484);
#1482 = CARTESIAN_POINT('',(43.63,22.731889,8.));
#1483 = DIRECTION('',(0.,0.,1.));
#1484 = DIRECTION('',(1.,0.,0.));
#1485 = PCURVE('',#1176,#1486);
#1486 = DEFINITIONAL_REPRESENTATION('',(#1487),#1491);
#1487 = CIRCLE('',#1488,1.8);
#1488 = AXIS2_PLACEMENT_2D('',#1489,#1490);
#1489 = CARTESIAN_POINT('',(2.3175,7.069389));
#1490 = DIRECTION('',(1.,0.));
#1491 = ( GEOMETRIC_REPRESENTATION_CONTEXT(2) 
PARAMETRIC_REPRESENTATION_CONTEXT() REPRESENTATION_CONTEXT('2D SPACE',''
  ) );
#1492 = PCURVE('',#1493,#1498);
#1493 = CONICAL_SURFACE('',#1494,1.8,8.314123188844E-02);
#1494 = AXIS2_PLACEMENT_3D('',#1495,#1496,#1497);
#1495 = CARTESIAN_POINT('',(43.63,22.731889,8.));
#1496 = DIRECTION('',(-0.,-0.,-1.));
#1497 = DIRECTION('',(1.,0.,0.));
#1498 = DEFINITIONAL_REPRESENTATION('',(#1499),#1503);
#1499 = LINE('',#1500,#1501);
#1500 = CARTESIAN_POINT('',(-0.,-0.));
#1501 = VECTOR('',#1502,1.);
#1502 = DIRECTION('',(-1.,-0.));
#1503 = ( GEOMETRIC_REPRESENTATION_CONTEXT(2) 
PARAMETRIC_REPRESENTATION_CONTEXT() REPRESENTATION_CONTEXT('2D SPACE',''
  ) );
#1504 = ADVANCED_FACE('',(#1505),#1263,.F.);
#1505 = FACE_BOUND('',#1506,.F.);
#1506 = EDGE_LOOP('',(#1507,#1508,#1509,#1510));
#1507 = ORIENTED_EDGE('',*,*,#1345,.T.);
#1508 = ORIENTED_EDGE('',*,*,#1421,.T.);
#1509 = ORIENTED_EDGE('',*,*,#1245,.F.);
#1510 = ORIENTED_EDGE('',*,*,#1394,.F.);
#1511 = ADVANCED_FACE('',(#1512),#1462,.T.);
#1512 = FACE_BOUND('',#1513,.T.);
#1513 = EDGE_LOOP('',(#1514,#1543,#1564,#1565));
#1514 = ORIENTED_EDGE('',*,*,#1515,.F.);
#1515 = EDGE_CURVE('',#1516,#1516,#1518,.T.);
#1516 = VERTEX_POINT('',#1517);
#1517 = CARTESIAN_POINT('',(40.545,8.593111,11.));
#1518 = SURFACE_CURVE('',#1519,(#1524,#1531),.PCURVE_S1.);
#1519 = CIRCLE('',#1520,1.55);
#1520 = AXIS2_PLACEMENT_3D('',#1521,#1522,#1523);
#1521 = CARTESIAN_POINT('',(38.995,8.593111,11.));
#1522 = DIRECTION('',(0.,0.,1.));
#1523 = DIRECTION('',(1.,0.,0.));
#1524 = PCURVE('',#1462,#1525);
#1525 = DEFINITIONAL_REPRESENTATION('',(#1526),#1530);
#1526 = LINE('',#1527,#1528);
#1527 = CARTESIAN_POINT('',(-0.,-3.));
#1528 = VECTOR('',#1529,1.);
#1529 = DIRECTION('',(-1.,-0.));
#1530 = ( GEOMETRIC_REPRESENTATION_CONTEXT(2) 
PARAMETRIC_REPRESENTATION_CONTEXT() REPRESENTATION_CONTEXT('2D SPACE',''
  ) );
#1531 = PCURVE('',#1532,#1537);
#1532 = PLANE('',#1533);
#1533 = AXIS2_PLACEMENT_3D('',#1534,#1535,#1536);
#1534 = CARTESIAN_POINT('',(38.995,8.593111,11.));
#1535 = DIRECTION('',(0.,0.,1.));
#1536 = DIRECTION('',(1.,0.,0.));
#1537 = DEFINITIONAL_REPRESENTATION('',(#1538),#1542);
#1538 = CIRCLE('',#1539,1.55);
#1539 = AXIS2_PLACEMENT_2D('',#1540,#1541);
#1540 = CARTESIAN_POINT('',(0.,0.));
#1541 = DIRECTION('',(1.,0.));
#1542 = ( GEOMETRIC_REPRESENTATION_CONTEXT(2) 
PARAMETRIC_REPRESENTATION_CONTEXT() REPRESENTATION_CONTEXT('2D SPACE',''
  ) );
#1543 = ORIENTED_EDGE('',*,*,#1544,.F.);
#1544 = EDGE_CURVE('',#1446,#1516,#1545,.T.);
#1545 = SEAM_CURVE('',#1546,(#1550,#1557),.PCURVE_S1.);
#1546 = LINE('',#1547,#1548);
#1547 = CARTESIAN_POINT('',(40.795,8.593111,8.));
#1548 = VECTOR('',#1549,1.);
#1549 = DIRECTION('',(-8.304547985374E-02,2.034027621731E-17,
    0.996545758245));
#1550 = PCURVE('',#1462,#1551);
#1551 = DEFINITIONAL_REPRESENTATION('',(#1552),#1556);
#1552 = LINE('',#1553,#1554);
#1553 = CARTESIAN_POINT('',(-6.28318530718,0.));
#1554 = VECTOR('',#1555,1.);
#1555 = DIRECTION('',(-0.,-1.));
#1556 = ( GEOMETRIC_REPRESENTATION_CONTEXT(2) 
PARAMETRIC_REPRESENTATION_CONTEXT() REPRESENTATION_CONTEXT('2D SPACE',''
  ) );
#1557 = PCURVE('',#1462,#1558);
#1558 = DEFINITIONAL_REPRESENTATION('',(#1559),#1563);
#1559 = LINE('',#1560,#1561);
#1560 = CARTESIAN_POINT('',(0.,-0.));
#1561 = VECTOR('',#1562,1.);
#1562 = DIRECTION('',(-0.,-1.));
#1563 = ( GEOMETRIC_REPRESENTATION_CONTEXT(2) 
PARAMETRIC_REPRESENTATION_CONTEXT() REPRESENTATION_CONTEXT('2D SPACE',''
  ) );
#1564 = ORIENTED_EDGE('',*,*,#1445,.T.);
#1565 = ORIENTED_EDGE('',*,*,#1544,.T.);
#1566 = ADVANCED_FACE('',(#1567),#1493,.T.);
#1567 = FACE_BOUND('',#1568,.T.);
#1568 = EDGE_LOOP('',(#1569,#1598,#1619,#1620));
#1569 = ORIENTED_EDGE('',*,*,#1570,.F.);
#1570 = EDGE_CURVE('',#1571,#1571,#1573,.T.);
#1571 = VERTEX_POINT('',#1572);
#1572 = CARTESIAN_POINT('',(45.18,22.731889,11.));
#1573 = SURFACE_CURVE('',#1574,(#1579,#1586),.PCURVE_S1.);
#1574 = CIRCLE('',#1575,1.55);
#1575 = AXIS2_PLACEMENT_3D('',#1576,#1577,#1578);
#1576 = CARTESIAN_POINT('',(43.63,22.731889,11.));
#1577 = DIRECTION('',(0.,0.,1.));
#1578 = DIRECTION('',(1.,0.,0.));
#1579 = PCURVE('',#1493,#1580);
#1580 = DEFINITIONAL_REPRESENTATION('',(#1581),#1585);
#1581 = LINE('',#1582,#1583);
#1582 = CARTESIAN_POINT('',(-0.,-3.));
#1583 = VECTOR('',#1584,1.);
#1584 = DIRECTION('',(-1.,-0.));
#1585 = ( GEOMETRIC_REPRESENTATION_CONTEXT(2) 
PARAMETRIC_REPRESENTATION_CONTEXT() REPRESENTATION_CONTEXT('2D SPACE',''
  ) );
#1586 = PCURVE('',#1587,#1592);
#1587 = PLANE('',#1588);
#1588 = AXIS2_PLACEMENT_3D('',#1589,#1590,#1591);
#1589 = CARTESIAN_POINT('',(43.63,22.731889,11.));
#1590 = DIRECTION('',(0.,0.,1.));
#1591 = DIRECTION('',(1.,0.,0.));
#1592 = DEFINITIONAL_REPRESENTATION('',(#1593),#1597);
#1593 = CIRCLE('',#1594,1.55);
#1594 = AXIS2_PLACEMENT_2D('',#1595,#1596);
#1595 = CARTESIAN_POINT('',(0.,0.));
#1596 = DIRECTION('',(1.,0.));
#1597 = ( GEOMETRIC_REPRESENTATION_CONTEXT(2) 
PARAMETRIC_REPRESENTATION_CONTEXT() REPRESENTATION_CONTEXT('2D SPACE',''
  ) );
#1598 = ORIENTED_EDGE('',*,*,#1599,.F.);
#1599 = EDGE_CURVE('',#1477,#1571,#1600,.T.);
#1600 = SEAM_CURVE('',#1601,(#1605,#1612),.PCURVE_S1.);
#1601 = LINE('',#1602,#1603);
#1602 = CARTESIAN_POINT('',(45.43,22.731889,8.));
#1603 = VECTOR('',#1604,1.);
#1604 = DIRECTION('',(-8.304547985374E-02,2.034027621731E-17,
    0.996545758245));
#1605 = PCURVE('',#1493,#1606);
#1606 = DEFINITIONAL_REPRESENTATION('',(#1607),#1611);
#1607 = LINE('',#1608,#1609);
#1608 = CARTESIAN_POINT('',(-6.28318530718,0.));
#1609 = VECTOR('',#1610,1.);
#1610 = DIRECTION('',(-0.,-1.));
#1611 = ( GEOMETRIC_REPRESENTATION_CONTEXT(2) 
PARAMETRIC_REPRESENTATION_CONTEXT() REPRESENTATION_CONTEXT('2D SPACE',''
  ) );
#1612 = PCURVE('',#1493,#1613);
#1613 = DEFINITIONAL_REPRESENTATION('',(#1614),#1618);
#1614 = LINE('',#1615,#1616);
#1615 = CARTESIAN_POINT('',(0.,-0.));
#1616 = VECTOR('',#1617,1.);
#1617 = DIRECTION('',(-0.,-1.));
#1618 = ( GEOMETRIC_REPRESENTATION_CONTEXT(2) 
PARAMETRIC_REPRESENTATION_CONTEXT() REPRESENTATION_CONTEXT('2D SPACE',''
  ) );
#1619 = ORIENTED_EDGE('',*,*,#1476,.T.);
#1620 = ORIENTED_EDGE('',*,*,#1599,.T.);
#1621 = ADVANCED_FACE('',(#1622),#1532,.T.);
#1622 = FACE_BOUND('',#1623,.T.);
#1623 = EDGE_LOOP('',(#1624));
#1624 = ORIENTED_EDGE('',*,*,#1515,.T.);
#1625 = ADVANCED_FACE('',(#1626),#1587,.T.);
#1626 = FACE_BOUND('',#1627,.T.);
#1627 = EDGE_LOOP('',(#1628));
#1628 = ORIENTED_EDGE('',*,*,#1570,.T.);
#1629 = ( GEOMETRIC_REPRESENTATION_CONTEXT(3) 
GLOBAL_UNCERTAINTY_ASSIGNED_CONTEXT((#1633)) 
GLOBAL_UNIT_ASSIGNED_CONTEXT((#1630,#1631,#1632)) REPRESENTATION_CONTEXT
('Context #1','3D Context with UNIT and UNCERTAINTY') );
#1630 = ( LENGTH_UNIT() NAMED_UNIT(*) SI_UNIT(.MILLI.,.METRE.) );
#1631 = ( NAMED_UNIT(*) PLANE_ANGLE_UNIT() SI_UNIT($,.RADIAN.) );
#1632 = ( NAMED_UNIT(*) SI_UNIT($,.STERADIAN.) SOLID_ANGLE_UNIT() );
#1633 = UNCERTAINTY_MEASURE_WITH_UNIT(LENGTH_MEASURE(1.E-07),#1630,
  'distance_accuracy_value','confusion accuracy');
#1634 = CONTEXT_DEPENDENT_SHAPE_REPRESENTATION(#1635,#1637);
#1635 = ( REPRESENTATION_RELATIONSHIP('','',#1118,#10) 
REPRESENTATION_RELATIONSHIP_WITH_TRANSFORMATION(#1636) 
SHAPE_REPRESENTATION_RELATIONSHIP() );
#1636 = ITEM_DEFINED_TRANSFORMATION('','',#11,#23);
#1637 = PRODUCT_DEFINITION_SHAPE('Placement','Placement of an item',
  #1638);
#1638 = NEXT_ASSEMBLY_USAGE_OCCURRENCE('3','part_0030__03','',#5,#1113,$
  );
#1639 = PRODUCT_RELATED_PRODUCT_CATEGORY('part',$,(#1115));
#1640 = SHAPE_DEFINITION_REPRESENTATION(#1641,#1647);
#1641 = PRODUCT_DEFINITION_SHAPE('','',#1642);
#1642 = PRODUCT_DEFINITION('design','',#1643,#1646);
#1643 = PRODUCT_DEFINITION_FORMATION('','',#1644);
#1644 = PRODUCT('part_0030__04','part_0030__04','',(#1645));
#1645 = PRODUCT_CONTEXT('',#2,'mechanical');
#1646 = PRODUCT_DEFINITION_CONTEXT('part definition',#2,'design');
#1647 = ADVANCED_BREP_SHAPE_REPRESENTATION('',(#11,#1648),#2158);
#1648 = MANIFOLD_SOLID_BREP('',#1649);
#1649 = CLOSED_SHELL('',(#1650,#1770,#1846,#1917,#1944,#2033,#2040,#2095
    ,#2150,#2154));
#1650 = ADVANCED_FACE('',(#1651),#1665,.F.);
#1651 = FACE_BOUND('',#1652,.F.);
#1652 = EDGE_LOOP('',(#1653,#1688,#1716,#1744));
#1653 = ORIENTED_EDGE('',*,*,#1654,.T.);
#1654 = EDGE_CURVE('',#1655,#1657,#1659,.T.);
#1655 = VERTEX_POINT('',#1656);
#1656 = CARTESIAN_POINT('',(51.975,4.425,0.));
#1657 = VERTEX_POINT('',#1658);
#1658 = CARTESIAN_POINT('',(51.975,4.425,8.));
#1659 = SURFACE_CURVE('',#1660,(#1664,#1676),.PCURVE_S1.);
#1660 = LINE('',#1661,#1662);
#1661 = CARTESIAN_POINT('',(51.975,4.425,0.));
#1662 = VECTOR('',#1663,1.);
#1663 = DIRECTION('',(0.,0.,1.));
#1664 = PCURVE('',#1665,#1670);
#1665 = PLANE('',#1666);
#1666 = AXIS2_PLACEMENT_3D('',#1667,#1668,#1669);
#1667 = CARTESIAN_POINT('',(51.975,4.425,0.));
#1668 = DIRECTION('',(0.315159229133,0.949038808633,-0.));
#1669 = DIRECTION('',(0.949038808633,-0.315159229133,0.));
#1670 = DEFINITIONAL_REPRESENTATION('',(#1671),#1675);
#1671 = LINE('',#1672,#1673);
#1672 = CARTESIAN_POINT('',(0.,0.));
#1673 = VECTOR('',#1674,1.);
#1674 = DIRECTION('',(0.,-1.));
#1675 = ( GEOMETRIC_REPRESENTATION_CONTEXT(2) 
PARAMETRIC_REPRESENTATION_CONTEXT() REPRESENTATION_CONTEXT('2D SPACE',''
  ) );
#1676 = PCURVE('',#1677,#1682);
#1677 = PLANE('',#1678);
#1678 = AXIS2_PLACEMENT_3D('',#1679,#1680,#1681);
#1679 = CARTESIAN_POINT('',(51.975,31.325,0.));
#1680 = DIRECTION('',(1.,0.,-0.));
#1681 = DIRECTION('',(0.,-1.,0.));
#1682 = DEFINITIONAL_REPRESENTATION('',(#1683),#1687);
#1683 = LINE('',#1684,#1685);
#1684 = CARTESIAN_POINT('',(26.9,0.));
#1685 = VECTOR('',#1686,1.);
#1686 = DIRECTION('',(0.,-1.));
#1687 = ( GEOMETRIC_REPRESENTATION_CONTEXT(2) 
PARAMETRIC_REPRESENTATION_CONTEXT() REPRESENTATION_CONTEXT('2D SPACE',''
  ) );
#1688 = ORIENTED_EDGE('',*,*,#1689,.T.);
#1689 = EDGE_CURVE('',#1657,#1690,#1692,.T.);
#1690 = VERTEX_POINT('',#1691);
#1691 = CARTESIAN_POINT('',(65.3,0.,8.));
#1692 = SURFACE_CURVE('',#1693,(#1697,#1704),.PCURVE_S1.);
#1693 = LINE('',#1694,#1695);
#1694 = CARTESIAN_POINT('',(51.975,4.425,8.));
#1695 = VECTOR('',#1696,1.);
#1696 = DIRECTION('',(0.949038808633,-0.315159229133,0.));
#1697 = PCURVE('',#1665,#1698);
#1698 = DEFINITIONAL_REPRESENTATION('',(#1699),#1703);
#1699 = LINE('',#1700,#1701);
#1700 = CARTESIAN_POINT('',(0.,-8.));
#1701 = VECTOR('',#1702,1.);
#1702 = DIRECTION('',(1.,0.));
#1703 = ( GEOMETRIC_REPRESENTATION_CONTEXT(2) 
PARAMETRIC_REPRESENTATION_CONTEXT() REPRESENTATION_CONTEXT('2D SPACE',''
  ) );
#1704 = PCURVE('',#1705,#1710);
#1705 = PLANE('',#1706);
#1706 = AXIS2_PLACEMENT_3D('',#1707,#1708,#1709);
#1707 = CARTESIAN_POINT('',(58.6375,15.6625,8.));
#1708 = DIRECTION('',(0.,0.,1.));
#1709 = DIRECTION('',(1.,0.,0.));
#1710 = DEFINITIONAL_REPRESENTATION('',(#1711),#1715);
#1711 = LINE('',#1712,#1713);
#1712 = CARTESIAN_POINT('',(-6.6625,-11.2375));
#1713 = VECTOR('',#1714,1.);
#1714 = DIRECTION('',(0.949038808633,-0.315159229133));
#1715 = ( GEOMETRIC_REPRESENTATION_CONTEXT(2) 
PARAMETRIC_REPRESENTATION_CONTEXT() REPRESENTATION_CONTEXT('2D SPACE',''
  ) );
#1716 = ORIENTED_EDGE('',*,*,#1717,.F.);
#1717 = EDGE_CURVE('',#1718,#1690,#1720,.T.);
#1718 = VERTEX_POINT('',#1719);
#1719 = CARTESIAN_POINT('',(65.3,0.,0.));
#1720 = SURFACE_CURVE('',#1721,(#1725,#1732),.PCURVE_S1.);
#1721 = LINE('',#1722,#1723);
#1722 = CARTESIAN_POINT('',(65.3,0.,0.));
#1723 = VECTOR('',#1724,1.);
#1724 = DIRECTION('',(0.,0.,1.));
#1725 = PCURVE('',#1665,#1726);
#1726 = DEFINITIONAL_REPRESENTATION('',(#1727),#1731);
#1727 = LINE('',#1728,#1729);
#1728 = CARTESIAN_POINT('',(14.040521713954,0.));
#1729 = VECTOR('',#1730,1.);
#1730 = DIRECTION('',(0.,-1.));
#1731 = ( GEOMETRIC_REPRESENTATION_CONTEXT(2) 
PARAMETRIC_REPRESENTATION_CONTEXT() REPRESENTATION_CONTEXT('2D SPACE',''
  ) );
#1732 = PCURVE('',#1733,#1738);
#1733 = PLANE('',#1734);
#1734 = AXIS2_PLACEMENT_3D('',#1735,#1736,#1737);
#1735 = CARTESIAN_POINT('',(65.3,0.,0.));
#1736 = DIRECTION('',(-1.,0.,0.));
#1737 = DIRECTION('',(0.,1.,0.));
#1738 = DEFINITIONAL_REPRESENTATION('',(#1739),#1743);
#1739 = LINE('',#1740,#1741);
#1740 = CARTESIAN_POINT('',(0.,0.));
#1741 = VECTOR('',#1742,1.);
#1742 = DIRECTION('',(0.,-1.));
#1743 = ( GEOMETRIC_REPRESENTATION_CONTEXT(2) 
PARAMETRIC_REPRESENTATION_CONTEXT() REPRESENTATION_CONTEXT('2D SPACE',''
  ) );
#1744 = ORIENTED_EDGE('',*,*,#1745,.F.);
#1745 = EDGE_CURVE('',#1655,#1718,#1746,.T.);
#1746 = SURFACE_CURVE('',#1747,(#1751,#1758),.PCURVE_S1.);
#1747 = LINE('',#1748,#1749);
#1748 = CARTESIAN_POINT('',(51.975,4.425,0.));
#1749 = VECTOR('',#1750,1.);
#1750 = DIRECTION('',(0.949038808633,-0.315159229133,0.));
#1751 = PCURVE('',#1665,#1752);
#1752 = DEFINITIONAL_REPRESENTATION('',(#1753),#1757);
#1753 = LINE('',#1754,#1755);
#1754 = CARTESIAN_POINT('',(0.,0.));
#1755 = VECTOR('',#1756,1.);
#1756 = DIRECTION('',(1.,0.));
#1757 = ( GEOMETRIC_REPRESENTATION_CONTEXT(2) 
PARAMETRIC_REPRESENTATION_CONTEXT() REPRESENTATION_CONTEXT('2D SPACE',''
  ) );
#1758 = PCURVE('',#1759,#1764);
#1759 = PLANE('',#1760);
#1760 = AXIS2_PLACEMENT_3D('',#1761,#1762,#1763);
#1761 = CARTESIAN_POINT('',(58.6375,15.6625,0.));
#1762 = DIRECTION('',(0.,0.,1.));
#1763 = DIRECTION('',(1.,0.,0.));
#1764 = DEFINITIONAL_REPRESENTATION('',(#1765),#1769);
#1765 = LINE('',#1766,#1767);
#1766 = CARTESIAN_POINT('',(-6.6625,-11.2375));
#1767 = VECTOR('',#1768,1.);
#1768 = DIRECTION('',(0.949038808633,-0.315159229133));
#1769 = ( GEOMETRIC_REPRESENTATION_CONTEXT(2) 
PARAMETRIC_REPRESENTATION_CONTEXT() REPRESENTATION_CONTEXT('2D SPACE',''
  ) );
#1770 = ADVANCED_FACE('',(#1771),#1677,.F.);
#1771 = FACE_BOUND('',#1772,.F.);
#1772 = EDGE_LOOP('',(#1773,#1803,#1824,#1825));
#1773 = ORIENTED_EDGE('',*,*,#1774,.T.);
#1774 = EDGE_CURVE('',#1775,#1777,#1779,.T.);
#1775 = VERTEX_POINT('',#1776);
#1776 = CARTESIAN_POINT('',(51.975,31.325,0.));
#1777 = VERTEX_POINT('',#1778);
#1778 = CARTESIAN_POINT('',(51.975,31.325,8.));
#1779 = SURFACE_CURVE('',#1780,(#1784,#1791),.PCURVE_S1.);
#1780 = LINE('',#1781,#1782);
#1781 = CARTESIAN_POINT('',(51.975,31.325,0.));
#1782 = VECTOR('',#1783,1.);
#1783 = DIRECTION('',(0.,0.,1.));
#1784 = PCURVE('',#1677,#1785);
#1785 = DEFINITIONAL_REPRESENTATION('',(#1786),#1790);
#1786 = LINE('',#1787,#1788);
#1787 = CARTESIAN_POINT('',(0.,0.));
#1788 = VECTOR('',#1789,1.);
#1789 = DIRECTION('',(0.,-1.));
#1790 = ( GEOMETRIC_REPRESENTATION_CONTEXT(2) 
PARAMETRIC_REPRESENTATION_CONTEXT() REPRESENTATION_CONTEXT('2D SPACE',''
  ) );
#1791 = PCURVE('',#1792,#1797);
#1792 = PLANE('',#1793);
#1793 = AXIS2_PLACEMENT_3D('',#1794,#1795,#1796);
#1794 = CARTESIAN_POINT('',(65.3,26.9,0.));
#1795 = DIRECTION('',(-0.315159229133,-0.949038808633,0.));
#1796 = DIRECTION('',(-0.949038808633,0.315159229133,0.));
#1797 = DEFINITIONAL_REPRESENTATION('',(#1798),#1802);
#1798 = LINE('',#1799,#1800);
#1799 = CARTESIAN_POINT('',(14.040521713954,0.));
#1800 = VECTOR('',#1801,1.);
#1801 = DIRECTION('',(0.,-1.));
#1802 = ( GEOMETRIC_REPRESENTATION_CONTEXT(2) 
PARAMETRIC_REPRESENTATION_CONTEXT() REPRESENTATION_CONTEXT('2D SPACE',''
  ) );
#1803 = ORIENTED_EDGE('',*,*,#1804,.T.);
#1804 = EDGE_CURVE('',#1777,#1657,#1805,.T.);
#1805 = SURFACE_CURVE('',#1806,(#1810,#1817),.PCURVE_S1.);
#1806 = LINE('',#1807,#1808);
#1807 = CARTESIAN_POINT('',(51.975,31.325,8.));
#1808 = VECTOR('',#1809,1.);
#1809 = DIRECTION('',(0.,-1.,0.));
#1810 = PCURVE('',#1677,#1811);
#1811 = DEFINITIONAL_REPRESENTATION('',(#1812),#1816);
#1812 = LINE('',#1813,#1814);
#1813 = CARTESIAN_POINT('',(0.,-8.));
#1814 = VECTOR('',#1815,1.);
#1815 = DIRECTION('',(1.,0.));
#1816 = ( GEOMETRIC_REPRESENTATION_CONTEXT(2) 
PARAMETRIC_REPRESENTATION_CONTEXT() REPRESENTATION_CONTEXT('2D SPACE',''
  ) );
#1817 = PCURVE('',#1705,#1818);
#1818 = DEFINITIONAL_REPRESENTATION('',(#1819),#1823);
#1819 = LINE('',#1820,#1821);
#1820 = CARTESIAN_POINT('',(-6.6625,15.6625));
#1821 = VECTOR('',#1822,1.);
#1822 = DIRECTION('',(0.,-1.));
#1823 = ( GEOMETRIC_REPRESENTATION_CONTEXT(2) 
PARAMETRIC_REPRESENTATION_CONTEXT() REPRESENTATION_CONTEXT('2D SPACE',''
  ) );
#1824 = ORIENTED_EDGE('',*,*,#1654,.F.);
#1825 = ORIENTED_EDGE('',*,*,#1826,.F.);
#1826 = EDGE_CURVE('',#1775,#1655,#1827,.T.);
#1827 = SURFACE_CURVE('',#1828,(#1832,#1839),.PCURVE_S1.);
#1828 = LINE('',#1829,#1830);
#1829 = CARTESIAN_POINT('',(51.975,31.325,0.));
#1830 = VECTOR('',#1831,1.);
#1831 = DIRECTION('',(0.,-1.,0.));
#1832 = PCURVE('',#1677,#1833);
#1833 = DEFINITIONAL_REPRESENTATION('',(#1834),#1838);
#1834 = LINE('',#1835,#1836);
#1835 = CARTESIAN_POINT('',(0.,0.));
#1836 = VECTOR('',#1837,1.);
#1837 = DIRECTION('',(1.,0.));
#1838 = ( GEOMETRIC_REPRESENTATION_CONTEXT(2) 
PARAMETRIC_REPRESENTATION_CONTEXT() REPRESENTATION_CONTEXT('2D SPACE',''
  ) );
#1839 = PCURVE('',#1759,#1840);
#1840 = DEFINITIONAL_REPRESENTATION('',(#1841),#1845);
#1841 = LINE('',#1842,#1843);
#1842 = CARTESIAN_POINT('',(-6.6625,15.6625));
#1843 = VECTOR('',#1844,1.);
#1844 = DIRECTION('',(0.,-1.));
#1845 = ( GEOMETRIC_REPRESENTATION_CONTEXT(2) 
PARAMETRIC_REPRESENTATION_CONTEXT() REPRESENTATION_CONTEXT('2D SPACE',''
  ) );
#1846 = ADVANCED_FACE('',(#1847),#1733,.F.);
#1847 = FACE_BOUND('',#1848,.F.);
#1848 = EDGE_LOOP('',(#1849,#1850,#1873,#1896));
#1849 = ORIENTED_EDGE('',*,*,#1717,.T.);
#1850 = ORIENTED_EDGE('',*,*,#1851,.T.);
#1851 = EDGE_CURVE('',#1690,#1852,#1854,.T.);
#1852 = VERTEX_POINT('',#1853);
#1853 = CARTESIAN_POINT('',(65.3,26.9,8.));
#1854 = SURFACE_CURVE('',#1855,(#1859,#1866),.PCURVE_S1.);
#1855 = LINE('',#1856,#1857);
#1856 = CARTESIAN_POINT('',(65.3,0.,8.));
#1857 = VECTOR('',#1858,1.);
#1858 = DIRECTION('',(0.,1.,0.));
#1859 = PCURVE('',#1733,#1860);
#1860 = DEFINITIONAL_REPRESENTATION('',(#1861),#1865);
#1861 = LINE('',#1862,#1863);
#1862 = CARTESIAN_POINT('',(0.,-8.));
#1863 = VECTOR('',#1864,1.);
#1864 = DIRECTION('',(1.,0.));
#1865 = ( GEOMETRIC_REPRESENTATION_CONTEXT(2) 
PARAMETRIC_REPRESENTATION_CONTEXT() REPRESENTATION_CONTEXT('2D SPACE',''
  ) );
#1866 = PCURVE('',#1705,#1867);
#1867 = DEFINITIONAL_REPRESENTATION('',(#1868),#1872);
#1868 = LINE('',#1869,#1870);
#1869 = CARTESIAN_POINT('',(6.6625,-15.6625));
#1870 = VECTOR('',#1871,1.);
#1871 = DIRECTION('',(0.,1.));
#1872 = ( GEOMETRIC_REPRESENTATION_CONTEXT(2) 
PARAMETRIC_REPRESENTATION_CONTEXT() REPRESENTATION_CONTEXT('2D SPACE',''
  ) );
#1873 = ORIENTED_EDGE('',*,*,#1874,.F.);
#1874 = EDGE_CURVE('',#1875,#1852,#1877,.T.);
#1875 = VERTEX_POINT('',#1876);
#1876 = CARTESIAN_POINT('',(65.3,26.9,0.));
#1877 = SURFACE_CURVE('',#1878,(#1882,#1889),.PCURVE_S1.);
#1878 = LINE('',#1879,#1880);
#1879 = CARTESIAN_POINT('',(65.3,26.9,0.));
#1880 = VECTOR('',#1881,1.);
#1881 = DIRECTION('',(0.,0.,1.));
#1882 = PCURVE('',#1733,#1883);
#1883 = DEFINITIONAL_REPRESENTATION('',(#1884),#1888);
#1884 = LINE('',#1885,#1886);
#1885 = CARTESIAN_POINT('',(26.9,0.));
#1886 = VECTOR('',#1887,1.);
#1887 = DIRECTION('',(0.,-1.));
#1888 = ( GEOMETRIC_REPRESENTATION_CONTEXT(2) 
PARAMETRIC_REPRESENTATION_CONTEXT() REPRESENTATION_CONTEXT('2D SPACE',''
  ) );
#1889 = PCURVE('',#1792,#1890);
#1890 = DEFINITIONAL_REPRESENTATION('',(#1891),#1895);
#1891 = LINE('',#1892,#1893);
#1892 = CARTESIAN_POINT('',(0.,0.));
#1893 = VECTOR('',#1894,1.);
#1894 = DIRECTION('',(0.,-1.));
#1895 = ( GEOMETRIC_REPRESENTATION_CONTEXT(2) 
PARAMETRIC_REPRESENTATION_CONTEXT() REPRESENTATION_CONTEXT('2D SPACE',''
  ) );
#1896 = ORIENTED_EDGE('',*,*,#1897,.F.);
#1897 = EDGE_CURVE('',#1718,#1875,#1898,.T.);
#1898 = SURFACE_CURVE('',#1899,(#1903,#1910),.PCURVE_S1.);
#1899 = LINE('',#1900,#1901);
#1900 = CARTESIAN_POINT('',(65.3,0.,0.));
#1901 = VECTOR('',#1902,1.);
#1902 = DIRECTION('',(0.,1.,0.));
#1903 = PCURVE('',#1733,#1904);
#1904 = DEFINITIONAL_REPRESENTATION('',(#1905),#1909);
#1905 = LINE('',#1906,#1907);
#1906 = CARTESIAN_POINT('',(0.,0.));
#1907 = VECTOR('',#1908,1.);
#1908 = DIRECTION('',(1.,0.));
#1909 = ( GEOMETRIC_REPRESENTATION_CONTEXT(2) 
PARAMETRIC_REPRESENTATION_CONTEXT() REPRESENTATION_CONTEXT('2D SPACE',''
  ) );
#1910 = PCURVE('',#1759,#1911);
#1911 = DEFINITIONAL_REPRESENTATION('',(#1912),#1916);
#1912 = LINE('',#1913,#1914);
#1913 = CARTESIAN_POINT('',(6.6625,-15.6625));
#1914 = VECTOR('',#1915,1.);
#1915 = DIRECTION('',(0.,1.));
#1916 = ( GEOMETRIC_REPRESENTATION_CONTEXT(2) 
PARAMETRIC_REPRESENTATION_CONTEXT() REPRESENTATION_CONTEXT('2D SPACE',''
  ) );
#1917 = ADVANCED_FACE('',(#1918),#1759,.F.);
#1918 = FACE_BOUND('',#1919,.F.);
#1919 = EDGE_LOOP('',(#1920,#1921,#1922,#1943));
#1920 = ORIENTED_EDGE('',*,*,#1745,.T.);
#1921 = ORIENTED_EDGE('',*,*,#1897,.T.);
#1922 = ORIENTED_EDGE('',*,*,#1923,.T.);
#1923 = EDGE_CURVE('',#1875,#1775,#1924,.T.);
#1924 = SURFACE_CURVE('',#1925,(#1929,#1936),.PCURVE_S1.);
#1925 = LINE('',#1926,#1927);
#1926 = CARTESIAN_POINT('',(65.3,26.9,0.));
#1927 = VECTOR('',#1928,1.);
#1928 = DIRECTION('',(-0.949038808633,0.315159229133,0.));
#1929 = PCURVE('',#1759,#1930);
#1930 = DEFINITIONAL_REPRESENTATION('',(#1931),#1935);
#1931 = LINE('',#1932,#1933);
#1932 = CARTESIAN_POINT('',(6.6625,11.2375));
#1933 = VECTOR('',#1934,1.);
#1934 = DIRECTION('',(-0.949038808633,0.315159229133));
#1935 = ( GEOMETRIC_REPRESENTATION_CONTEXT(2) 
PARAMETRIC_REPRESENTATION_CONTEXT() REPRESENTATION_CONTEXT('2D SPACE',''
  ) );
#1936 = PCURVE('',#1792,#1937);
#1937 = DEFINITIONAL_REPRESENTATION('',(#1938),#1942);
#1938 = LINE('',#1939,#1940);
#1939 = CARTESIAN_POINT('',(0.,0.));
#1940 = VECTOR('',#1941,1.);
#1941 = DIRECTION('',(1.,0.));
#1942 = ( GEOMETRIC_REPRESENTATION_CONTEXT(2) 
PARAMETRIC_REPRESENTATION_CONTEXT() REPRESENTATION_CONTEXT('2D SPACE',''
  ) );
#1943 = ORIENTED_EDGE('',*,*,#1826,.T.);
#1944 = ADVANCED_FACE('',(#1945,#1971,#2002),#1705,.T.);
#1945 = FACE_BOUND('',#1946,.T.);
#1946 = EDGE_LOOP('',(#1947,#1948,#1949,#1970));
#1947 = ORIENTED_EDGE('',*,*,#1689,.T.);
#1948 = ORIENTED_EDGE('',*,*,#1851,.T.);
#1949 = ORIENTED_EDGE('',*,*,#1950,.T.);
#1950 = EDGE_CURVE('',#1852,#1777,#1951,.T.);
#1951 = SURFACE_CURVE('',#1952,(#1956,#1963),.PCURVE_S1.);
#1952 = LINE('',#1953,#1954);
#1953 = CARTESIAN_POINT('',(65.3,26.9,8.));
#1954 = VECTOR('',#1955,1.);
#1955 = DIRECTION('',(-0.949038808633,0.315159229133,0.));
#1956 = PCURVE('',#1705,#1957);
#1957 = DEFINITIONAL_REPRESENTATION('',(#1958),#1962);
#1958 = LINE('',#1959,#1960);
#1959 = CARTESIAN_POINT('',(6.6625,11.2375));
#1960 = VECTOR('',#1961,1.);
#1961 = DIRECTION('',(-0.949038808633,0.315159229133));
#1962 = ( GEOMETRIC_REPRESENTATION_CONTEXT(2) 
PARAMETRIC_REPRESENTATION_CONTEXT() REPRESENTATION_CONTEXT('2D SPACE',''
  ) );
#1963 = PCURVE('',#1792,#1964);
#1964 = DEFINITIONAL_REPRESENTATION('',(#1965),#1969);
#1965 = LINE('',#1966,#1967);
#1966 = CARTESIAN_POINT('',(0.,-8.));
#1967 = VECTOR('',#1968,1.);
#1968 = DIRECTION('',(1.,0.));
#1969 = ( GEOMETRIC_REPRESENTATION_CONTEXT(2) 
PARAMETRIC_REPRESENTATION_CONTEXT() REPRESENTATION_CONTEXT('2D SPACE',''
  ) );
#1970 = ORIENTED_EDGE('',*,*,#1804,.T.);
#1971 = FACE_BOUND('',#1972,.T.);
#1972 = EDGE_LOOP('',(#1973));
#1973 = ORIENTED_EDGE('',*,*,#1974,.F.);
#1974 = EDGE_CURVE('',#1975,#1975,#1977,.T.);
#1975 = VERTEX_POINT('',#1976);
#1976 = CARTESIAN_POINT('',(58.12,8.593111,8.));
#1977 = SURFACE_CURVE('',#1978,(#1983,#1990),.PCURVE_S1.);
#1978 = CIRCLE('',#1979,1.8);
#1979 = AXIS2_PLACEMENT_3D('',#1980,#1981,#1982);
#1980 = CARTESIAN_POINT('',(56.32,8.593111,8.));
#1981 = DIRECTION('',(0.,0.,1.));
#1982 = DIRECTION('',(1.,0.,0.));
#1983 = PCURVE('',#1705,#1984);
#1984 = DEFINITIONAL_REPRESENTATION('',(#1985),#1989);
#1985 = CIRCLE('',#1986,1.8);
#1986 = AXIS2_PLACEMENT_2D('',#1987,#1988);
#1987 = CARTESIAN_POINT('',(-2.3175,-7.069389));
#1988 = DIRECTION('',(1.,0.));
#1989 = ( GEOMETRIC_REPRESENTATION_CONTEXT(2) 
PARAMETRIC_REPRESENTATION_CONTEXT() REPRESENTATION_CONTEXT('2D SPACE',''
  ) );
#1990 = PCURVE('',#1991,#1996);
#1991 = CONICAL_SURFACE('',#1992,1.8,8.314123188844E-02);
#1992 = AXIS2_PLACEMENT_3D('',#1993,#1994,#1995);
#1993 = CARTESIAN_POINT('',(56.32,8.593111,8.));
#1994 = DIRECTION('',(-0.,-0.,-1.));
#1995 = DIRECTION('',(1.,0.,0.));
#1996 = DEFINITIONAL_REPRESENTATION('',(#1997),#2001);
#1997 = LINE('',#1998,#1999);
#1998 = CARTESIAN_POINT('',(-0.,-0.));
#1999 = VECTOR('',#2000,1.);
#2000 = DIRECTION('',(-1.,-0.));
#2001 = ( GEOMETRIC_REPRESENTATION_CONTEXT(2) 
PARAMETRIC_REPRESENTATION_CONTEXT() REPRESENTATION_CONTEXT('2D SPACE',''
  ) );
#2002 = FACE_BOUND('',#2003,.T.);
#2003 = EDGE_LOOP('',(#2004));
#2004 = ORIENTED_EDGE('',*,*,#2005,.F.);
#2005 = EDGE_CURVE('',#2006,#2006,#2008,.T.);
#2006 = VERTEX_POINT('',#2007);
#2007 = CARTESIAN_POINT('',(62.755,22.731889,8.));
#2008 = SURFACE_CURVE('',#2009,(#2014,#2021),.PCURVE_S1.);
#2009 = CIRCLE('',#2010,1.8);
#2010 = AXIS2_PLACEMENT_3D('',#2011,#2012,#2013);
#2011 = CARTESIAN_POINT('',(60.955,22.731889,8.));
#2012 = DIRECTION('',(0.,0.,1.));
#2013 = DIRECTION('',(1.,0.,0.));
#2014 = PCURVE('',#1705,#2015);
#2015 = DEFINITIONAL_REPRESENTATION('',(#2016),#2020);
#2016 = CIRCLE('',#2017,1.8);
#2017 = AXIS2_PLACEMENT_2D('',#2018,#2019);
#2018 = CARTESIAN_POINT('',(2.3175,7.069389));
#2019 = DIRECTION('',(1.,0.));
#2020 = ( GEOMETRIC_REPRESENTATION_CONTEXT(2) 
PARAMETRIC_REPRESENTATION_CONTEXT() REPRESENTATION_CONTEXT('2D SPACE',''
  ) );
#2021 = PCURVE('',#2022,#2027);
#2022 = CONICAL_SURFACE('',#2023,1.8,8.314123188844E-02);
#2023 = AXIS2_PLACEMENT_3D('',#2024,#2025,#2026);
#2024 = CARTESIAN_POINT('',(60.955,22.731889,8.));
#2025 = DIRECTION('',(-0.,-0.,-1.));
#2026 = DIRECTION('',(1.,0.,0.));
#2027 = DEFINITIONAL_REPRESENTATION('',(#2028),#2032);
#2028 = LINE('',#2029,#2030);
#2029 = CARTESIAN_POINT('',(-0.,-0.));
#2030 = VECTOR('',#2031,1.);
#2031 = DIRECTION('',(-1.,-0.));
#2032 = ( GEOMETRIC_REPRESENTATION_CONTEXT(2) 
PARAMETRIC_REPRESENTATION_CONTEXT() REPRESENTATION_CONTEXT('2D SPACE',''
  ) );
#2033 = ADVANCED_FACE('',(#2034),#1792,.F.);
#2034 = FACE_BOUND('',#2035,.F.);
#2035 = EDGE_LOOP('',(#2036,#2037,#2038,#2039));
#2036 = ORIENTED_EDGE('',*,*,#1874,.T.);
#2037 = ORIENTED_EDGE('',*,*,#1950,.T.);
#2038 = ORIENTED_EDGE('',*,*,#1774,.F.);
#2039 = ORIENTED_EDGE('',*,*,#1923,.F.);
#2040 = ADVANCED_FACE('',(#2041),#1991,.T.);
#2041 = FACE_BOUND('',#2042,.T.);
#2042 = EDGE_LOOP('',(#2043,#2072,#2093,#2094));
#2043 = ORIENTED_EDGE('',*,*,#2044,.F.);
#2044 = EDGE_CURVE('',#2045,#2045,#2047,.T.);
#2045 = VERTEX_POINT('',#2046);
#2046 = CARTESIAN_POINT('',(57.87,8.593111,11.));
#2047 = SURFACE_CURVE('',#2048,(#2053,#2060),.PCURVE_S1.);
#2048 = CIRCLE('',#2049,1.55);
#2049 = AXIS2_PLACEMENT_3D('',#2050,#2051,#2052);
#2050 = CARTESIAN_POINT('',(56.32,8.593111,11.));
#2051 = DIRECTION('',(0.,0.,1.));
#2052 = DIRECTION('',(1.,0.,0.));
#2053 = PCURVE('',#1991,#2054);
#2054 = DEFINITIONAL_REPRESENTATION('',(#2055),#2059);
#2055 = LINE('',#2056,#2057);
#2056 = CARTESIAN_POINT('',(-0.,-3.));
#2057 = VECTOR('',#2058,1.);
#2058 = DIRECTION('',(-1.,-0.));
#2059 = ( GEOMETRIC_REPRESENTATION_CONTEXT(2) 
PARAMETRIC_REPRESENTATION_CONTEXT() REPRESENTATION_CONTEXT('2D SPACE',''
  ) );
#2060 = PCURVE('',#2061,#2066);
#2061 = PLANE('',#2062);
#2062 = AXIS2_PLACEMENT_3D('',#2063,#2064,#2065);
#2063 = CARTESIAN_POINT('',(56.32,8.593111,11.));
#2064 = DIRECTION('',(0.,0.,1.));
#2065 = DIRECTION('',(1.,0.,0.));
#2066 = DEFINITIONAL_REPRESENTATION('',(#2067),#2071);
#2067 = CIRCLE('',#2068,1.55);
#2068 = AXIS2_PLACEMENT_2D('',#2069,#2070);
#2069 = CARTESIAN_POINT('',(0.,0.));
#2070 = DIRECTION('',(1.,0.));
#2071 = ( GEOMETRIC_REPRESENTATION_CONTEXT(2) 
PARAMETRIC_REPRESENTATION_CONTEXT() REPRESENTATION_CONTEXT('2D SPACE',''
  ) );
#2072 = ORIENTED_EDGE('',*,*,#2073,.F.);
#2073 = EDGE_CURVE('',#1975,#2045,#2074,.T.);
#2074 = SEAM_CURVE('',#2075,(#2079,#2086),.PCURVE_S1.);
#2075 = LINE('',#2076,#2077);
#2076 = CARTESIAN_POINT('',(58.12,8.593111,8.));
#2077 = VECTOR('',#2078,1.);
#2078 = DIRECTION('',(-8.304547985374E-02,2.034027621731E-17,
    0.996545758245));
#2079 = PCURVE('',#1991,#2080);
#2080 = DEFINITIONAL_REPRESENTATION('',(#2081),#2085);
#2081 = LINE('',#2082,#2083);
#2082 = CARTESIAN_POINT('',(-6.28318530718,0.));
#2083 = VECTOR('',#2084,1.);
#2084 = DIRECTION('',(-0.,-1.));
#2085 = ( GEOMETRIC_REPRESENTATION_CONTEXT(2) 
PARAMETRIC_REPRESENTATION_CONTEXT() REPRESENTATION_CONTEXT('2D SPACE',''
  ) );
#2086 = PCURVE('',#1991,#2087);
#2087 = DEFINITIONAL_REPRESENTATION('',(#2088),#2092);
#2088 = LINE('',#2089,#2090);
#2089 = CARTESIAN_POINT('',(0.,-0.));
#2090 = VECTOR('',#2091,1.);
#2091 = DIRECTION('',(-0.,-1.));
#2092 = ( GEOMETRIC_REPRESENTATION_CONTEXT(2) 
PARAMETRIC_REPRESENTATION_CONTEXT() REPRESENTATION_CONTEXT('2D SPACE',''
  ) );
#2093 = ORIENTED_EDGE('',*,*,#1974,.T.);
#2094 = ORIENTED_EDGE('',*,*,#2073,.T.);
#2095 = ADVANCED_FACE('',(#2096),#2022,.T.);
#2096 = FACE_BOUND('',#2097,.T.);
#2097 = EDGE_LOOP('',(#2098,#2127,#2148,#2149));
#2098 = ORIENTED_EDGE('',*,*,#2099,.F.);
#2099 = EDGE_CURVE('',#2100,#2100,#2102,.T.);
#2100 = VERTEX_POINT('',#2101);
#2101 = CARTESIAN_POINT('',(62.505,22.731889,11.));
#2102 = SURFACE_CURVE('',#2103,(#2108,#2115),.PCURVE_S1.);
#2103 = CIRCLE('',#2104,1.55);
#2104 = AXIS2_PLACEMENT_3D('',#2105,#2106,#2107);
#2105 = CARTESIAN_POINT('',(60.955,22.731889,11.));
#2106 = DIRECTION('',(0.,0.,1.));
#2107 = DIRECTION('',(1.,0.,0.));
#2108 = PCURVE('',#2022,#2109);
#2109 = DEFINITIONAL_REPRESENTATION('',(#2110),#2114);
#2110 = LINE('',#2111,#2112);
#2111 = CARTESIAN_POINT('',(-0.,-3.));
#2112 = VECTOR('',#2113,1.);
#2113 = DIRECTION('',(-1.,-0.));
#2114 = ( GEOMETRIC_REPRESENTATION_CONTEXT(2) 
PARAMETRIC_REPRESENTATION_CONTEXT() REPRESENTATION_CONTEXT('2D SPACE',''
  ) );
#2115 = PCURVE('',#2116,#2121);
#2116 = PLANE('',#2117);
#2117 = AXIS2_PLACEMENT_3D('',#2118,#2119,#2120);
#2118 = CARTESIAN_POINT('',(60.955,22.731889,11.));
#2119 = DIRECTION('',(0.,0.,1.));
#2120 = DIRECTION('',(1.,0.,0.));
#2121 = DEFINITIONAL_REPRESENTATION('',(#2122),#2126);
#2122 = CIRCLE('',#2123,1.55);
#2123 = AXIS2_PLACEMENT_2D('',#2124,#2125);
#2124 = CARTESIAN_POINT('',(0.,0.));
#2125 = DIRECTION('',(1.,0.));
#2126 = ( GEOMETRIC_REPRESENTATION_CONTEXT(2) 
PARAMETRIC_REPRESENTATION_CONTEXT() REPRESENTATION_CONTEXT('2D SPACE',''
  ) );
#2127 = ORIENTED_EDGE('',*,*,#2128,.F.);
#2128 = EDGE_CURVE('',#2006,#2100,#2129,.T.);
#2129 = SEAM_CURVE('',#2130,(#2134,#2141),.PCURVE_S1.);
#2130 = LINE('',#2131,#2132);
#2131 = CARTESIAN_POINT('',(62.755,22.731889,8.));
#2132 = VECTOR('',#2133,1.);
#2133 = DIRECTION('',(-8.304547985374E-02,2.034027621731E-17,
    0.996545758245));
#2134 = PCURVE('',#2022,#2135);
#2135 = DEFINITIONAL_REPRESENTATION('',(#2136),#2140);
#2136 = LINE('',#2137,#2138);
#2137 = CARTESIAN_POINT('',(-6.28318530718,0.));
#2138 = VECTOR('',#2139,1.);
#2139 = DIRECTION('',(-0.,-1.));
#2140 = ( GEOMETRIC_REPRESENTATION_CONTEXT(2) 
PARAMETRIC_REPRESENTATION_CONTEXT() REPRESENTATION_CONTEXT('2D SPACE',''
  ) );
#2141 = PCURVE('',#2022,#2142);
#2142 = DEFINITIONAL_REPRESENTATION('',(#2143),#2147);
#2143 = LINE('',#2144,#2145);
#2144 = CARTESIAN_POINT('',(0.,-0.));
#2145 = VECTOR('',#2146,1.);
#2146 = DIRECTION('',(-0.,-1.));
#2147 = ( GEOMETRIC_REPRESENTATION_CONTEXT(2) 
PARAMETRIC_REPRESENTATION_CONTEXT() REPRESENTATION_CONTEXT('2D SPACE',''
  ) );
#2148 = ORIENTED_EDGE('',*,*,#2005,.T.);
#2149 = ORIENTED_EDGE('',*,*,#2128,.T.);
#2150 = ADVANCED_FACE('',(#2151),#2061,.T.);
#2151 = FACE_BOUND('',#2152,.T.);
#2152 = EDGE_LOOP('',(#2153));
#2153 = ORIENTED_EDGE('',*,*,#2044,.T.);
#2154 = ADVANCED_FACE('',(#2155),#2116,.T.);
#2155 = FACE_BOUND('',#2156,.T.);
#2156 = EDGE_LOOP('',(#2157));
#2157 = ORIENTED_EDGE('',*,*,#2099,.T.);
#2158 = ( GEOMETRIC_REPRESENTATION_CONTEXT(3) 
GLOBAL_UNCERTAINTY_ASSIGNED_CONTEXT((#2162)) 
GLOBAL_UNIT_ASSIGNED_CONTEXT((#2159,#2160,#2161)) REPRESENTATION_CONTEXT
('Context #1','3D Context with UNIT and UNCERTAINTY') );
#2159 = ( LENGTH_UNIT() NAMED_UNIT(*) SI_UNIT(.MILLI.,.METRE.) );
#2160 = ( NAMED_UNIT(*) PLANE_ANGLE_UNIT() SI_UNIT($,.RADIAN.) );
#2161 = ( NAMED_UNIT(*) SI_UNIT($,.STERADIAN.) SOLID_ANGLE_UNIT() );
#2162 = UNCERTAINTY_MEASURE_WITH_UNIT(LENGTH_MEASURE(1.E-07),#2159,
  'distance_accuracy_value','confusion accuracy');
#2163 = CONTEXT_DEPENDENT_SHAPE_REPRESENTATION(#2164,#2166);
#2164 = ( REPRESENTATION_RELATIONSHIP('','',#1647,#10) 
REPRESENTATION_RELATIONSHIP_WITH_TRANSFORMATION(#2165) 
SHAPE_REPRESENTATION_RELATIONSHIP() );
#2165 = ITEM_DEFINED_TRANSFORMATION('','',#11,#27);
#2166 = PRODUCT_DEFINITION_SHAPE('Placement','Placement of an item',
  #2167);
#2167 = NEXT_ASSEMBLY_USAGE_OCCURRENCE('4','part_0030__04','',#5,#1642,$
  );
#2168 = PRODUCT_RELATED_PRODUCT_CATEGORY('part',$,(#1644));
#2169 = SHAPE_DEFINITION_REPRESENTATION(#2170,#2176);
#2170 = PRODUCT_DEFINITION_SHAPE('','',#2171);
#2171 = PRODUCT_DEFINITION('design','',#2172,#2175);
#2172 = PRODUCT_DEFINITION_FORMATION('','',#2173);
#2173 = PRODUCT('part_0032__01','part_0032__01','',(#2174));
#2174 = PRODUCT_CONTEXT('',#2,'mechanical');
#2175 = PRODUCT_DEFINITION_CONTEXT('part definition',#2,'design');
#2176 = ADVANCED_BREP_SHAPE_REPRESENTATION('',(#11,#2177),#2687);
#2177 = MANIFOLD_SOLID_BREP('',#2178);
#2178 = CLOSED_SHELL('',(#2179,#2299,#2375,#2446,#2473,#2562,#2569,#2624
    ,#2679,#2683));
#2179 = ADVANCED_FACE('',(#2180),#2194,.F.);
#2180 = FACE_BOUND('',#2181,.F.);
#2181 = EDGE_LOOP('',(#2182,#2217,#2245,#2273));
#2182 = ORIENTED_EDGE('',*,*,#2183,.T.);
#2183 = EDGE_CURVE('',#2184,#2186,#2188,.T.);
#2184 = VERTEX_POINT('',#2185);
#2185 = CARTESIAN_POINT('',(69.3,19.,0.));
#2186 = VERTEX_POINT('',#2187);
#2187 = CARTESIAN_POINT('',(69.3,19.,8.));
#2188 = SURFACE_CURVE('',#2189,(#2193,#2205),.PCURVE_S1.);
#2189 = LINE('',#2190,#2191);
#2190 = CARTESIAN_POINT('',(69.3,19.,0.));
#2191 = VECTOR('',#2192,1.);
#2192 = DIRECTION('',(0.,0.,1.));
#2193 = PCURVE('',#2194,#2199);
#2194 = PLANE('',#2195);
#2195 = AXIS2_PLACEMENT_3D('',#2196,#2197,#2198);
#2196 = CARTESIAN_POINT('',(69.3,19.,0.));
#2197 = DIRECTION('',(0.706641732484,0.707571524237,-0.));
#2198 = DIRECTION('',(0.707571524237,-0.706641732484,0.));
#2199 = DEFINITIONAL_REPRESENTATION('',(#2200),#2204);
#2200 = LINE('',#2201,#2202);
#2201 = CARTESIAN_POINT('',(0.,0.));
#2202 = VECTOR('',#2203,1.);
#2203 = DIRECTION('',(0.,-1.));
#2204 = ( GEOMETRIC_REPRESENTATION_CONTEXT(2) 
PARAMETRIC_REPRESENTATION_CONTEXT() REPRESENTATION_CONTEXT('2D SPACE',''
  ) );
#2205 = PCURVE('',#2206,#2211);
#2206 = PLANE('',#2207);
#2207 = AXIS2_PLACEMENT_3D('',#2208,#2209,#2210);
#2208 = CARTESIAN_POINT('',(81.85,25.3,0.));
#2209 = DIRECTION('',(0.448637273837,-0.89371393439,0.));
#2210 = DIRECTION('',(-0.89371393439,-0.448637273837,0.));
#2211 = DEFINITIONAL_REPRESENTATION('',(#2212),#2216);
#2212 = LINE('',#2213,#2214);
#2213 = CARTESIAN_POINT('',(14.042524701776,0.));
#2214 = VECTOR('',#2215,1.);
#2215 = DIRECTION('',(0.,-1.));
#2216 = ( GEOMETRIC_REPRESENTATION_CONTEXT(2) 
PARAMETRIC_REPRESENTATION_CONTEXT() REPRESENTATION_CONTEXT('2D SPACE',''
  ) );
#2217 = ORIENTED_EDGE('',*,*,#2218,.T.);
#2218 = EDGE_CURVE('',#2186,#2219,#2221,.T.);
#2219 = VERTEX_POINT('',#2220);
#2220 = CARTESIAN_POINT('',(88.325,0.,8.));
#2221 = SURFACE_CURVE('',#2222,(#2226,#2233),.PCURVE_S1.);
#2222 = LINE('',#2223,#2224);
#2223 = CARTESIAN_POINT('',(69.3,19.,8.));
#2224 = VECTOR('',#2225,1.);
#2225 = DIRECTION('',(0.707571524237,-0.706641732484,0.));
#2226 = PCURVE('',#2194,#2227);
#2227 = DEFINITIONAL_REPRESENTATION('',(#2228),#2232);
#2228 = LINE('',#2229,#2230);
#2229 = CARTESIAN_POINT('',(0.,-8.));
#2230 = VECTOR('',#2231,1.);
#2231 = DIRECTION('',(1.,0.));
#2232 = ( GEOMETRIC_REPRESENTATION_CONTEXT(2) 
PARAMETRIC_REPRESENTATION_CONTEXT() REPRESENTATION_CONTEXT('2D SPACE',''
  ) );
#2233 = PCURVE('',#2234,#2239);
#2234 = PLANE('',#2235);
#2235 = AXIS2_PLACEMENT_3D('',#2236,#2237,#2238);
#2236 = CARTESIAN_POINT('',(85.087553361865,12.64572891996,8.));
#2237 = DIRECTION('',(0.,0.,1.));
#2238 = DIRECTION('',(1.,0.,0.));
#2239 = DEFINITIONAL_REPRESENTATION('',(#2240),#2244);
#2240 = LINE('',#2241,#2242);
#2241 = CARTESIAN_POINT('',(-15.78755336186,6.35427108004));
#2242 = VECTOR('',#2243,1.);
#2243 = DIRECTION('',(0.707571524237,-0.706641732484));
#2244 = ( GEOMETRIC_REPRESENTATION_CONTEXT(2) 
PARAMETRIC_REPRESENTATION_CONTEXT() REPRESENTATION_CONTEXT('2D SPACE',''
  ) );
#2245 = ORIENTED_EDGE('',*,*,#2246,.F.);
#2246 = EDGE_CURVE('',#2247,#2219,#2249,.T.);
#2247 = VERTEX_POINT('',#2248);
#2248 = CARTESIAN_POINT('',(88.325,0.,0.));
#2249 = SURFACE_CURVE('',#2250,(#2254,#2261),.PCURVE_S1.);
#2250 = LINE('',#2251,#2252);
#2251 = CARTESIAN_POINT('',(88.325,0.,0.));
#2252 = VECTOR('',#2253,1.);
#2253 = DIRECTION('',(0.,0.,1.));
#2254 = PCURVE('',#2194,#2255);
#2255 = DEFINITIONAL_REPRESENTATION('',(#2256),#2260);
#2256 = LINE('',#2257,#2258);
#2257 = CARTESIAN_POINT('',(26.887741165818,0.));
#2258 = VECTOR('',#2259,1.);
#2259 = DIRECTION('',(0.,-1.));
#2260 = ( GEOMETRIC_REPRESENTATION_CONTEXT(2) 
PARAMETRIC_REPRESENTATION_CONTEXT() REPRESENTATION_CONTEXT('2D SPACE',''
  ) );
#2261 = PCURVE('',#2262,#2267);
#2262 = PLANE('',#2263);
#2263 = AXIS2_PLACEMENT_3D('',#2264,#2265,#2266);
#2264 = CARTESIAN_POINT('',(88.325,0.,0.));
#2265 = DIRECTION('',(-0.4472135955,0.894427191,0.));
#2266 = DIRECTION('',(0.894427191,0.4472135955,0.));
#2267 = DEFINITIONAL_REPRESENTATION('',(#2268),#2272);
#2268 = LINE('',#2269,#2270);
#2269 = CARTESIAN_POINT('',(0.,0.));
#2270 = VECTOR('',#2271,1.);
#2271 = DIRECTION('',(0.,-1.));
#2272 = ( GEOMETRIC_REPRESENTATION_CONTEXT(2) 
PARAMETRIC_REPRESENTATION_CONTEXT() REPRESENTATION_CONTEXT('2D SPACE',''
  ) );
#2273 = ORIENTED_EDGE('',*,*,#2274,.F.);
#2274 = EDGE_CURVE('',#2184,#2247,#2275,.T.);
#2275 = SURFACE_CURVE('',#2276,(#2280,#2287),.PCURVE_S1.);
#2276 = LINE('',#2277,#2278);
#2277 = CARTESIAN_POINT('',(69.3,19.,0.));
#2278 = VECTOR('',#2279,1.);
#2279 = DIRECTION('',(0.707571524237,-0.706641732484,0.));
#2280 = PCURVE('',#2194,#2281);
#2281 = DEFINITIONAL_REPRESENTATION('',(#2282),#2286);
#2282 = LINE('',#2283,#2284);
#2283 = CARTESIAN_POINT('',(0.,0.));
#2284 = VECTOR('',#2285,1.);
#2285 = DIRECTION('',(1.,0.));
#2286 = ( GEOMETRIC_REPRESENTATION_CONTEXT(2) 
PARAMETRIC_REPRESENTATION_CONTEXT() REPRESENTATION_CONTEXT('2D SPACE',''
  ) );
#2287 = PCURVE('',#2288,#2293);
#2288 = PLANE('',#2289);
#2289 = AXIS2_PLACEMENT_3D('',#2290,#2291,#2292);
#2290 = CARTESIAN_POINT('',(85.087553361865,12.64572891996,0.));
#2291 = DIRECTION('',(0.,0.,1.));
#2292 = DIRECTION('',(1.,0.,0.));
#2293 = DEFINITIONAL_REPRESENTATION('',(#2294),#2298);
#2294 = LINE('',#2295,#2296);
#2295 = CARTESIAN_POINT('',(-15.78755336186,6.35427108004));
#2296 = VECTOR('',#2297,1.);
#2297 = DIRECTION('',(0.707571524237,-0.706641732484));
#2298 = ( GEOMETRIC_REPRESENTATION_CONTEXT(2) 
PARAMETRIC_REPRESENTATION_CONTEXT() REPRESENTATION_CONTEXT('2D SPACE',''
  ) );
#2299 = ADVANCED_FACE('',(#2300),#2206,.F.);
#2300 = FACE_BOUND('',#2301,.F.);
#2301 = EDGE_LOOP('',(#2302,#2332,#2353,#2354));
#2302 = ORIENTED_EDGE('',*,*,#2303,.T.);
#2303 = EDGE_CURVE('',#2304,#2306,#2308,.T.);
#2304 = VERTEX_POINT('',#2305);
#2305 = CARTESIAN_POINT('',(81.85,25.3,0.));
#2306 = VERTEX_POINT('',#2307);
#2307 = CARTESIAN_POINT('',(81.85,25.3,8.));
#2308 = SURFACE_CURVE('',#2309,(#2313,#2320),.PCURVE_S1.);
#2309 = LINE('',#2310,#2311);
#2310 = CARTESIAN_POINT('',(81.85,25.3,0.));
#2311 = VECTOR('',#2312,1.);
#2312 = DIRECTION('',(0.,0.,1.));
#2313 = PCURVE('',#2206,#2314);
#2314 = DEFINITIONAL_REPRESENTATION('',(#2315),#2319);
#2315 = LINE('',#2316,#2317);
#2316 = CARTESIAN_POINT('',(0.,0.));
#2317 = VECTOR('',#2318,1.);
#2318 = DIRECTION('',(0.,-1.));
#2319 = ( GEOMETRIC_REPRESENTATION_CONTEXT(2) 
PARAMETRIC_REPRESENTATION_CONTEXT() REPRESENTATION_CONTEXT('2D SPACE',''
  ) );
#2320 = PCURVE('',#2321,#2326);
#2321 = PLANE('',#2322);
#2322 = AXIS2_PLACEMENT_3D('',#2323,#2324,#2325);
#2323 = CARTESIAN_POINT('',(100.875,6.275,0.));
#2324 = DIRECTION('',(-0.707106781187,-0.707106781187,0.));
#2325 = DIRECTION('',(-0.707106781187,0.707106781187,0.));
#2326 = DEFINITIONAL_REPRESENTATION('',(#2327),#2331);
#2327 = LINE('',#2328,#2329);
#2328 = CARTESIAN_POINT('',(26.905413024148,0.));
#2329 = VECTOR('',#2330,1.);
#2330 = DIRECTION('',(0.,-1.));
#2331 = ( GEOMETRIC_REPRESENTATION_CONTEXT(2) 
PARAMETRIC_REPRESENTATION_CONTEXT() REPRESENTATION_CONTEXT('2D SPACE',''
  ) );
#2332 = ORIENTED_EDGE('',*,*,#2333,.T.);
#2333 = EDGE_CURVE('',#2306,#2186,#2334,.T.);
#2334 = SURFACE_CURVE('',#2335,(#2339,#2346),.PCURVE_S1.);
#2335 = LINE('',#2336,#2337);
#2336 = CARTESIAN_POINT('',(81.85,25.3,8.));
#2337 = VECTOR('',#2338,1.);
#2338 = DIRECTION('',(-0.89371393439,-0.448637273837,0.));
#2339 = PCURVE('',#2206,#2340);
#2340 = DEFINITIONAL_REPRESENTATION('',(#2341),#2345);
#2341 = LINE('',#2342,#2343);
#2342 = CARTESIAN_POINT('',(0.,-8.));
#2343 = VECTOR('',#2344,1.);
#2344 = DIRECTION('',(1.,0.));
#2345 = ( GEOMETRIC_REPRESENTATION_CONTEXT(2) 
PARAMETRIC_REPRESENTATION_CONTEXT() REPRESENTATION_CONTEXT('2D SPACE',''
  ) );
#2346 = PCURVE('',#2234,#2347);
#2347 = DEFINITIONAL_REPRESENTATION('',(#2348),#2352);
#2348 = LINE('',#2349,#2350);
#2349 = CARTESIAN_POINT('',(-3.237553361865,12.65427108004));
#2350 = VECTOR('',#2351,1.);
#2351 = DIRECTION('',(-0.89371393439,-0.448637273837));
#2352 = ( GEOMETRIC_REPRESENTATION_CONTEXT(2) 
PARAMETRIC_REPRESENTATION_CONTEXT() REPRESENTATION_CONTEXT('2D SPACE',''
  ) );
#2353 = ORIENTED_EDGE('',*,*,#2183,.F.);
#2354 = ORIENTED_EDGE('',*,*,#2355,.F.);
#2355 = EDGE_CURVE('',#2304,#2184,#2356,.T.);
#2356 = SURFACE_CURVE('',#2357,(#2361,#2368),.PCURVE_S1.);
#2357 = LINE('',#2358,#2359);
#2358 = CARTESIAN_POINT('',(81.85,25.3,0.));
#2359 = VECTOR('',#2360,1.);
#2360 = DIRECTION('',(-0.89371393439,-0.448637273837,0.));
#2361 = PCURVE('',#2206,#2362);
#2362 = DEFINITIONAL_REPRESENTATION('',(#2363),#2367);
#2363 = LINE('',#2364,#2365);
#2364 = CARTESIAN_POINT('',(0.,0.));
#2365 = VECTOR('',#2366,1.);
#2366 = DIRECTION('',(1.,0.));
#2367 = ( GEOMETRIC_REPRESENTATION_CONTEXT(2) 
PARAMETRIC_REPRESENTATION_CONTEXT() REPRESENTATION_CONTEXT('2D SPACE',''
  ) );
#2368 = PCURVE('',#2288,#2369);
#2369 = DEFINITIONAL_REPRESENTATION('',(#2370),#2374);
#2370 = LINE('',#2371,#2372);
#2371 = CARTESIAN_POINT('',(-3.237553361865,12.65427108004));
#2372 = VECTOR('',#2373,1.);
#2373 = DIRECTION('',(-0.89371393439,-0.448637273837));
#2374 = ( GEOMETRIC_REPRESENTATION_CONTEXT(2) 
PARAMETRIC_REPRESENTATION_CONTEXT() REPRESENTATION_CONTEXT('2D SPACE',''
  ) );
#2375 = ADVANCED_FACE('',(#2376),#2262,.F.);
#2376 = FACE_BOUND('',#2377,.F.);
#2377 = EDGE_LOOP('',(#2378,#2379,#2402,#2425));
#2378 = ORIENTED_EDGE('',*,*,#2246,.T.);
#2379 = ORIENTED_EDGE('',*,*,#2380,.T.);
#2380 = EDGE_CURVE('',#2219,#2381,#2383,.T.);
#2381 = VERTEX_POINT('',#2382);
#2382 = CARTESIAN_POINT('',(100.875,6.275,8.));
#2383 = SURFACE_CURVE('',#2384,(#2388,#2395),.PCURVE_S1.);
#2384 = LINE('',#2385,#2386);
#2385 = CARTESIAN_POINT('',(88.325,0.,8.));
#2386 = VECTOR('',#2387,1.);
#2387 = DIRECTION('',(0.894427191,0.4472135955,0.));
#2388 = PCURVE('',#2262,#2389);
#2389 = DEFINITIONAL_REPRESENTATION('',(#2390),#2394);
#2390 = LINE('',#2391,#2392);
#2391 = CARTESIAN_POINT('',(0.,-8.));
#2392 = VECTOR('',#2393,1.);
#2393 = DIRECTION('',(1.,0.));
#2394 = ( GEOMETRIC_REPRESENTATION_CONTEXT(2) 
PARAMETRIC_REPRESENTATION_CONTEXT() REPRESENTATION_CONTEXT('2D SPACE',''
  ) );
#2395 = PCURVE('',#2234,#2396);
#2396 = DEFINITIONAL_REPRESENTATION('',(#2397),#2401);
#2397 = LINE('',#2398,#2399);
#2398 = CARTESIAN_POINT('',(3.237446638135,-12.64572891996));
#2399 = VECTOR('',#2400,1.);
#2400 = DIRECTION('',(0.894427191,0.4472135955));
#2401 = ( GEOMETRIC_REPRESENTATION_CONTEXT(2) 
PARAMETRIC_REPRESENTATION_CONTEXT() REPRESENTATION_CONTEXT('2D SPACE',''
  ) );
#2402 = ORIENTED_EDGE('',*,*,#2403,.F.);
#2403 = EDGE_CURVE('',#2404,#2381,#2406,.T.);
#2404 = VERTEX_POINT('',#2405);
#2405 = CARTESIAN_POINT('',(100.875,6.275,0.));
#2406 = SURFACE_CURVE('',#2407,(#2411,#2418),.PCURVE_S1.);
#2407 = LINE('',#2408,#2409);
#2408 = CARTESIAN_POINT('',(100.875,6.275,0.));
#2409 = VECTOR('',#2410,1.);
#2410 = DIRECTION('',(0.,0.,1.));
#2411 = PCURVE('',#2262,#2412);
#2412 = DEFINITIONAL_REPRESENTATION('',(#2413),#2417);
#2413 = LINE('',#2414,#2415);
#2414 = CARTESIAN_POINT('',(14.031326558811,0.));
#2415 = VECTOR('',#2416,1.);
#2416 = DIRECTION('',(0.,-1.));
#2417 = ( GEOMETRIC_REPRESENTATION_CONTEXT(2) 
PARAMETRIC_REPRESENTATION_CONTEXT() REPRESENTATION_CONTEXT('2D SPACE',''
  ) );
#2418 = PCURVE('',#2321,#2419);
#2419 = DEFINITIONAL_REPRESENTATION('',(#2420),#2424);
#2420 = LINE('',#2421,#2422);
#2421 = CARTESIAN_POINT('',(0.,0.));
#2422 = VECTOR('',#2423,1.);
#2423 = DIRECTION('',(0.,-1.));
#2424 = ( GEOMETRIC_REPRESENTATION_CONTEXT(2) 
PARAMETRIC_REPRESENTATION_CONTEXT() REPRESENTATION_CONTEXT('2D SPACE',''
  ) );
#2425 = ORIENTED_EDGE('',*,*,#2426,.F.);
#2426 = EDGE_CURVE('',#2247,#2404,#2427,.T.);
#2427 = SURFACE_CURVE('',#2428,(#2432,#2439),.PCURVE_S1.);
#2428 = LINE('',#2429,#2430);
#2429 = CARTESIAN_POINT('',(88.325,0.,0.));
#2430 = VECTOR('',#2431,1.);
#2431 = DIRECTION('',(0.894427191,0.4472135955,0.));
#2432 = PCURVE('',#2262,#2433);
#2433 = DEFINITIONAL_REPRESENTATION('',(#2434),#2438);
#2434 = LINE('',#2435,#2436);
#2435 = CARTESIAN_POINT('',(0.,0.));
#2436 = VECTOR('',#2437,1.);
#2437 = DIRECTION('',(1.,0.));
#2438 = ( GEOMETRIC_REPRESENTATION_CONTEXT(2) 
PARAMETRIC_REPRESENTATION_CONTEXT() REPRESENTATION_CONTEXT('2D SPACE',''
  ) );
#2439 = PCURVE('',#2288,#2440);
#2440 = DEFINITIONAL_REPRESENTATION('',(#2441),#2445);
#2441 = LINE('',#2442,#2443);
#2442 = CARTESIAN_POINT('',(3.237446638135,-12.64572891996));
#2443 = VECTOR('',#2444,1.);
#2444 = DIRECTION('',(0.894427191,0.4472135955));
#2445 = ( GEOMETRIC_REPRESENTATION_CONTEXT(2) 
PARAMETRIC_REPRESENTATION_CONTEXT() REPRESENTATION_CONTEXT('2D SPACE',''
  ) );
#2446 = ADVANCED_FACE('',(#2447),#2288,.F.);
#2447 = FACE_BOUND('',#2448,.F.);
#2448 = EDGE_LOOP('',(#2449,#2450,#2451,#2472));
#2449 = ORIENTED_EDGE('',*,*,#2274,.T.);
#2450 = ORIENTED_EDGE('',*,*,#2426,.T.);
#2451 = ORIENTED_EDGE('',*,*,#2452,.T.);
#2452 = EDGE_CURVE('',#2404,#2304,#2453,.T.);
#2453 = SURFACE_CURVE('',#2454,(#2458,#2465),.PCURVE_S1.);
#2454 = LINE('',#2455,#2456);
#2455 = CARTESIAN_POINT('',(100.875,6.275,0.));
#2456 = VECTOR('',#2457,1.);
#2457 = DIRECTION('',(-0.707106781187,0.707106781187,0.));
#2458 = PCURVE('',#2288,#2459);
#2459 = DEFINITIONAL_REPRESENTATION('',(#2460),#2464);
#2460 = LINE('',#2461,#2462);
#2461 = CARTESIAN_POINT('',(15.787446638135,-6.37072891996));
#2462 = VECTOR('',#2463,1.);
#2463 = DIRECTION('',(-0.707106781187,0.707106781187));
#2464 = ( GEOMETRIC_REPRESENTATION_CONTEXT(2) 
PARAMETRIC_REPRESENTATION_CONTEXT() REPRESENTATION_CONTEXT('2D SPACE',''
  ) );
#2465 = PCURVE('',#2321,#2466);
#2466 = DEFINITIONAL_REPRESENTATION('',(#2467),#2471);
#2467 = LINE('',#2468,#2469);
#2468 = CARTESIAN_POINT('',(0.,0.));
#2469 = VECTOR('',#2470,1.);
#2470 = DIRECTION('',(1.,0.));
#2471 = ( GEOMETRIC_REPRESENTATION_CONTEXT(2) 
PARAMETRIC_REPRESENTATION_CONTEXT() REPRESENTATION_CONTEXT('2D SPACE',''
  ) );
#2472 = ORIENTED_EDGE('',*,*,#2355,.T.);
#2473 = ADVANCED_FACE('',(#2474,#2500,#2531),#2234,.T.);
#2474 = FACE_BOUND('',#2475,.T.);
#2475 = EDGE_LOOP('',(#2476,#2477,#2478,#2499));
#2476 = ORIENTED_EDGE('',*,*,#2218,.T.);
#2477 = ORIENTED_EDGE('',*,*,#2380,.T.);
#2478 = ORIENTED_EDGE('',*,*,#2479,.T.);
#2479 = EDGE_CURVE('',#2381,#2306,#2480,.T.);
#2480 = SURFACE_CURVE('',#2481,(#2485,#2492),.PCURVE_S1.);
#2481 = LINE('',#2482,#2483);
#2482 = CARTESIAN_POINT('',(100.875,6.275,8.));
#2483 = VECTOR('',#2484,1.);
#2484 = DIRECTION('',(-0.707106781187,0.707106781187,0.));
#2485 = PCURVE('',#2234,#2486);
#2486 = DEFINITIONAL_REPRESENTATION('',(#2487),#2491);
#2487 = LINE('',#2488,#2489);
#2488 = CARTESIAN_POINT('',(15.787446638135,-6.37072891996));
#2489 = VECTOR('',#2490,1.);
#2490 = DIRECTION('',(-0.707106781187,0.707106781187));
#2491 = ( GEOMETRIC_REPRESENTATION_CONTEXT(2) 
PARAMETRIC_REPRESENTATION_CONTEXT() REPRESENTATION_CONTEXT('2D SPACE',''
  ) );
#2492 = PCURVE('',#2321,#2493);
#2493 = DEFINITIONAL_REPRESENTATION('',(#2494),#2498);
#2494 = LINE('',#2495,#2496);
#2495 = CARTESIAN_POINT('',(0.,-8.));
#2496 = VECTOR('',#2497,1.);
#2497 = DIRECTION('',(1.,0.));
#2498 = ( GEOMETRIC_REPRESENTATION_CONTEXT(2) 
PARAMETRIC_REPRESENTATION_CONTEXT() REPRESENTATION_CONTEXT('2D SPACE',''
  ) );
#2499 = ORIENTED_EDGE('',*,*,#2333,.T.);
#2500 = FACE_BOUND('',#2501,.T.);
#2501 = EDGE_LOOP('',(#2502));
#2502 = ORIENTED_EDGE('',*,*,#2503,.F.);
#2503 = EDGE_CURVE('',#2504,#2504,#2506,.T.);
#2504 = VERTEX_POINT('',#2505);
#2505 = CARTESIAN_POINT('',(93.523442,7.103179,8.));
#2506 = SURFACE_CURVE('',#2507,(#2512,#2519),.PCURVE_S1.);
#2507 = CIRCLE('',#2508,1.8);
#2508 = AXIS2_PLACEMENT_3D('',#2509,#2510,#2511);
#2509 = CARTESIAN_POINT('',(91.723442,7.103179,8.));
#2510 = DIRECTION('',(0.,0.,1.));
#2511 = DIRECTION('',(1.,0.,0.));
#2512 = PCURVE('',#2234,#2513);
#2513 = DEFINITIONAL_REPRESENTATION('',(#2514),#2518);
#2514 = CIRCLE('',#2515,1.8);
#2515 = AXIS2_PLACEMENT_2D('',#2516,#2517);
#2516 = CARTESIAN_POINT('',(6.635888638135,-5.54254991996));
#2517 = DIRECTION('',(1.,0.));
#2518 = ( GEOMETRIC_REPRESENTATION_CONTEXT(2) 
PARAMETRIC_REPRESENTATION_CONTEXT() REPRESENTATION_CONTEXT('2D SPACE',''
  ) );
#2519 = PCURVE('',#2520,#2525);
#2520 = CONICAL_SURFACE('',#2521,1.8,8.314123188844E-02);
#2521 = AXIS2_PLACEMENT_3D('',#2522,#2523,#2524);
#2522 = CARTESIAN_POINT('',(91.723442,7.103179,8.));
#2523 = DIRECTION('',(-0.,-0.,-1.));
#2524 = DIRECTION('',(1.,0.,0.));
#2525 = DEFINITIONAL_REPRESENTATION('',(#2526),#2530);
#2526 = LINE('',#2527,#2528);
#2527 = CARTESIAN_POINT('',(-0.,-0.));
#2528 = VECTOR('',#2529,1.);
#2529 = DIRECTION('',(-1.,-0.));
#2530 = ( GEOMETRIC_REPRESENTATION_CONTEXT(2) 
PARAMETRIC_REPRESENTATION_CONTEXT() REPRESENTATION_CONTEXT('2D SPACE',''
  ) );
#2531 = FACE_BOUND('',#2532,.T.);
#2532 = EDGE_LOOP('',(#2533));
#2533 = ORIENTED_EDGE('',*,*,#2534,.F.);
#2534 = EDGE_CURVE('',#2535,#2535,#2537,.T.);
#2535 = VERTEX_POINT('',#2536);
#2536 = CARTESIAN_POINT('',(80.249354,15.421145,8.));
#2537 = SURFACE_CURVE('',#2538,(#2543,#2550),.PCURVE_S1.);
#2538 = CIRCLE('',#2539,1.8);
#2539 = AXIS2_PLACEMENT_3D('',#2540,#2541,#2542);
#2540 = CARTESIAN_POINT('',(78.449354,15.421145,8.));
#2541 = DIRECTION('',(0.,0.,1.));
#2542 = DIRECTION('',(1.,0.,0.));
#2543 = PCURVE('',#2234,#2544);
#2544 = DEFINITIONAL_REPRESENTATION('',(#2545),#2549);
#2545 = CIRCLE('',#2546,1.8);
#2546 = AXIS2_PLACEMENT_2D('',#2547,#2548);
#2547 = CARTESIAN_POINT('',(-6.638199361865,2.77541608004));
#2548 = DIRECTION('',(1.,0.));
#2549 = ( GEOMETRIC_REPRESENTATION_CONTEXT(2) 
PARAMETRIC_REPRESENTATION_CONTEXT() REPRESENTATION_CONTEXT('2D SPACE',''
  ) );
#2550 = PCURVE('',#2551,#2556);
#2551 = CONICAL_SURFACE('',#2552,1.8,8.314123188844E-02);
#2552 = AXIS2_PLACEMENT_3D('',#2553,#2554,#2555);
#2553 = CARTESIAN_POINT('',(78.449354,15.421145,8.));
#2554 = DIRECTION('',(-0.,-0.,-1.));
#2555 = DIRECTION('',(1.,0.,0.));
#2556 = DEFINITIONAL_REPRESENTATION('',(#2557),#2561);
#2557 = LINE('',#2558,#2559);
#2558 = CARTESIAN_POINT('',(-0.,-0.));
#2559 = VECTOR('',#2560,1.);
#2560 = DIRECTION('',(-1.,-0.));
#2561 = ( GEOMETRIC_REPRESENTATION_CONTEXT(2) 
PARAMETRIC_REPRESENTATION_CONTEXT() REPRESENTATION_CONTEXT('2D SPACE',''
  ) );
#2562 = ADVANCED_FACE('',(#2563),#2321,.F.);
#2563 = FACE_BOUND('',#2564,.F.);
#2564 = EDGE_LOOP('',(#2565,#2566,#2567,#2568));
#2565 = ORIENTED_EDGE('',*,*,#2403,.T.);
#2566 = ORIENTED_EDGE('',*,*,#2479,.T.);
#2567 = ORIENTED_EDGE('',*,*,#2303,.F.);
#2568 = ORIENTED_EDGE('',*,*,#2452,.F.);
#2569 = ADVANCED_FACE('',(#2570),#2520,.T.);
#2570 = FACE_BOUND('',#2571,.T.);
#2571 = EDGE_LOOP('',(#2572,#2601,#2622,#2623));
#2572 = ORIENTED_EDGE('',*,*,#2573,.F.);
#2573 = EDGE_CURVE('',#2574,#2574,#2576,.T.);
#2574 = VERTEX_POINT('',#2575);
#2575 = CARTESIAN_POINT('',(93.273442,7.103179,11.));
#2576 = SURFACE_CURVE('',#2577,(#2582,#2589),.PCURVE_S1.);
#2577 = CIRCLE('',#2578,1.55);
#2578 = AXIS2_PLACEMENT_3D('',#2579,#2580,#2581);
#2579 = CARTESIAN_POINT('',(91.723442,7.103179,11.));
#2580 = DIRECTION('',(0.,0.,1.));
#2581 = DIRECTION('',(1.,0.,0.));
#2582 = PCURVE('',#2520,#2583);
#2583 = DEFINITIONAL_REPRESENTATION('',(#2584),#2588);
#2584 = LINE('',#2585,#2586);
#2585 = CARTESIAN_POINT('',(-0.,-3.));
#2586 = VECTOR('',#2587,1.);
#2587 = DIRECTION('',(-1.,-0.));
#2588 = ( GEOMETRIC_REPRESENTATION_CONTEXT(2) 
PARAMETRIC_REPRESENTATION_CONTEXT() REPRESENTATION_CONTEXT('2D SPACE',''
  ) );
#2589 = PCURVE('',#2590,#2595);
#2590 = PLANE('',#2591);
#2591 = AXIS2_PLACEMENT_3D('',#2592,#2593,#2594);
#2592 = CARTESIAN_POINT('',(91.723442,7.103179,11.));
#2593 = DIRECTION('',(0.,0.,1.));
#2594 = DIRECTION('',(1.,0.,0.));
#2595 = DEFINITIONAL_REPRESENTATION('',(#2596),#2600);
#2596 = CIRCLE('',#2597,1.55);
#2597 = AXIS2_PLACEMENT_2D('',#2598,#2599);
#2598 = CARTESIAN_POINT('',(0.,0.));
#2599 = DIRECTION('',(1.,0.));
#2600 = ( GEOMETRIC_REPRESENTATION_CONTEXT(2) 
PARAMETRIC_REPRESENTATION_CONTEXT() REPRESENTATION_CONTEXT('2D SPACE',''
  ) );
#2601 = ORIENTED_EDGE('',*,*,#2602,.F.);
#2602 = EDGE_CURVE('',#2504,#2574,#2603,.T.);
#2603 = SEAM_CURVE('',#2604,(#2608,#2615),.PCURVE_S1.);
#2604 = LINE('',#2605,#2606);
#2605 = CARTESIAN_POINT('',(93.523442,7.103179,8.));
#2606 = VECTOR('',#2607,1.);
#2607 = DIRECTION('',(-8.304547985374E-02,2.034027621731E-17,
    0.996545758245));
#2608 = PCURVE('',#2520,#2609);
#2609 = DEFINITIONAL_REPRESENTATION('',(#2610),#2614);
#2610 = LINE('',#2611,#2612);
#2611 = CARTESIAN_POINT('',(-6.28318530718,0.));
#2612 = VECTOR('',#2613,1.);
#2613 = DIRECTION('',(-0.,-1.));
#2614 = ( GEOMETRIC_REPRESENTATION_CONTEXT(2) 
PARAMETRIC_REPRESENTATION_CONTEXT() REPRESENTATION_CONTEXT('2D SPACE',''
  ) );
#2615 = PCURVE('',#2520,#2616);
#2616 = DEFINITIONAL_REPRESENTATION('',(#2617),#2621);
#2617 = LINE('',#2618,#2619);
#2618 = CARTESIAN_POINT('',(0.,-0.));
#2619 = VECTOR('',#2620,1.);
#2620 = DIRECTION('',(-0.,-1.));
#2621 = ( GEOMETRIC_REPRESENTATION_CONTEXT(2) 
PARAMETRIC_REPRESENTATION_CONTEXT() REPRESENTATION_CONTEXT('2D SPACE',''
  ) );
#2622 = ORIENTED_EDGE('',*,*,#2503,.T.);
#2623 = ORIENTED_EDGE('',*,*,#2602,.T.);
#2624 = ADVANCED_FACE('',(#2625),#2551,.T.);
#2625 = FACE_BOUND('',#2626,.T.);
#2626 = EDGE_LOOP('',(#2627,#2656,#2677,#2678));
#2627 = ORIENTED_EDGE('',*,*,#2628,.F.);
#2628 = EDGE_CURVE('',#2629,#2629,#2631,.T.);
#2629 = VERTEX_POINT('',#2630);
#2630 = CARTESIAN_POINT('',(79.999354,15.421145,11.));
#2631 = SURFACE_CURVE('',#2632,(#2637,#2644),.PCURVE_S1.);
#2632 = CIRCLE('',#2633,1.55);
#2633 = AXIS2_PLACEMENT_3D('',#2634,#2635,#2636);
#2634 = CARTESIAN_POINT('',(78.449354,15.421145,11.));
#2635 = DIRECTION('',(0.,0.,1.));
#2636 = DIRECTION('',(1.,0.,0.));
#2637 = PCURVE('',#2551,#2638);
#2638 = DEFINITIONAL_REPRESENTATION('',(#2639),#2643);
#2639 = LINE('',#2640,#2641);
#2640 = CARTESIAN_POINT('',(-0.,-3.));
#2641 = VECTOR('',#2642,1.);
#2642 = DIRECTION('',(-1.,-0.));
#2643 = ( GEOMETRIC_REPRESENTATION_CONTEXT(2) 
PARAMETRIC_REPRESENTATION_CONTEXT() REPRESENTATION_CONTEXT('2D SPACE',''
  ) );
#2644 = PCURVE('',#2645,#2650);
#2645 = PLANE('',#2646);
#2646 = AXIS2_PLACEMENT_3D('',#2647,#2648,#2649);
#2647 = CARTESIAN_POINT('',(78.449354,15.421145,11.));
#2648 = DIRECTION('',(0.,0.,1.));
#2649 = DIRECTION('',(1.,0.,0.));
#2650 = DEFINITIONAL_REPRESENTATION('',(#2651),#2655);
#2651 = CIRCLE('',#2652,1.55);
#2652 = AXIS2_PLACEMENT_2D('',#2653,#2654);
#2653 = CARTESIAN_POINT('',(0.,0.));
#2654 = DIRECTION('',(1.,0.));
#2655 = ( GEOMETRIC_REPRESENTATION_CONTEXT(2) 
PARAMETRIC_REPRESENTATION_CONTEXT() REPRESENTATION_CONTEXT('2D SPACE',''
  ) );
#2656 = ORIENTED_EDGE('',*,*,#2657,.F.);
#2657 = EDGE_CURVE('',#2535,#2629,#2658,.T.);
#2658 = SEAM_CURVE('',#2659,(#2663,#2670),.PCURVE_S1.);
#2659 = LINE('',#2660,#2661);
#2660 = CARTESIAN_POINT('',(80.249354,15.421145,8.));
#2661 = VECTOR('',#2662,1.);
#2662 = DIRECTION('',(-8.304547985374E-02,2.034027621731E-17,
    0.996545758245));
#2663 = PCURVE('',#2551,#2664);
#2664 = DEFINITIONAL_REPRESENTATION('',(#2665),#2669);
#2665 = LINE('',#2666,#2667);
#2666 = CARTESIAN_POINT('',(-6.28318530718,0.));
#2667 = VECTOR('',#2668,1.);
#2668 = DIRECTION('',(-0.,-1.));
#2669 = ( GEOMETRIC_REPRESENTATION_CONTEXT(2) 
PARAMETRIC_REPRESENTATION_CONTEXT() REPRESENTATION_CONTEXT('2D SPACE',''
  ) );
#2670 = PCURVE('',#2551,#2671);
#2671 = DEFINITIONAL_REPRESENTATION('',(#2672),#2676);
#2672 = LINE('',#2673,#2674);
#2673 = CARTESIAN_POINT('',(0.,-0.));
#2674 = VECTOR('',#2675,1.);
#2675 = DIRECTION('',(-0.,-1.));
#2676 = ( GEOMETRIC_REPRESENTATION_CONTEXT(2) 
PARAMETRIC_REPRESENTATION_CONTEXT() REPRESENTATION_CONTEXT('2D SPACE',''
  ) );
#2677 = ORIENTED_EDGE('',*,*,#2534,.T.);
#2678 = ORIENTED_EDGE('',*,*,#2657,.T.);
#2679 = ADVANCED_FACE('',(#2680),#2590,.T.);
#2680 = FACE_BOUND('',#2681,.T.);
#2681 = EDGE_LOOP('',(#2682));
#2682 = ORIENTED_EDGE('',*,*,#2573,.T.);
#2683 = ADVANCED_FACE('',(#2684),#2645,.T.);
#2684 = FACE_BOUND('',#2685,.T.);
#2685 = EDGE_LOOP('',(#2686));
#2686 = ORIENTED_EDGE('',*,*,#2628,.T.);
#2687 = ( GEOMETRIC_REPRESENTATION_CONTEXT(3) 
GLOBAL_UNCERTAINTY_ASSIGNED_CONTEXT((#2691)) 
GLOBAL_UNIT_ASSIGNED_CONTEXT((#2688,#2689,#2690)) REPRESENTATION_CONTEXT
('Context #1','3D Context with UNIT and UNCERTAINTY') );
#2688 = ( LENGTH_UNIT() NAMED_UNIT(*) SI_UNIT(.MILLI.,.METRE.) );
#2689 = ( NAMED_UNIT(*) PLANE_ANGLE_UNIT() SI_UNIT($,.RADIAN.) );
#2690 = ( NAMED_UNIT(*) SI_UNIT($,.STERADIAN.) SOLID_ANGLE_UNIT() );
#2691 = UNCERTAINTY_MEASURE_WITH_UNIT(LENGTH_MEASURE(1.E-07),#2688,
  'distance_accuracy_value','confusion accuracy');
#2692 = CONTEXT_DEPENDENT_SHAPE_REPRESENTATION(#2693,#2695);
#2693 = ( REPRESENTATION_RELATIONSHIP('','',#2176,#10) 
REPRESENTATION_RELATIONSHIP_WITH_TRANSFORMATION(#2694) 
SHAPE_REPRESENTATION_RELATIONSHIP() );
#2694 = ITEM_DEFINED_TRANSFORMATION('','',#11,#31);
#2695 = PRODUCT_DEFINITION_SHAPE('Placement','Placement of an item',
  #2696);
#2696 = NEXT_ASSEMBLY_USAGE_OCCURRENCE('5','part_0032__01','',#5,#2171,$
  );
#2697 = PRODUCT_RELATED_PRODUCT_CATEGORY('part',$,(#2173));
#2698 = SHAPE_DEFINITION_REPRESENTATION(#2699,#2705);
#2699 = PRODUCT_DEFINITION_SHAPE('','',#2700);
#2700 = PRODUCT_DEFINITION('design','',#2701,#2704);
#2701 = PRODUCT_DEFINITION_FORMATION('','',#2702);
#2702 = PRODUCT('part_0032__02','part_0032__02','',(#2703));
#2703 = PRODUCT_CONTEXT('',#2,'mechanical');
#2704 = PRODUCT_DEFINITION_CONTEXT('part definition',#2,'design');
#2705 = ADVANCED_BREP_SHAPE_REPRESENTATION('',(#11,#2706),#3216);
#2706 = MANIFOLD_SOLID_BREP('',#2707);
#2707 = CLOSED_SHELL('',(#2708,#2828,#2904,#2975,#3002,#3091,#3098,#3153
    ,#3208,#3212));
#2708 = ADVANCED_FACE('',(#2709),#2723,.F.);
#2709 = FACE_BOUND('',#2710,.F.);
#2710 = EDGE_LOOP('',(#2711,#2746,#2774,#2802));
#2711 = ORIENTED_EDGE('',*,*,#2712,.T.);
#2712 = EDGE_CURVE('',#2713,#2715,#2717,.T.);
#2713 = VERTEX_POINT('',#2714);
#2714 = CARTESIAN_POINT('',(104.875,19.,0.));
#2715 = VERTEX_POINT('',#2716);
#2716 = CARTESIAN_POINT('',(104.875,19.,8.));
#2717 = SURFACE_CURVE('',#2718,(#2722,#2734),.PCURVE_S1.);
#2718 = LINE('',#2719,#2720);
#2719 = CARTESIAN_POINT('',(104.875,19.,0.));
#2720 = VECTOR('',#2721,1.);
#2721 = DIRECTION('',(0.,0.,1.));
#2722 = PCURVE('',#2723,#2728);
#2723 = PLANE('',#2724);
#2724 = AXIS2_PLACEMENT_3D('',#2725,#2726,#2727);
#2725 = CARTESIAN_POINT('',(104.875,19.,0.));
#2726 = DIRECTION('',(0.706641732484,0.707571524237,-0.));
#2727 = DIRECTION('',(0.707571524237,-0.706641732484,0.));
#2728 = DEFINITIONAL_REPRESENTATION('',(#2729),#2733);
#2729 = LINE('',#2730,#2731);
#2730 = CARTESIAN_POINT('',(0.,0.));
#2731 = VECTOR('',#2732,1.);
#2732 = DIRECTION('',(0.,-1.));
#2733 = ( GEOMETRIC_REPRESENTATION_CONTEXT(2) 
PARAMETRIC_REPRESENTATION_CONTEXT() REPRESENTATION_CONTEXT('2D SPACE',''
  ) );
#2734 = PCURVE('',#2735,#2740);
#2735 = PLANE('',#2736);
#2736 = AXIS2_PLACEMENT_3D('',#2737,#2738,#2739);
#2737 = CARTESIAN_POINT('',(117.425,25.3,0.));
#2738 = DIRECTION('',(0.448637273837,-0.89371393439,0.));
#2739 = DIRECTION('',(-0.89371393439,-0.448637273837,0.));
#2740 = DEFINITIONAL_REPRESENTATION('',(#2741),#2745);
#2741 = LINE('',#2742,#2743);
#2742 = CARTESIAN_POINT('',(14.042524701776,0.));
#2743 = VECTOR('',#2744,1.);
#2744 = DIRECTION('',(0.,-1.));
#2745 = ( GEOMETRIC_REPRESENTATION_CONTEXT(2) 
PARAMETRIC_REPRESENTATION_CONTEXT() REPRESENTATION_CONTEXT('2D SPACE',''
  ) );
#2746 = ORIENTED_EDGE('',*,*,#2747,.T.);
#2747 = EDGE_CURVE('',#2715,#2748,#2750,.T.);
#2748 = VERTEX_POINT('',#2749);
#2749 = CARTESIAN_POINT('',(123.9,0.,8.));
#2750 = SURFACE_CURVE('',#2751,(#2755,#2762),.PCURVE_S1.);
#2751 = LINE('',#2752,#2753);
#2752 = CARTESIAN_POINT('',(104.875,19.,8.));
#2753 = VECTOR('',#2754,1.);
#2754 = DIRECTION('',(0.707571524237,-0.706641732484,0.));
#2755 = PCURVE('',#2723,#2756);
#2756 = DEFINITIONAL_REPRESENTATION('',(#2757),#2761);
#2757 = LINE('',#2758,#2759);
#2758 = CARTESIAN_POINT('',(0.,-8.));
#2759 = VECTOR('',#2760,1.);
#2760 = DIRECTION('',(1.,0.));
#2761 = ( GEOMETRIC_REPRESENTATION_CONTEXT(2) 
PARAMETRIC_REPRESENTATION_CONTEXT() REPRESENTATION_CONTEXT('2D SPACE',''
  ) );
#2762 = PCURVE('',#2763,#2768);
#2763 = PLANE('',#2764);
#2764 = AXIS2_PLACEMENT_3D('',#2765,#2766,#2767);
#2765 = CARTESIAN_POINT('',(120.66255336186,12.64572891996,8.));
#2766 = DIRECTION('',(0.,0.,1.));
#2767 = DIRECTION('',(1.,0.,0.));
#2768 = DEFINITIONAL_REPRESENTATION('',(#2769),#2773);
#2769 = LINE('',#2770,#2771);
#2770 = CARTESIAN_POINT('',(-15.78755336186,6.35427108004));
#2771 = VECTOR('',#2772,1.);
#2772 = DIRECTION('',(0.707571524237,-0.706641732484));
#2773 = ( GEOMETRIC_REPRESENTATION_CONTEXT(2) 
PARAMETRIC_REPRESENTATION_CONTEXT() REPRESENTATION_CONTEXT('2D SPACE',''
  ) );
#2774 = ORIENTED_EDGE('',*,*,#2775,.F.);
#2775 = EDGE_CURVE('',#2776,#2748,#2778,.T.);
#2776 = VERTEX_POINT('',#2777);
#2777 = CARTESIAN_POINT('',(123.9,0.,0.));
#2778 = SURFACE_CURVE('',#2779,(#2783,#2790),.PCURVE_S1.);
#2779 = LINE('',#2780,#2781);
#2780 = CARTESIAN_POINT('',(123.9,0.,0.));
#2781 = VECTOR('',#2782,1.);
#2782 = DIRECTION('',(0.,0.,1.));
#2783 = PCURVE('',#2723,#2784);
#2784 = DEFINITIONAL_REPRESENTATION('',(#2785),#2789);
#2785 = LINE('',#2786,#2787);
#2786 = CARTESIAN_POINT('',(26.887741165818,0.));
#2787 = VECTOR('',#2788,1.);
#2788 = DIRECTION('',(0.,-1.));
#2789 = ( GEOMETRIC_REPRESENTATION_CONTEXT(2) 
PARAMETRIC_REPRESENTATION_CONTEXT() REPRESENTATION_CONTEXT('2D SPACE',''
  ) );
#2790 = PCURVE('',#2791,#2796);
#2791 = PLANE('',#2792);
#2792 = AXIS2_PLACEMENT_3D('',#2793,#2794,#2795);
#2793 = CARTESIAN_POINT('',(123.9,0.,0.));
#2794 = DIRECTION('',(-0.4472135955,0.894427191,0.));
#2795 = DIRECTION('',(0.894427191,0.4472135955,0.));
#2796 = DEFINITIONAL_REPRESENTATION('',(#2797),#2801);
#2797 = LINE('',#2798,#2799);
#2798 = CARTESIAN_POINT('',(0.,0.));
#2799 = VECTOR('',#2800,1.);
#2800 = DIRECTION('',(0.,-1.));
#2801 = ( GEOMETRIC_REPRESENTATION_CONTEXT(2) 
PARAMETRIC_REPRESENTATION_CONTEXT() REPRESENTATION_CONTEXT('2D SPACE',''
  ) );
#2802 = ORIENTED_EDGE('',*,*,#2803,.F.);
#2803 = EDGE_CURVE('',#2713,#2776,#2804,.T.);
#2804 = SURFACE_CURVE('',#2805,(#2809,#2816),.PCURVE_S1.);
#2805 = LINE('',#2806,#2807);
#2806 = CARTESIAN_POINT('',(104.875,19.,0.));
#2807 = VECTOR('',#2808,1.);
#2808 = DIRECTION('',(0.707571524237,-0.706641732484,0.));
#2809 = PCURVE('',#2723,#2810);
#2810 = DEFINITIONAL_REPRESENTATION('',(#2811),#2815);
#2811 = LINE('',#2812,#2813);
#2812 = CARTESIAN_POINT('',(0.,0.));
#2813 = VECTOR('',#2814,1.);
#2814 = DIRECTION('',(1.,0.));
#2815 = ( GEOMETRIC_REPRESENTATION_CONTEXT(2) 
PARAMETRIC_REPRESENTATION_CONTEXT() REPRESENTATION_CONTEXT('2D SPACE',''
  ) );
#2816 = PCURVE('',#2817,#2822);
#2817 = PLANE('',#2818);
#2818 = AXIS2_PLACEMENT_3D('',#2819,#2820,#2821);
#2819 = CARTESIAN_POINT('',(120.66255336186,12.64572891996,0.));
#2820 = DIRECTION('',(0.,0.,1.));
#2821 = DIRECTION('',(1.,0.,0.));
#2822 = DEFINITIONAL_REPRESENTATION('',(#2823),#2827);
#2823 = LINE('',#2824,#2825);
#2824 = CARTESIAN_POINT('',(-15.78755336186,6.35427108004));
#2825 = VECTOR('',#2826,1.);
#2826 = DIRECTION('',(0.707571524237,-0.706641732484));
#2827 = ( GEOMETRIC_REPRESENTATION_CONTEXT(2) 
PARAMETRIC_REPRESENTATION_CONTEXT() REPRESENTATION_CONTEXT('2D SPACE',''
  ) );
#2828 = ADVANCED_FACE('',(#2829),#2735,.F.);
#2829 = FACE_BOUND('',#2830,.F.);
#2830 = EDGE_LOOP('',(#2831,#2861,#2882,#2883));
#2831 = ORIENTED_EDGE('',*,*,#2832,.T.);
#2832 = EDGE_CURVE('',#2833,#2835,#2837,.T.);
#2833 = VERTEX_POINT('',#2834);
#2834 = CARTESIAN_POINT('',(117.425,25.3,0.));
#2835 = VERTEX_POINT('',#2836);
#2836 = CARTESIAN_POINT('',(117.425,25.3,8.));
#2837 = SURFACE_CURVE('',#2838,(#2842,#2849),.PCURVE_S1.);
#2838 = LINE('',#2839,#2840);
#2839 = CARTESIAN_POINT('',(117.425,25.3,0.));
#2840 = VECTOR('',#2841,1.);
#2841 = DIRECTION('',(0.,0.,1.));
#2842 = PCURVE('',#2735,#2843);
#2843 = DEFINITIONAL_REPRESENTATION('',(#2844),#2848);
#2844 = LINE('',#2845,#2846);
#2845 = CARTESIAN_POINT('',(0.,0.));
#2846 = VECTOR('',#2847,1.);
#2847 = DIRECTION('',(0.,-1.));
#2848 = ( GEOMETRIC_REPRESENTATION_CONTEXT(2) 
PARAMETRIC_REPRESENTATION_CONTEXT() REPRESENTATION_CONTEXT('2D SPACE',''
  ) );
#2849 = PCURVE('',#2850,#2855);
#2850 = PLANE('',#2851);
#2851 = AXIS2_PLACEMENT_3D('',#2852,#2853,#2854);
#2852 = CARTESIAN_POINT('',(136.45,6.275,0.));
#2853 = DIRECTION('',(-0.707106781187,-0.707106781187,0.));
#2854 = DIRECTION('',(-0.707106781187,0.707106781187,0.));
#2855 = DEFINITIONAL_REPRESENTATION('',(#2856),#2860);
#2856 = LINE('',#2857,#2858);
#2857 = CARTESIAN_POINT('',(26.905413024148,0.));
#2858 = VECTOR('',#2859,1.);
#2859 = DIRECTION('',(0.,-1.));
#2860 = ( GEOMETRIC_REPRESENTATION_CONTEXT(2) 
PARAMETRIC_REPRESENTATION_CONTEXT() REPRESENTATION_CONTEXT('2D SPACE',''
  ) );
#2861 = ORIENTED_EDGE('',*,*,#2862,.T.);
#2862 = EDGE_CURVE('',#2835,#2715,#2863,.T.);
#2863 = SURFACE_CURVE('',#2864,(#2868,#2875),.PCURVE_S1.);
#2864 = LINE('',#2865,#2866);
#2865 = CARTESIAN_POINT('',(117.425,25.3,8.));
#2866 = VECTOR('',#2867,1.);
#2867 = DIRECTION('',(-0.89371393439,-0.448637273837,0.));
#2868 = PCURVE('',#2735,#2869);
#2869 = DEFINITIONAL_REPRESENTATION('',(#2870),#2874);
#2870 = LINE('',#2871,#2872);
#2871 = CARTESIAN_POINT('',(0.,-8.));
#2872 = VECTOR('',#2873,1.);
#2873 = DIRECTION('',(1.,0.));
#2874 = ( GEOMETRIC_REPRESENTATION_CONTEXT(2) 
PARAMETRIC_REPRESENTATION_CONTEXT() REPRESENTATION_CONTEXT('2D SPACE',''
  ) );
#2875 = PCURVE('',#2763,#2876);
#2876 = DEFINITIONAL_REPRESENTATION('',(#2877),#2881);
#2877 = LINE('',#2878,#2879);
#2878 = CARTESIAN_POINT('',(-3.237553361865,12.65427108004));
#2879 = VECTOR('',#2880,1.);
#2880 = DIRECTION('',(-0.89371393439,-0.448637273837));
#2881 = ( GEOMETRIC_REPRESENTATION_CONTEXT(2) 
PARAMETRIC_REPRESENTATION_CONTEXT() REPRESENTATION_CONTEXT('2D SPACE',''
  ) );
#2882 = ORIENTED_EDGE('',*,*,#2712,.F.);
#2883 = ORIENTED_EDGE('',*,*,#2884,.F.);
#2884 = EDGE_CURVE('',#2833,#2713,#2885,.T.);
#2885 = SURFACE_CURVE('',#2886,(#2890,#2897),.PCURVE_S1.);
#2886 = LINE('',#2887,#2888);
#2887 = CARTESIAN_POINT('',(117.425,25.3,0.));
#2888 = VECTOR('',#2889,1.);
#2889 = DIRECTION('',(-0.89371393439,-0.448637273837,0.));
#2890 = PCURVE('',#2735,#2891);
#2891 = DEFINITIONAL_REPRESENTATION('',(#2892),#2896);
#2892 = LINE('',#2893,#2894);
#2893 = CARTESIAN_POINT('',(0.,0.));
#2894 = VECTOR('',#2895,1.);
#2895 = DIRECTION('',(1.,0.));
#2896 = ( GEOMETRIC_REPRESENTATION_CONTEXT(2) 
PARAMETRIC_REPRESENTATION_CONTEXT() REPRESENTATION_CONTEXT('2D SPACE',''
  ) );
#2897 = PCURVE('',#2817,#2898);
#2898 = DEFINITIONAL_REPRESENTATION('',(#2899),#2903);
#2899 = LINE('',#2900,#2901);
#2900 = CARTESIAN_POINT('',(-3.237553361865,12.65427108004));
#2901 = VECTOR('',#2902,1.);
#2902 = DIRECTION('',(-0.89371393439,-0.448637273837));
#2903 = ( GEOMETRIC_REPRESENTATION_CONTEXT(2) 
PARAMETRIC_REPRESENTATION_CONTEXT() REPRESENTATION_CONTEXT('2D SPACE',''
  ) );
#2904 = ADVANCED_FACE('',(#2905),#2791,.F.);
#2905 = FACE_BOUND('',#2906,.F.);
#2906 = EDGE_LOOP('',(#2907,#2908,#2931,#2954));
#2907 = ORIENTED_EDGE('',*,*,#2775,.T.);
#2908 = ORIENTED_EDGE('',*,*,#2909,.T.);
#2909 = EDGE_CURVE('',#2748,#2910,#2912,.T.);
#2910 = VERTEX_POINT('',#2911);
#2911 = CARTESIAN_POINT('',(136.45,6.275,8.));
#2912 = SURFACE_CURVE('',#2913,(#2917,#2924),.PCURVE_S1.);
#2913 = LINE('',#2914,#2915);
#2914 = CARTESIAN_POINT('',(123.9,0.,8.));
#2915 = VECTOR('',#2916,1.);
#2916 = DIRECTION('',(0.894427191,0.4472135955,0.));
#2917 = PCURVE('',#2791,#2918);
#2918 = DEFINITIONAL_REPRESENTATION('',(#2919),#2923);
#2919 = LINE('',#2920,#2921);
#2920 = CARTESIAN_POINT('',(0.,-8.));
#2921 = VECTOR('',#2922,1.);
#2922 = DIRECTION('',(1.,0.));
#2923 = ( GEOMETRIC_REPRESENTATION_CONTEXT(2) 
PARAMETRIC_REPRESENTATION_CONTEXT() REPRESENTATION_CONTEXT('2D SPACE',''
  ) );
#2924 = PCURVE('',#2763,#2925);
#2925 = DEFINITIONAL_REPRESENTATION('',(#2926),#2930);
#2926 = LINE('',#2927,#2928);
#2927 = CARTESIAN_POINT('',(3.237446638135,-12.64572891996));
#2928 = VECTOR('',#2929,1.);
#2929 = DIRECTION('',(0.894427191,0.4472135955));
#2930 = ( GEOMETRIC_REPRESENTATION_CONTEXT(2) 
PARAMETRIC_REPRESENTATION_CONTEXT() REPRESENTATION_CONTEXT('2D SPACE',''
  ) );
#2931 = ORIENTED_EDGE('',*,*,#2932,.F.);
#2932 = EDGE_CURVE('',#2933,#2910,#2935,.T.);
#2933 = VERTEX_POINT('',#2934);
#2934 = CARTESIAN_POINT('',(136.45,6.275,0.));
#2935 = SURFACE_CURVE('',#2936,(#2940,#2947),.PCURVE_S1.);
#2936 = LINE('',#2937,#2938);
#2937 = CARTESIAN_POINT('',(136.45,6.275,0.));
#2938 = VECTOR('',#2939,1.);
#2939 = DIRECTION('',(0.,0.,1.));
#2940 = PCURVE('',#2791,#2941);
#2941 = DEFINITIONAL_REPRESENTATION('',(#2942),#2946);
#2942 = LINE('',#2943,#2944);
#2943 = CARTESIAN_POINT('',(14.031326558811,0.));
#2944 = VECTOR('',#2945,1.);
#2945 = DIRECTION('',(0.,-1.));
#2946 = ( GEOMETRIC_REPRESENTATION_CONTEXT(2) 
PARAMETRIC_REPRESENTATION_CONTEXT() REPRESENTATION_CONTEXT('2D SPACE',''
  ) );
#2947 = PCURVE('',#2850,#2948);
#2948 = DEFINITIONAL_REPRESENTATION('',(#2949),#2953);
#2949 = LINE('',#2950,#2951);
#2950 = CARTESIAN_POINT('',(0.,0.));
#2951 = VECTOR('',#2952,1.);
#2952 = DIRECTION('',(0.,-1.));
#2953 = ( GEOMETRIC_REPRESENTATION_CONTEXT(2) 
PARAMETRIC_REPRESENTATION_CONTEXT() REPRESENTATION_CONTEXT('2D SPACE',''
  ) );
#2954 = ORIENTED_EDGE('',*,*,#2955,.F.);
#2955 = EDGE_CURVE('',#2776,#2933,#2956,.T.);
#2956 = SURFACE_CURVE('',#2957,(#2961,#2968),.PCURVE_S1.);
#2957 = LINE('',#2958,#2959);
#2958 = CARTESIAN_POINT('',(123.9,0.,0.));
#2959 = VECTOR('',#2960,1.);
#2960 = DIRECTION('',(0.894427191,0.4472135955,0.));
#2961 = PCURVE('',#2791,#2962);
#2962 = DEFINITIONAL_REPRESENTATION('',(#2963),#2967);
#2963 = LINE('',#2964,#2965);
#2964 = CARTESIAN_POINT('',(0.,0.));
#2965 = VECTOR('',#2966,1.);
#2966 = DIRECTION('',(1.,0.));
#2967 = ( GEOMETRIC_REPRESENTATION_CONTEXT(2) 
PARAMETRIC_REPRESENTATION_CONTEXT() REPRESENTATION_CONTEXT('2D SPACE',''
  ) );
#2968 = PCURVE('',#2817,#2969);
#2969 = DEFINITIONAL_REPRESENTATION('',(#2970),#2974);
#2970 = LINE('',#2971,#2972);
#2971 = CARTESIAN_POINT('',(3.237446638135,-12.64572891996));
#2972 = VECTOR('',#2973,1.);
#2973 = DIRECTION('',(0.894427191,0.4472135955));
#2974 = ( GEOMETRIC_REPRESENTATION_CONTEXT(2) 
PARAMETRIC_REPRESENTATION_CONTEXT() REPRESENTATION_CONTEXT('2D SPACE',''
  ) );
#2975 = ADVANCED_FACE('',(#2976),#2817,.F.);
#2976 = FACE_BOUND('',#2977,.F.);
#2977 = EDGE_LOOP('',(#2978,#2979,#2980,#3001));
#2978 = ORIENTED_EDGE('',*,*,#2803,.T.);
#2979 = ORIENTED_EDGE('',*,*,#2955,.T.);
#2980 = ORIENTED_EDGE('',*,*,#2981,.T.);
#2981 = EDGE_CURVE('',#2933,#2833,#2982,.T.);
#2982 = SURFACE_CURVE('',#2983,(#2987,#2994),.PCURVE_S1.);
#2983 = LINE('',#2984,#2985);
#2984 = CARTESIAN_POINT('',(136.45,6.275,0.));
#2985 = VECTOR('',#2986,1.);
#2986 = DIRECTION('',(-0.707106781187,0.707106781187,0.));
#2987 = PCURVE('',#2817,#2988);
#2988 = DEFINITIONAL_REPRESENTATION('',(#2989),#2993);
#2989 = LINE('',#2990,#2991);
#2990 = CARTESIAN_POINT('',(15.787446638135,-6.37072891996));
#2991 = VECTOR('',#2992,1.);
#2992 = DIRECTION('',(-0.707106781187,0.707106781187));
#2993 = ( GEOMETRIC_REPRESENTATION_CONTEXT(2) 
PARAMETRIC_REPRESENTATION_CONTEXT() REPRESENTATION_CONTEXT('2D SPACE',''
  ) );
#2994 = PCURVE('',#2850,#2995);
#2995 = DEFINITIONAL_REPRESENTATION('',(#2996),#3000);
#2996 = LINE('',#2997,#2998);
#2997 = CARTESIAN_POINT('',(0.,0.));
#2998 = VECTOR('',#2999,1.);
#2999 = DIRECTION('',(1.,0.));
#3000 = ( GEOMETRIC_REPRESENTATION_CONTEXT(2) 
PARAMETRIC_REPRESENTATION_CONTEXT() REPRESENTATION_CONTEXT('2D SPACE',''
  ) );
#3001 = ORIENTED_EDGE('',*,*,#2884,.T.);
#3002 = ADVANCED_FACE('',(#3003,#3029,#3060),#2763,.T.);
#3003 = FACE_BOUND('',#3004,.T.);
#3004 = EDGE_LOOP('',(#3005,#3006,#3007,#3028));
#3005 = ORIENTED_EDGE('',*,*,#2747,.T.);
#3006 = ORIENTED_EDGE('',*,*,#2909,.T.);
#3007 = ORIENTED_EDGE('',*,*,#3008,.T.);
#3008 = EDGE_CURVE('',#2910,#2835,#3009,.T.);
#3009 = SURFACE_CURVE('',#3010,(#3014,#3021),.PCURVE_S1.);
#3010 = LINE('',#3011,#3012);
#3011 = CARTESIAN_POINT('',(136.45,6.275,8.));
#3012 = VECTOR('',#3013,1.);
#3013 = DIRECTION('',(-0.707106781187,0.707106781187,0.));
#3014 = PCURVE('',#2763,#3015);
#3015 = DEFINITIONAL_REPRESENTATION('',(#3016),#3020);
#3016 = LINE('',#3017,#3018);
#3017 = CARTESIAN_POINT('',(15.787446638135,-6.37072891996));
#3018 = VECTOR('',#3019,1.);
#3019 = DIRECTION('',(-0.707106781187,0.707106781187));
#3020 = ( GEOMETRIC_REPRESENTATION_CONTEXT(2) 
PARAMETRIC_REPRESENTATION_CONTEXT() REPRESENTATION_CONTEXT('2D SPACE',''
  ) );
#3021 = PCURVE('',#2850,#3022);
#3022 = DEFINITIONAL_REPRESENTATION('',(#3023),#3027);
#3023 = LINE('',#3024,#3025);
#3024 = CARTESIAN_POINT('',(0.,-8.));
#3025 = VECTOR('',#3026,1.);
#3026 = DIRECTION('',(1.,0.));
#3027 = ( GEOMETRIC_REPRESENTATION_CONTEXT(2) 
PARAMETRIC_REPRESENTATION_CONTEXT() REPRESENTATION_CONTEXT('2D SPACE',''
  ) );
#3028 = ORIENTED_EDGE('',*,*,#2862,.T.);
#3029 = FACE_BOUND('',#3030,.T.);
#3030 = EDGE_LOOP('',(#3031));
#3031 = ORIENTED_EDGE('',*,*,#3032,.F.);
#3032 = EDGE_CURVE('',#3033,#3033,#3035,.T.);
#3033 = VERTEX_POINT('',#3034);
#3034 = CARTESIAN_POINT('',(129.098442,7.103179,8.));
#3035 = SURFACE_CURVE('',#3036,(#3041,#3048),.PCURVE_S1.);
#3036 = CIRCLE('',#3037,1.8);
#3037 = AXIS2_PLACEMENT_3D('',#3038,#3039,#3040);
#3038 = CARTESIAN_POINT('',(127.298442,7.103179,8.));
#3039 = DIRECTION('',(0.,0.,1.));
#3040 = DIRECTION('',(1.,0.,0.));
#3041 = PCURVE('',#2763,#3042);
#3042 = DEFINITIONAL_REPRESENTATION('',(#3043),#3047);
#3043 = CIRCLE('',#3044,1.8);
#3044 = AXIS2_PLACEMENT_2D('',#3045,#3046);
#3045 = CARTESIAN_POINT('',(6.635888638135,-5.54254991996));
#3046 = DIRECTION('',(1.,0.));
#3047 = ( GEOMETRIC_REPRESENTATION_CONTEXT(2) 
PARAMETRIC_REPRESENTATION_CONTEXT() REPRESENTATION_CONTEXT('2D SPACE',''
  ) );
#3048 = PCURVE('',#3049,#3054);
#3049 = CONICAL_SURFACE('',#3050,1.8,8.314123188844E-02);
#3050 = AXIS2_PLACEMENT_3D('',#3051,#3052,#3053);
#3051 = CARTESIAN_POINT('',(127.298442,7.103179,8.));
#3052 = DIRECTION('',(-0.,-0.,-1.));
#3053 = DIRECTION('',(1.,0.,0.));
#3054 = DEFINITIONAL_REPRESENTATION('',(#3055),#3059);
#3055 = LINE('',#3056,#3057);
#3056 = CARTESIAN_POINT('',(-0.,-0.));
#3057 = VECTOR('',#3058,1.);
#3058 = DIRECTION('',(-1.,-0.));
#3059 = ( GEOMETRIC_REPRESENTATION_CONTEXT(2) 
PARAMETRIC_REPRESENTATION_CONTEXT() REPRESENTATION_CONTEXT('2D SPACE',''
  ) );
#3060 = FACE_BOUND('',#3061,.T.);
#3061 = EDGE_LOOP('',(#3062));
#3062 = ORIENTED_EDGE('',*,*,#3063,.F.);
#3063 = EDGE_CURVE('',#3064,#3064,#3066,.T.);
#3064 = VERTEX_POINT('',#3065);
#3065 = CARTESIAN_POINT('',(115.824354,15.421145,8.));
#3066 = SURFACE_CURVE('',#3067,(#3072,#3079),.PCURVE_S1.);
#3067 = CIRCLE('',#3068,1.8);
#3068 = AXIS2_PLACEMENT_3D('',#3069,#3070,#3071);
#3069 = CARTESIAN_POINT('',(114.024354,15.421145,8.));
#3070 = DIRECTION('',(0.,0.,1.));
#3071 = DIRECTION('',(1.,0.,0.));
#3072 = PCURVE('',#2763,#3073);
#3073 = DEFINITIONAL_REPRESENTATION('',(#3074),#3078);
#3074 = CIRCLE('',#3075,1.8);
#3075 = AXIS2_PLACEMENT_2D('',#3076,#3077);
#3076 = CARTESIAN_POINT('',(-6.638199361865,2.77541608004));
#3077 = DIRECTION('',(1.,0.));
#3078 = ( GEOMETRIC_REPRESENTATION_CONTEXT(2) 
PARAMETRIC_REPRESENTATION_CONTEXT() REPRESENTATION_CONTEXT('2D SPACE',''
  ) );
#3079 = PCURVE('',#3080,#3085);
#3080 = CONICAL_SURFACE('',#3081,1.8,8.314123188844E-02);
#3081 = AXIS2_PLACEMENT_3D('',#3082,#3083,#3084);
#3082 = CARTESIAN_POINT('',(114.024354,15.421145,8.));
#3083 = DIRECTION('',(-0.,-0.,-1.));
#3084 = DIRECTION('',(1.,0.,0.));
#3085 = DEFINITIONAL_REPRESENTATION('',(#3086),#3090);
#3086 = LINE('',#3087,#3088);
#3087 = CARTESIAN_POINT('',(-0.,-0.));
#3088 = VECTOR('',#3089,1.);
#3089 = DIRECTION('',(-1.,-0.));
#3090 = ( GEOMETRIC_REPRESENTATION_CONTEXT(2) 
PARAMETRIC_REPRESENTATION_CONTEXT() REPRESENTATION_CONTEXT('2D SPACE',''
  ) );
#3091 = ADVANCED_FACE('',(#3092),#2850,.F.);
#3092 = FACE_BOUND('',#3093,.F.);
#3093 = EDGE_LOOP('',(#3094,#3095,#3096,#3097));
#3094 = ORIENTED_EDGE('',*,*,#2932,.T.);
#3095 = ORIENTED_EDGE('',*,*,#3008,.T.);
#3096 = ORIENTED_EDGE('',*,*,#2832,.F.);
#3097 = ORIENTED_EDGE('',*,*,#2981,.F.);
#3098 = ADVANCED_FACE('',(#3099),#3049,.T.);
#3099 = FACE_BOUND('',#3100,.T.);
#3100 = EDGE_LOOP('',(#3101,#3130,#3151,#3152));
#3101 = ORIENTED_EDGE('',*,*,#3102,.F.);
#3102 = EDGE_CURVE('',#3103,#3103,#3105,.T.);
#3103 = VERTEX_POINT('',#3104);
#3104 = CARTESIAN_POINT('',(128.848442,7.103179,11.));
#3105 = SURFACE_CURVE('',#3106,(#3111,#3118),.PCURVE_S1.);
#3106 = CIRCLE('',#3107,1.55);
#3107 = AXIS2_PLACEMENT_3D('',#3108,#3109,#3110);
#3108 = CARTESIAN_POINT('',(127.298442,7.103179,11.));
#3109 = DIRECTION('',(0.,0.,1.));
#3110 = DIRECTION('',(1.,0.,0.));
#3111 = PCURVE('',#3049,#3112);
#3112 = DEFINITIONAL_REPRESENTATION('',(#3113),#3117);
#3113 = LINE('',#3114,#3115);
#3114 = CARTESIAN_POINT('',(-0.,-3.));
#3115 = VECTOR('',#3116,1.);
#3116 = DIRECTION('',(-1.,-0.));
#3117 = ( GEOMETRIC_REPRESENTATION_CONTEXT(2) 
PARAMETRIC_REPRESENTATION_CONTEXT() REPRESENTATION_CONTEXT('2D SPACE',''
  ) );
#3118 = PCURVE('',#3119,#3124);
#3119 = PLANE('',#3120);
#3120 = AXIS2_PLACEMENT_3D('',#3121,#3122,#3123);
#3121 = CARTESIAN_POINT('',(127.298442,7.103179,11.));
#3122 = DIRECTION('',(0.,0.,1.));
#3123 = DIRECTION('',(1.,0.,0.));
#3124 = DEFINITIONAL_REPRESENTATION('',(#3125),#3129);
#3125 = CIRCLE('',#3126,1.55);
#3126 = AXIS2_PLACEMENT_2D('',#3127,#3128);
#3127 = CARTESIAN_POINT('',(0.,0.));
#3128 = DIRECTION('',(1.,0.));
#3129 = ( GEOMETRIC_REPRESENTATION_CONTEXT(2) 
PARAMETRIC_REPRESENTATION_CONTEXT() REPRESENTATION_CONTEXT('2D SPACE',''
  ) );
#3130 = ORIENTED_EDGE('',*,*,#3131,.F.);
#3131 = EDGE_CURVE('',#3033,#3103,#3132,.T.);
#3132 = SEAM_CURVE('',#3133,(#3137,#3144),.PCURVE_S1.);
#3133 = LINE('',#3134,#3135);
#3134 = CARTESIAN_POINT('',(129.098442,7.103179,8.));
#3135 = VECTOR('',#3136,1.);
#3136 = DIRECTION('',(-8.304547985374E-02,2.034027621731E-17,
    0.996545758245));
#3137 = PCURVE('',#3049,#3138);
#3138 = DEFINITIONAL_REPRESENTATION('',(#3139),#3143);
#3139 = LINE('',#3140,#3141);
#3140 = CARTESIAN_POINT('',(-6.28318530718,0.));
#3141 = VECTOR('',#3142,1.);
#3142 = DIRECTION('',(-0.,-1.));
#3143 = ( GEOMETRIC_REPRESENTATION_CONTEXT(2) 
PARAMETRIC_REPRESENTATION_CONTEXT() REPRESENTATION_CONTEXT('2D SPACE',''
  ) );
#3144 = PCURVE('',#3049,#3145);
#3145 = DEFINITIONAL_REPRESENTATION('',(#3146),#3150);
#3146 = LINE('',#3147,#3148);
#3147 = CARTESIAN_POINT('',(0.,-0.));
#3148 = VECTOR('',#3149,1.);
#3149 = DIRECTION('',(-0.,-1.));
#3150 = ( GEOMETRIC_REPRESENTATION_CONTEXT(2) 
PARAMETRIC_REPRESENTATION_CONTEXT() REPRESENTATION_CONTEXT('2D SPACE',''
  ) );
#3151 = ORIENTED_EDGE('',*,*,#3032,.T.);
#3152 = ORIENTED_EDGE('',*,*,#3131,.T.);
#3153 = ADVANCED_FACE('',(#3154),#3080,.T.);
#3154 = FACE_BOUND('',#3155,.T.);
#3155 = EDGE_LOOP('',(#3156,#3185,#3206,#3207));
#3156 = ORIENTED_EDGE('',*,*,#3157,.F.);
#3157 = EDGE_CURVE('',#3158,#3158,#3160,.T.);
#3158 = VERTEX_POINT('',#3159);
#3159 = CARTESIAN_POINT('',(115.574354,15.421145,11.));
#3160 = SURFACE_CURVE('',#3161,(#3166,#3173),.PCURVE_S1.);
#3161 = CIRCLE('',#3162,1.55);
#3162 = AXIS2_PLACEMENT_3D('',#3163,#3164,#3165);
#3163 = CARTESIAN_POINT('',(114.024354,15.421145,11.));
#3164 = DIRECTION('',(0.,0.,1.));
#3165 = DIRECTION('',(1.,0.,0.));
#3166 = PCURVE('',#3080,#3167);
#3167 = DEFINITIONAL_REPRESENTATION('',(#3168),#3172);
#3168 = LINE('',#3169,#3170);
#3169 = CARTESIAN_POINT('',(-0.,-3.));
#3170 = VECTOR('',#3171,1.);
#3171 = DIRECTION('',(-1.,-0.));
#3172 = ( GEOMETRIC_REPRESENTATION_CONTEXT(2) 
PARAMETRIC_REPRESENTATION_CONTEXT() REPRESENTATION_CONTEXT('2D SPACE',''
  ) );
#3173 = PCURVE('',#3174,#3179);
#3174 = PLANE('',#3175);
#3175 = AXIS2_PLACEMENT_3D('',#3176,#3177,#3178);
#3176 = CARTESIAN_POINT('',(114.024354,15.421145,11.));
#3177 = DIRECTION('',(0.,0.,1.));
#3178 = DIRECTION('',(1.,0.,0.));
#3179 = DEFINITIONAL_REPRESENTATION('',(#3180),#3184);
#3180 = CIRCLE('',#3181,1.55);
#3181 = AXIS2_PLACEMENT_2D('',#3182,#3183);
#3182 = CARTESIAN_POINT('',(0.,0.));
#3183 = DIRECTION('',(1.,0.));
#3184 = ( GEOMETRIC_REPRESENTATION_CONTEXT(2) 
PARAMETRIC_REPRESENTATION_CONTEXT() REPRESENTATION_CONTEXT('2D SPACE',''
  ) );
#3185 = ORIENTED_EDGE('',*,*,#3186,.F.);
#3186 = EDGE_CURVE('',#3064,#3158,#3187,.T.);
#3187 = SEAM_CURVE('',#3188,(#3192,#3199),.PCURVE_S1.);
#3188 = LINE('',#3189,#3190);
#3189 = CARTESIAN_POINT('',(115.824354,15.421145,8.));
#3190 = VECTOR('',#3191,1.);
#3191 = DIRECTION('',(-8.304547985374E-02,2.034027621731E-17,
    0.996545758245));
#3192 = PCURVE('',#3080,#3193);
#3193 = DEFINITIONAL_REPRESENTATION('',(#3194),#3198);
#3194 = LINE('',#3195,#3196);
#3195 = CARTESIAN_POINT('',(-6.28318530718,0.));
#3196 = VECTOR('',#3197,1.);
#3197 = DIRECTION('',(-0.,-1.));
#3198 = ( GEOMETRIC_REPRESENTATION_CONTEXT(2) 
PARAMETRIC_REPRESENTATION_CONTEXT() REPRESENTATION_CONTEXT('2D SPACE',''
  ) );
#3199 = PCURVE('',#3080,#3200);
#3200 = DEFINITIONAL_REPRESENTATION('',(#3201),#3205);
#3201 = LINE('',#3202,#3203);
#3202 = CARTESIAN_POINT('',(0.,-0.));
#3203 = VECTOR('',#3204,1.);
#3204 = DIRECTION('',(-0.,-1.));
#3205 = ( GEOMETRIC_REPRESENTATION_CONTEXT(2) 
PARAMETRIC_REPRESENTATION_CONTEXT() REPRESENTATION_CONTEXT('2D SPACE',''
  ) );
#3206 = ORIENTED_EDGE('',*,*,#3063,.T.);
#3207 = ORIENTED_EDGE('',*,*,#3186,.T.);
#3208 = ADVANCED_FACE('',(#3209),#3119,.T.);
#3209 = FACE_BOUND('',#3210,.T.);
#3210 = EDGE_LOOP('',(#3211));
#3211 = ORIENTED_EDGE('',*,*,#3102,.T.);
#3212 = ADVANCED_FACE('',(#3213),#3174,.T.);
#3213 = FACE_BOUND('',#3214,.T.);
#3214 = EDGE_LOOP('',(#3215));
#3215 = ORIENTED_EDGE('',*,*,#3157,.T.);
#3216 = ( GEOMETRIC_REPRESENTATION_CONTEXT(3) 
GLOBAL_UNCERTAINTY_ASSIGNED_CONTEXT((#3220)) 
GLOBAL_UNIT_ASSIGNED_CONTEXT((#3217,#3218,#3219)) REPRESENTATION_CONTEXT
('Context #1','3D Context with UNIT and UNCERTAINTY') );
#3217 = ( LENGTH_UNIT() NAMED_UNIT(*) SI_UNIT(.MILLI.,.METRE.) );
#3218 = ( NAMED_UNIT(*) PLANE_ANGLE_UNIT() SI_UNIT($,.RADIAN.) );
#3219 = ( NAMED_UNIT(*) SI_UNIT($,.STERADIAN.) SOLID_ANGLE_UNIT() );
#3220 = UNCERTAINTY_MEASURE_WITH_UNIT(LENGTH_MEASURE(1.E-07),#3217,
  'distance_accuracy_value','confusion accuracy');
#3221 = CONTEXT_DEPENDENT_SHAPE_REPRESENTATION(#3222,#3224);
#3222 = ( REPRESENTATION_RELATIONSHIP('','',#2705,#10) 
REPRESENTATION_RELATIONSHIP_WITH_TRANSFORMATION(#3223) 
SHAPE_REPRESENTATION_RELATIONSHIP() );
#3223 = ITEM_DEFINED_TRANSFORMATION('','',#11,#35);
#3224 = PRODUCT_DEFINITION_SHAPE('Placement','Placement of an item',
  #3225);
#3225 = NEXT_ASSEMBLY_USAGE_OCCURRENCE('6','part_0032__02','',#5,#2700,$
  );
#3226 = PRODUCT_RELATED_PRODUCT_CATEGORY('part',$,(#2702));
#3227 = SHAPE_DEFINITION_REPRESENTATION(#3228,#3234);
#3228 = PRODUCT_DEFINITION_SHAPE('','',#3229);
#3229 = PRODUCT_DEFINITION('design','',#3230,#3233);
#3230 = PRODUCT_DEFINITION_FORMATION('','',#3231);
#3231 = PRODUCT('part_0032__03','part_0032__03','',(#3232));
#3232 = PRODUCT_CONTEXT('',#2,'mechanical');
#3233 = PRODUCT_DEFINITION_CONTEXT('part definition',#2,'design');
#3234 = ADVANCED_BREP_SHAPE_REPRESENTATION('',(#11,#3235),#3745);
#3235 = MANIFOLD_SOLID_BREP('',#3236);
#3236 = CLOSED_SHELL('',(#3237,#3357,#3433,#3504,#3531,#3620,#3627,#3682
    ,#3737,#3741));
#3237 = ADVANCED_FACE('',(#3238),#3252,.F.);
#3238 = FACE_BOUND('',#3239,.F.);
#3239 = EDGE_LOOP('',(#3240,#3275,#3303,#3331));
#3240 = ORIENTED_EDGE('',*,*,#3241,.T.);
#3241 = EDGE_CURVE('',#3242,#3244,#3246,.T.);
#3242 = VERTEX_POINT('',#3243);
#3243 = CARTESIAN_POINT('',(140.45,19.,0.));
#3244 = VERTEX_POINT('',#3245);
#3245 = CARTESIAN_POINT('',(140.45,19.,8.));
#3246 = SURFACE_CURVE('',#3247,(#3251,#3263),.PCURVE_S1.);
#3247 = LINE('',#3248,#3249);
#3248 = CARTESIAN_POINT('',(140.45,19.,0.));
#3249 = VECTOR('',#3250,1.);
#3250 = DIRECTION('',(0.,0.,1.));
#3251 = PCURVE('',#3252,#3257);
#3252 = PLANE('',#3253);
#3253 = AXIS2_PLACEMENT_3D('',#3254,#3255,#3256);
#3254 = CARTESIAN_POINT('',(140.45,19.,0.));
#3255 = DIRECTION('',(0.706641732484,0.707571524237,-0.));
#3256 = DIRECTION('',(0.707571524237,-0.706641732484,0.));
#3257 = DEFINITIONAL_REPRESENTATION('',(#3258),#3262);
#3258 = LINE('',#3259,#3260);
#3259 = CARTESIAN_POINT('',(0.,0.));
#3260 = VECTOR('',#3261,1.);
#3261 = DIRECTION('',(0.,-1.));
#3262 = ( GEOMETRIC_REPRESENTATION_CONTEXT(2) 
PARAMETRIC_REPRESENTATION_CONTEXT() REPRESENTATION_CONTEXT('2D SPACE',''
  ) );
#3263 = PCURVE('',#3264,#3269);
#3264 = PLANE('',#3265);
#3265 = AXIS2_PLACEMENT_3D('',#3266,#3267,#3268);
#3266 = CARTESIAN_POINT('',(153.,25.3,0.));
#3267 = DIRECTION('',(0.448637273837,-0.89371393439,0.));
#3268 = DIRECTION('',(-0.89371393439,-0.448637273837,0.));
#3269 = DEFINITIONAL_REPRESENTATION('',(#3270),#3274);
#3270 = LINE('',#3271,#3272);
#3271 = CARTESIAN_POINT('',(14.042524701776,0.));
#3272 = VECTOR('',#3273,1.);
#3273 = DIRECTION('',(0.,-1.));
#3274 = ( GEOMETRIC_REPRESENTATION_CONTEXT(2) 
PARAMETRIC_REPRESENTATION_CONTEXT() REPRESENTATION_CONTEXT('2D SPACE',''
  ) );
#3275 = ORIENTED_EDGE('',*,*,#3276,.T.);
#3276 = EDGE_CURVE('',#3244,#3277,#3279,.T.);
#3277 = VERTEX_POINT('',#3278);
#3278 = CARTESIAN_POINT('',(159.475,0.,8.));
#3279 = SURFACE_CURVE('',#3280,(#3284,#3291),.PCURVE_S1.);
#3280 = LINE('',#3281,#3282);
#3281 = CARTESIAN_POINT('',(140.45,19.,8.));
#3282 = VECTOR('',#3283,1.);
#3283 = DIRECTION('',(0.707571524237,-0.706641732484,0.));
#3284 = PCURVE('',#3252,#3285);
#3285 = DEFINITIONAL_REPRESENTATION('',(#3286),#3290);
#3286 = LINE('',#3287,#3288);
#3287 = CARTESIAN_POINT('',(0.,-8.));
#3288 = VECTOR('',#3289,1.);
#3289 = DIRECTION('',(1.,0.));
#3290 = ( GEOMETRIC_REPRESENTATION_CONTEXT(2) 
PARAMETRIC_REPRESENTATION_CONTEXT() REPRESENTATION_CONTEXT('2D SPACE',''
  ) );
#3291 = PCURVE('',#3292,#3297);
#3292 = PLANE('',#3293);
#3293 = AXIS2_PLACEMENT_3D('',#3294,#3295,#3296);
#3294 = CARTESIAN_POINT('',(156.23755336186,12.64572891996,8.));
#3295 = DIRECTION('',(0.,0.,1.));
#3296 = DIRECTION('',(1.,0.,0.));
#3297 = DEFINITIONAL_REPRESENTATION('',(#3298),#3302);
#3298 = LINE('',#3299,#3300);
#3299 = CARTESIAN_POINT('',(-15.78755336186,6.35427108004));
#3300 = VECTOR('',#3301,1.);
#3301 = DIRECTION('',(0.707571524237,-0.706641732484));
#3302 = ( GEOMETRIC_REPRESENTATION_CONTEXT(2) 
PARAMETRIC_REPRESENTATION_CONTEXT() REPRESENTATION_CONTEXT('2D SPACE',''
  ) );
#3303 = ORIENTED_EDGE('',*,*,#3304,.F.);
#3304 = EDGE_CURVE('',#3305,#3277,#3307,.T.);
#3305 = VERTEX_POINT('',#3306);
#3306 = CARTESIAN_POINT('',(159.475,0.,0.));
#3307 = SURFACE_CURVE('',#3308,(#3312,#3319),.PCURVE_S1.);
#3308 = LINE('',#3309,#3310);
#3309 = CARTESIAN_POINT('',(159.475,0.,0.));
#3310 = VECTOR('',#3311,1.);
#3311 = DIRECTION('',(0.,0.,1.));
#3312 = PCURVE('',#3252,#3313);
#3313 = DEFINITIONAL_REPRESENTATION('',(#3314),#3318);
#3314 = LINE('',#3315,#3316);
#3315 = CARTESIAN_POINT('',(26.887741165818,0.));
#3316 = VECTOR('',#3317,1.);
#3317 = DIRECTION('',(0.,-1.));
#3318 = ( GEOMETRIC_REPRESENTATION_CONTEXT(2) 
PARAMETRIC_REPRESENTATION_CONTEXT() REPRESENTATION_CONTEXT('2D SPACE',''
  ) );
#3319 = PCURVE('',#3320,#3325);
#3320 = PLANE('',#3321);
#3321 = AXIS2_PLACEMENT_3D('',#3322,#3323,#3324);
#3322 = CARTESIAN_POINT('',(159.475,0.,0.));
#3323 = DIRECTION('',(-0.4472135955,0.894427191,0.));
#3324 = DIRECTION('',(0.894427191,0.4472135955,0.));
#3325 = DEFINITIONAL_REPRESENTATION('',(#3326),#3330);
#3326 = LINE('',#3327,#3328);
#3327 = CARTESIAN_POINT('',(0.,0.));
#3328 = VECTOR('',#3329,1.);
#3329 = DIRECTION('',(0.,-1.));
#3330 = ( GEOMETRIC_REPRESENTATION_CONTEXT(2) 
PARAMETRIC_REPRESENTATION_CONTEXT() REPRESENTATION_CONTEXT('2D SPACE',''
  ) );
#3331 = ORIENTED_EDGE('',*,*,#3332,.F.);
#3332 = EDGE_CURVE('',#3242,#3305,#3333,.T.);
#3333 = SURFACE_CURVE('',#3334,(#3338,#3345),.PCURVE_S1.);
#3334 = LINE('',#3335,#3336);
#3335 = CARTESIAN_POINT('',(140.45,19.,0.));
#3336 = VECTOR('',#3337,1.);
#3337 = DIRECTION('',(0.707571524237,-0.706641732484,0.));
#3338 = PCURVE('',#3252,#3339);
#3339 = DEFINITIONAL_REPRESENTATION('',(#3340),#3344);
#3340 = LINE('',#3341,#3342);
#3341 = CARTESIAN_POINT('',(0.,0.));
#3342 = VECTOR('',#3343,1.);
#3343 = DIRECTION('',(1.,0.));
#3344 = ( GEOMETRIC_REPRESENTATION_CONTEXT(2) 
PARAMETRIC_REPRESENTATION_CONTEXT() REPRESENTATION_CONTEXT('2D SPACE',''
  ) );
#3345 = PCURVE('',#3346,#3351);
#3346 = PLANE('',#3347);
#3347 = AXIS2_PLACEMENT_3D('',#3348,#3349,#3350);
#3348 = CARTESIAN_POINT('',(156.23755336186,12.64572891996,0.));
#3349 = DIRECTION('',(0.,0.,1.));
#3350 = DIRECTION('',(1.,0.,0.));
#3351 = DEFINITIONAL_REPRESENTATION('',(#3352),#3356);
#3352 = LINE('',#3353,#3354);
#3353 = CARTESIAN_POINT('',(-15.78755336186,6.35427108004));
#3354 = VECTOR('',#3355,1.);
#3355 = DIRECTION('',(0.707571524237,-0.706641732484));
#3356 = ( GEOMETRIC_REPRESENTATION_CONTEXT(2) 
PARAMETRIC_REPRESENTATION_CONTEXT() REPRESENTATION_CONTEXT('2D SPACE',''
  ) );
#3357 = ADVANCED_FACE('',(#3358),#3264,.F.);
#3358 = FACE_BOUND('',#3359,.F.);
#3359 = EDGE_LOOP('',(#3360,#3390,#3411,#3412));
#3360 = ORIENTED_EDGE('',*,*,#3361,.T.);
#3361 = EDGE_CURVE('',#3362,#3364,#3366,.T.);
#3362 = VERTEX_POINT('',#3363);
#3363 = CARTESIAN_POINT('',(153.,25.3,0.));
#3364 = VERTEX_POINT('',#3365);
#3365 = CARTESIAN_POINT('',(153.,25.3,8.));
#3366 = SURFACE_CURVE('',#3367,(#3371,#3378),.PCURVE_S1.);
#3367 = LINE('',#3368,#3369);
#3368 = CARTESIAN_POINT('',(153.,25.3,0.));
#3369 = VECTOR('',#3370,1.);
#3370 = DIRECTION('',(0.,0.,1.));
#3371 = PCURVE('',#3264,#3372);
#3372 = DEFINITIONAL_REPRESENTATION('',(#3373),#3377);
#3373 = LINE('',#3374,#3375);
#3374 = CARTESIAN_POINT('',(0.,0.));
#3375 = VECTOR('',#3376,1.);
#3376 = DIRECTION('',(0.,-1.));
#3377 = ( GEOMETRIC_REPRESENTATION_CONTEXT(2) 
PARAMETRIC_REPRESENTATION_CONTEXT() REPRESENTATION_CONTEXT('2D SPACE',''
  ) );
#3378 = PCURVE('',#3379,#3384);
#3379 = PLANE('',#3380);
#3380 = AXIS2_PLACEMENT_3D('',#3381,#3382,#3383);
#3381 = CARTESIAN_POINT('',(172.025,6.275,0.));
#3382 = DIRECTION('',(-0.707106781187,-0.707106781187,0.));
#3383 = DIRECTION('',(-0.707106781187,0.707106781187,0.));
#3384 = DEFINITIONAL_REPRESENTATION('',(#3385),#3389);
#3385 = LINE('',#3386,#3387);
#3386 = CARTESIAN_POINT('',(26.905413024148,0.));
#3387 = VECTOR('',#3388,1.);
#3388 = DIRECTION('',(0.,-1.));
#3389 = ( GEOMETRIC_REPRESENTATION_CONTEXT(2) 
PARAMETRIC_REPRESENTATION_CONTEXT() REPRESENTATION_CONTEXT('2D SPACE',''
  ) );
#3390 = ORIENTED_EDGE('',*,*,#3391,.T.);
#3391 = EDGE_CURVE('',#3364,#3244,#3392,.T.);
#3392 = SURFACE_CURVE('',#3393,(#3397,#3404),.PCURVE_S1.);
#3393 = LINE('',#3394,#3395);
#3394 = CARTESIAN_POINT('',(153.,25.3,8.));
#3395 = VECTOR('',#3396,1.);
#3396 = DIRECTION('',(-0.89371393439,-0.448637273837,0.));
#3397 = PCURVE('',#3264,#3398);
#3398 = DEFINITIONAL_REPRESENTATION('',(#3399),#3403);
#3399 = LINE('',#3400,#3401);
#3400 = CARTESIAN_POINT('',(0.,-8.));
#3401 = VECTOR('',#3402,1.);
#3402 = DIRECTION('',(1.,0.));
#3403 = ( GEOMETRIC_REPRESENTATION_CONTEXT(2) 
PARAMETRIC_REPRESENTATION_CONTEXT() REPRESENTATION_CONTEXT('2D SPACE',''
  ) );
#3404 = PCURVE('',#3292,#3405);
#3405 = DEFINITIONAL_REPRESENTATION('',(#3406),#3410);
#3406 = LINE('',#3407,#3408);
#3407 = CARTESIAN_POINT('',(-3.237553361865,12.65427108004));
#3408 = VECTOR('',#3409,1.);
#3409 = DIRECTION('',(-0.89371393439,-0.448637273837));
#3410 = ( GEOMETRIC_REPRESENTATION_CONTEXT(2) 
PARAMETRIC_REPRESENTATION_CONTEXT() REPRESENTATION_CONTEXT('2D SPACE',''
  ) );
#3411 = ORIENTED_EDGE('',*,*,#3241,.F.);
#3412 = ORIENTED_EDGE('',*,*,#3413,.F.);
#3413 = EDGE_CURVE('',#3362,#3242,#3414,.T.);
#3414 = SURFACE_CURVE('',#3415,(#3419,#3426),.PCURVE_S1.);
#3415 = LINE('',#3416,#3417);
#3416 = CARTESIAN_POINT('',(153.,25.3,0.));
#3417 = VECTOR('',#3418,1.);
#3418 = DIRECTION('',(-0.89371393439,-0.448637273837,0.));
#3419 = PCURVE('',#3264,#3420);
#3420 = DEFINITIONAL_REPRESENTATION('',(#3421),#3425);
#3421 = LINE('',#3422,#3423);
#3422 = CARTESIAN_POINT('',(0.,0.));
#3423 = VECTOR('',#3424,1.);
#3424 = DIRECTION('',(1.,0.));
#3425 = ( GEOMETRIC_REPRESENTATION_CONTEXT(2) 
PARAMETRIC_REPRESENTATION_CONTEXT() REPRESENTATION_CONTEXT('2D SPACE',''
  ) );
#3426 = PCURVE('',#3346,#3427);
#3427 = DEFINITIONAL_REPRESENTATION('',(#3428),#3432);
#3428 = LINE('',#3429,#3430);
#3429 = CARTESIAN_POINT('',(-3.237553361865,12.65427108004));
#3430 = VECTOR('',#3431,1.);
#3431 = DIRECTION('',(-0.89371393439,-0.448637273837));
#3432 = ( GEOMETRIC_REPRESENTATION_CONTEXT(2) 
PARAMETRIC_REPRESENTATION_CONTEXT() REPRESENTATION_CONTEXT('2D SPACE',''
  ) );
#3433 = ADVANCED_FACE('',(#3434),#3320,.F.);
#3434 = FACE_BOUND('',#3435,.F.);
#3435 = EDGE_LOOP('',(#3436,#3437,#3460,#3483));
#3436 = ORIENTED_EDGE('',*,*,#3304,.T.);
#3437 = ORIENTED_EDGE('',*,*,#3438,.T.);
#3438 = EDGE_CURVE('',#3277,#3439,#3441,.T.);
#3439 = VERTEX_POINT('',#3440);
#3440 = CARTESIAN_POINT('',(172.025,6.275,8.));
#3441 = SURFACE_CURVE('',#3442,(#3446,#3453),.PCURVE_S1.);
#3442 = LINE('',#3443,#3444);
#3443 = CARTESIAN_POINT('',(159.475,0.,8.));
#3444 = VECTOR('',#3445,1.);
#3445 = DIRECTION('',(0.894427191,0.4472135955,0.));
#3446 = PCURVE('',#3320,#3447);
#3447 = DEFINITIONAL_REPRESENTATION('',(#3448),#3452);
#3448 = LINE('',#3449,#3450);
#3449 = CARTESIAN_POINT('',(0.,-8.));
#3450 = VECTOR('',#3451,1.);
#3451 = DIRECTION('',(1.,0.));
#3452 = ( GEOMETRIC_REPRESENTATION_CONTEXT(2) 
PARAMETRIC_REPRESENTATION_CONTEXT() REPRESENTATION_CONTEXT('2D SPACE',''
  ) );
#3453 = PCURVE('',#3292,#3454);
#3454 = DEFINITIONAL_REPRESENTATION('',(#3455),#3459);
#3455 = LINE('',#3456,#3457);
#3456 = CARTESIAN_POINT('',(3.237446638135,-12.64572891996));
#3457 = VECTOR('',#3458,1.);
#3458 = DIRECTION('',(0.894427191,0.4472135955));
#3459 = ( GEOMETRIC_REPRESENTATION_CONTEXT(2) 
PARAMETRIC_REPRESENTATION_CONTEXT() REPRESENTATION_CONTEXT('2D SPACE',''
  ) );
#3460 = ORIENTED_EDGE('',*,*,#3461,.F.);
#3461 = EDGE_CURVE('',#3462,#3439,#3464,.T.);
#3462 = VERTEX_POINT('',#3463);
#3463 = CARTESIAN_POINT('',(172.025,6.275,0.));
#3464 = SURFACE_CURVE('',#3465,(#3469,#3476),.PCURVE_S1.);
#3465 = LINE('',#3466,#3467);
#3466 = CARTESIAN_POINT('',(172.025,6.275,0.));
#3467 = VECTOR('',#3468,1.);
#3468 = DIRECTION('',(0.,0.,1.));
#3469 = PCURVE('',#3320,#3470);
#3470 = DEFINITIONAL_REPRESENTATION('',(#3471),#3475);
#3471 = LINE('',#3472,#3473);
#3472 = CARTESIAN_POINT('',(14.031326558811,0.));
#3473 = VECTOR('',#3474,1.);
#3474 = DIRECTION('',(0.,-1.));
#3475 = ( GEOMETRIC_REPRESENTATION_CONTEXT(2) 
PARAMETRIC_REPRESENTATION_CONTEXT() REPRESENTATION_CONTEXT('2D SPACE',''
  ) );
#3476 = PCURVE('',#3379,#3477);
#3477 = DEFINITIONAL_REPRESENTATION('',(#3478),#3482);
#3478 = LINE('',#3479,#3480);
#3479 = CARTESIAN_POINT('',(0.,0.));
#3480 = VECTOR('',#3481,1.);
#3481 = DIRECTION('',(0.,-1.));
#3482 = ( GEOMETRIC_REPRESENTATION_CONTEXT(2) 
PARAMETRIC_REPRESENTATION_CONTEXT() REPRESENTATION_CONTEXT('2D SPACE',''
  ) );
#3483 = ORIENTED_EDGE('',*,*,#3484,.F.);
#3484 = EDGE_CURVE('',#3305,#3462,#3485,.T.);
#3485 = SURFACE_CURVE('',#3486,(#3490,#3497),.PCURVE_S1.);
#3486 = LINE('',#3487,#3488);
#3487 = CARTESIAN_POINT('',(159.475,0.,0.));
#3488 = VECTOR('',#3489,1.);
#3489 = DIRECTION('',(0.894427191,0.4472135955,0.));
#3490 = PCURVE('',#3320,#3491);
#3491 = DEFINITIONAL_REPRESENTATION('',(#3492),#3496);
#3492 = LINE('',#3493,#3494);
#3493 = CARTESIAN_POINT('',(0.,0.));
#3494 = VECTOR('',#3495,1.);
#3495 = DIRECTION('',(1.,0.));
#3496 = ( GEOMETRIC_REPRESENTATION_CONTEXT(2) 
PARAMETRIC_REPRESENTATION_CONTEXT() REPRESENTATION_CONTEXT('2D SPACE',''
  ) );
#3497 = PCURVE('',#3346,#3498);
#3498 = DEFINITIONAL_REPRESENTATION('',(#3499),#3503);
#3499 = LINE('',#3500,#3501);
#3500 = CARTESIAN_POINT('',(3.237446638135,-12.64572891996));
#3501 = VECTOR('',#3502,1.);
#3502 = DIRECTION('',(0.894427191,0.4472135955));
#3503 = ( GEOMETRIC_REPRESENTATION_CONTEXT(2) 
PARAMETRIC_REPRESENTATION_CONTEXT() REPRESENTATION_CONTEXT('2D SPACE',''
  ) );
#3504 = ADVANCED_FACE('',(#3505),#3346,.F.);
#3505 = FACE_BOUND('',#3506,.F.);
#3506 = EDGE_LOOP('',(#3507,#3508,#3509,#3530));
#3507 = ORIENTED_EDGE('',*,*,#3332,.T.);
#3508 = ORIENTED_EDGE('',*,*,#3484,.T.);
#3509 = ORIENTED_EDGE('',*,*,#3510,.T.);
#3510 = EDGE_CURVE('',#3462,#3362,#3511,.T.);
#3511 = SURFACE_CURVE('',#3512,(#3516,#3523),.PCURVE_S1.);
#3512 = LINE('',#3513,#3514);
#3513 = CARTESIAN_POINT('',(172.025,6.275,0.));
#3514 = VECTOR('',#3515,1.);
#3515 = DIRECTION('',(-0.707106781187,0.707106781187,0.));
#3516 = PCURVE('',#3346,#3517);
#3517 = DEFINITIONAL_REPRESENTATION('',(#3518),#3522);
#3518 = LINE('',#3519,#3520);
#3519 = CARTESIAN_POINT('',(15.787446638135,-6.37072891996));
#3520 = VECTOR('',#3521,1.);
#3521 = DIRECTION('',(-0.707106781187,0.707106781187));
#3522 = ( GEOMETRIC_REPRESENTATION_CONTEXT(2) 
PARAMETRIC_REPRESENTATION_CONTEXT() REPRESENTATION_CONTEXT('2D SPACE',''
  ) );
#3523 = PCURVE('',#3379,#3524);
#3524 = DEFINITIONAL_REPRESENTATION('',(#3525),#3529);
#3525 = LINE('',#3526,#3527);
#3526 = CARTESIAN_POINT('',(0.,0.));
#3527 = VECTOR('',#3528,1.);
#3528 = DIRECTION('',(1.,0.));
#3529 = ( GEOMETRIC_REPRESENTATION_CONTEXT(2) 
PARAMETRIC_REPRESENTATION_CONTEXT() REPRESENTATION_CONTEXT('2D SPACE',''
  ) );
#3530 = ORIENTED_EDGE('',*,*,#3413,.T.);
#3531 = ADVANCED_FACE('',(#3532,#3558,#3589),#3292,.T.);
#3532 = FACE_BOUND('',#3533,.T.);
#3533 = EDGE_LOOP('',(#3534,#3535,#3536,#3557));
#3534 = ORIENTED_EDGE('',*,*,#3276,.T.);
#3535 = ORIENTED_EDGE('',*,*,#3438,.T.);
#3536 = ORIENTED_EDGE('',*,*,#3537,.T.);
#3537 = EDGE_CURVE('',#3439,#3364,#3538,.T.);
#3538 = SURFACE_CURVE('',#3539,(#3543,#3550),.PCURVE_S1.);
#3539 = LINE('',#3540,#3541);
#3540 = CARTESIAN_POINT('',(172.025,6.275,8.));
#3541 = VECTOR('',#3542,1.);
#3542 = DIRECTION('',(-0.707106781187,0.707106781187,0.));
#3543 = PCURVE('',#3292,#3544);
#3544 = DEFINITIONAL_REPRESENTATION('',(#3545),#3549);
#3545 = LINE('',#3546,#3547);
#3546 = CARTESIAN_POINT('',(15.787446638135,-6.37072891996));
#3547 = VECTOR('',#3548,1.);
#3548 = DIRECTION('',(-0.707106781187,0.707106781187));
#3549 = ( GEOMETRIC_REPRESENTATION_CONTEXT(2) 
PARAMETRIC_REPRESENTATION_CONTEXT() REPRESENTATION_CONTEXT('2D SPACE',''
  ) );
#3550 = PCURVE('',#3379,#3551);
#3551 = DEFINITIONAL_REPRESENTATION('',(#3552),#3556);
#3552 = LINE('',#3553,#3554);
#3553 = CARTESIAN_POINT('',(0.,-8.));
#3554 = VECTOR('',#3555,1.);
#3555 = DIRECTION('',(1.,0.));
#3556 = ( GEOMETRIC_REPRESENTATION_CONTEXT(2) 
PARAMETRIC_REPRESENTATION_CONTEXT() REPRESENTATION_CONTEXT('2D SPACE',''
  ) );
#3557 = ORIENTED_EDGE('',*,*,#3391,.T.);
#3558 = FACE_BOUND('',#3559,.T.);
#3559 = EDGE_LOOP('',(#3560));
#3560 = ORIENTED_EDGE('',*,*,#3561,.F.);
#3561 = EDGE_CURVE('',#3562,#3562,#3564,.T.);
#3562 = VERTEX_POINT('',#3563);
#3563 = CARTESIAN_POINT('',(164.673442,7.103179,8.));
#3564 = SURFACE_CURVE('',#3565,(#3570,#3577),.PCURVE_S1.);
#3565 = CIRCLE('',#3566,1.8);
#3566 = AXIS2_PLACEMENT_3D('',#3567,#3568,#3569);
#3567 = CARTESIAN_POINT('',(162.873442,7.103179,8.));
#3568 = DIRECTION('',(0.,0.,1.));
#3569 = DIRECTION('',(1.,0.,0.));
#3570 = PCURVE('',#3292,#3571);
#3571 = DEFINITIONAL_REPRESENTATION('',(#3572),#3576);
#3572 = CIRCLE('',#3573,1.8);
#3573 = AXIS2_PLACEMENT_2D('',#3574,#3575);
#3574 = CARTESIAN_POINT('',(6.635888638135,-5.54254991996));
#3575 = DIRECTION('',(1.,0.));
#3576 = ( GEOMETRIC_REPRESENTATION_CONTEXT(2) 
PARAMETRIC_REPRESENTATION_CONTEXT() REPRESENTATION_CONTEXT('2D SPACE',''
  ) );
#3577 = PCURVE('',#3578,#3583);
#3578 = CONICAL_SURFACE('',#3579,1.8,8.314123188844E-02);
#3579 = AXIS2_PLACEMENT_3D('',#3580,#3581,#3582);
#3580 = CARTESIAN_POINT('',(162.873442,7.103179,8.));
#3581 = DIRECTION('',(-0.,-0.,-1.));
#3582 = DIRECTION('',(1.,0.,0.));
#3583 = DEFINITIONAL_REPRESENTATION('',(#3584),#3588);
#3584 = LINE('',#3585,#3586);
#3585 = CARTESIAN_POINT('',(-0.,-0.));
#3586 = VECTOR('',#3587,1.);
#3587 = DIRECTION('',(-1.,-0.));
#3588 = ( GEOMETRIC_REPRESENTATION_CONTEXT(2) 
PARAMETRIC_REPRESENTATION_CONTEXT() REPRESENTATION_CONTEXT('2D SPACE',''
  ) );
#3589 = FACE_BOUND('',#3590,.T.);
#3590 = EDGE_LOOP('',(#3591));
#3591 = ORIENTED_EDGE('',*,*,#3592,.F.);
#3592 = EDGE_CURVE('',#3593,#3593,#3595,.T.);
#3593 = VERTEX_POINT('',#3594);
#3594 = CARTESIAN_POINT('',(151.399354,15.421145,8.));
#3595 = SURFACE_CURVE('',#3596,(#3601,#3608),.PCURVE_S1.);
#3596 = CIRCLE('',#3597,1.8);
#3597 = AXIS2_PLACEMENT_3D('',#3598,#3599,#3600);
#3598 = CARTESIAN_POINT('',(149.599354,15.421145,8.));
#3599 = DIRECTION('',(0.,0.,1.));
#3600 = DIRECTION('',(1.,0.,0.));
#3601 = PCURVE('',#3292,#3602);
#3602 = DEFINITIONAL_REPRESENTATION('',(#3603),#3607);
#3603 = CIRCLE('',#3604,1.8);
#3604 = AXIS2_PLACEMENT_2D('',#3605,#3606);
#3605 = CARTESIAN_POINT('',(-6.638199361865,2.77541608004));
#3606 = DIRECTION('',(1.,0.));
#3607 = ( GEOMETRIC_REPRESENTATION_CONTEXT(2) 
PARAMETRIC_REPRESENTATION_CONTEXT() REPRESENTATION_CONTEXT('2D SPACE',''
  ) );
#3608 = PCURVE('',#3609,#3614);
#3609 = CONICAL_SURFACE('',#3610,1.8,8.314123188844E-02);
#3610 = AXIS2_PLACEMENT_3D('',#3611,#3612,#3613);
#3611 = CARTESIAN_POINT('',(149.599354,15.421145,8.));
#3612 = DIRECTION('',(-0.,-0.,-1.));
#3613 = DIRECTION('',(1.,0.,0.));
#3614 = DEFINITIONAL_REPRESENTATION('',(#3615),#3619);
#3615 = LINE('',#3616,#3617);
#3616 = CARTESIAN_POINT('',(-0.,-0.));
#3617 = VECTOR('',#3618,1.);
#3618 = DIRECTION('',(-1.,-0.));
#3619 = ( GEOMETRIC_REPRESENTATION_CONTEXT(2) 
PARAMETRIC_REPRESENTATION_CONTEXT() REPRESENTATION_CONTEXT('2D SPACE',''
  ) );
#3620 = ADVANCED_FACE('',(#3621),#3379,.F.);
#3621 = FACE_BOUND('',#3622,.F.);
#3622 = EDGE_LOOP('',(#3623,#3624,#3625,#3626));
#3623 = ORIENTED_EDGE('',*,*,#3461,.T.);
#3624 = ORIENTED_EDGE('',*,*,#3537,.T.);
#3625 = ORIENTED_EDGE('',*,*,#3361,.F.);
#3626 = ORIENTED_EDGE('',*,*,#3510,.F.);
#3627 = ADVANCED_FACE('',(#3628),#3578,.T.);
#3628 = FACE_BOUND('',#3629,.T.);
#3629 = EDGE_LOOP('',(#3630,#3659,#3680,#3681));
#3630 = ORIENTED_EDGE('',*,*,#3631,.F.);
#3631 = EDGE_CURVE('',#3632,#3632,#3634,.T.);
#3632 = VERTEX_POINT('',#3633);
#3633 = CARTESIAN_POINT('',(164.423442,7.103179,11.));
#3634 = SURFACE_CURVE('',#3635,(#3640,#3647),.PCURVE_S1.);
#3635 = CIRCLE('',#3636,1.55);
#3636 = AXIS2_PLACEMENT_3D('',#3637,#3638,#3639);
#3637 = CARTESIAN_POINT('',(162.873442,7.103179,11.));
#3638 = DIRECTION('',(0.,0.,1.));
#3639 = DIRECTION('',(1.,0.,0.));
#3640 = PCURVE('',#3578,#3641);
#3641 = DEFINITIONAL_REPRESENTATION('',(#3642),#3646);
#3642 = LINE('',#3643,#3644);
#3643 = CARTESIAN_POINT('',(-0.,-3.));
#3644 = VECTOR('',#3645,1.);
#3645 = DIRECTION('',(-1.,-0.));
#3646 = ( GEOMETRIC_REPRESENTATION_CONTEXT(2) 
PARAMETRIC_REPRESENTATION_CONTEXT() REPRESENTATION_CONTEXT('2D SPACE',''
  ) );
#3647 = PCURVE('',#3648,#3653);
#3648 = PLANE('',#3649);
#3649 = AXIS2_PLACEMENT_3D('',#3650,#3651,#3652);
#3650 = CARTESIAN_POINT('',(162.873442,7.103179,11.));
#3651 = DIRECTION('',(0.,0.,1.));
#3652 = DIRECTION('',(1.,0.,0.));
#3653 = DEFINITIONAL_REPRESENTATION('',(#3654),#3658);
#3654 = CIRCLE('',#3655,1.55);
#3655 = AXIS2_PLACEMENT_2D('',#3656,#3657);
#3656 = CARTESIAN_POINT('',(0.,0.));
#3657 = DIRECTION('',(1.,0.));
#3658 = ( GEOMETRIC_REPRESENTATION_CONTEXT(2) 
PARAMETRIC_REPRESENTATION_CONTEXT() REPRESENTATION_CONTEXT('2D SPACE',''
  ) );
#3659 = ORIENTED_EDGE('',*,*,#3660,.F.);
#3660 = EDGE_CURVE('',#3562,#3632,#3661,.T.);
#3661 = SEAM_CURVE('',#3662,(#3666,#3673),.PCURVE_S1.);
#3662 = LINE('',#3663,#3664);
#3663 = CARTESIAN_POINT('',(164.673442,7.103179,8.));
#3664 = VECTOR('',#3665,1.);
#3665 = DIRECTION('',(-8.304547985374E-02,2.034027621731E-17,
    0.996545758245));
#3666 = PCURVE('',#3578,#3667);
#3667 = DEFINITIONAL_REPRESENTATION('',(#3668),#3672);
#3668 = LINE('',#3669,#3670);
#3669 = CARTESIAN_POINT('',(-6.28318530718,0.));
#3670 = VECTOR('',#3671,1.);
#3671 = DIRECTION('',(-0.,-1.));
#3672 = ( GEOMETRIC_REPRESENTATION_CONTEXT(2) 
PARAMETRIC_REPRESENTATION_CONTEXT() REPRESENTATION_CONTEXT('2D SPACE',''
  ) );
#3673 = PCURVE('',#3578,#3674);
#3674 = DEFINITIONAL_REPRESENTATION('',(#3675),#3679);
#3675 = LINE('',#3676,#3677);
#3676 = CARTESIAN_POINT('',(0.,-0.));
#3677 = VECTOR('',#3678,1.);
#3678 = DIRECTION('',(-0.,-1.));
#3679 = ( GEOMETRIC_REPRESENTATION_CONTEXT(2) 
PARAMETRIC_REPRESENTATION_CONTEXT() REPRESENTATION_CONTEXT('2D SPACE',''
  ) );
#3680 = ORIENTED_EDGE('',*,*,#3561,.T.);
#3681 = ORIENTED_EDGE('',*,*,#3660,.T.);
#3682 = ADVANCED_FACE('',(#3683),#3609,.T.);
#3683 = FACE_BOUND('',#3684,.T.);
#3684 = EDGE_LOOP('',(#3685,#3714,#3735,#3736));
#3685 = ORIENTED_EDGE('',*,*,#3686,.F.);
#3686 = EDGE_CURVE('',#3687,#3687,#3689,.T.);
#3687 = VERTEX_POINT('',#3688);
#3688 = CARTESIAN_POINT('',(151.149354,15.421145,11.));
#3689 = SURFACE_CURVE('',#3690,(#3695,#3702),.PCURVE_S1.);
#3690 = CIRCLE('',#3691,1.55);
#3691 = AXIS2_PLACEMENT_3D('',#3692,#3693,#3694);
#3692 = CARTESIAN_POINT('',(149.599354,15.421145,11.));
#3693 = DIRECTION('',(0.,0.,1.));
#3694 = DIRECTION('',(1.,0.,0.));
#3695 = PCURVE('',#3609,#3696);
#3696 = DEFINITIONAL_REPRESENTATION('',(#3697),#3701);
#3697 = LINE('',#3698,#3699);
#3698 = CARTESIAN_POINT('',(-0.,-3.));
#3699 = VECTOR('',#3700,1.);
#3700 = DIRECTION('',(-1.,-0.));
#3701 = ( GEOMETRIC_REPRESENTATION_CONTEXT(2) 
PARAMETRIC_REPRESENTATION_CONTEXT() REPRESENTATION_CONTEXT('2D SPACE',''
  ) );
#3702 = PCURVE('',#3703,#3708);
#3703 = PLANE('',#3704);
#3704 = AXIS2_PLACEMENT_3D('',#3705,#3706,#3707);
#3705 = CARTESIAN_POINT('',(149.599354,15.421145,11.));
#3706 = DIRECTION('',(0.,0.,1.));
#3707 = DIRECTION('',(1.,0.,0.));
#3708 = DEFINITIONAL_REPRESENTATION('',(#3709),#3713);
#3709 = CIRCLE('',#3710,1.55);
#3710 = AXIS2_PLACEMENT_2D('',#3711,#3712);
#3711 = CARTESIAN_POINT('',(0.,0.));
#3712 = DIRECTION('',(1.,0.));
#3713 = ( GEOMETRIC_REPRESENTATION_CONTEXT(2) 
PARAMETRIC_REPRESENTATION_CONTEXT() REPRESENTATION_CONTEXT('2D SPACE',''
  ) );
#3714 = ORIENTED_EDGE('',*,*,#3715,.F.);
#3715 = EDGE_CURVE('',#3593,#3687,#3716,.T.);
#3716 = SEAM_CURVE('',#3717,(#3721,#3728),.PCURVE_S1.);
#3717 = LINE('',#3718,#3719);
#3718 = CARTESIAN_POINT('',(151.399354,15.421145,8.));
#3719 = VECTOR('',#3720,1.);
#3720 = DIRECTION('',(-8.304547985374E-02,2.034027621731E-17,
    0.996545758245));
#3721 = PCURVE('',#3609,#3722);
#3722 = DEFINITIONAL_REPRESENTATION('',(#3723),#3727);
#3723 = LINE('',#3724,#3725);
#3724 = CARTESIAN_POINT('',(-6.28318530718,0.));
#3725 = VECTOR('',#3726,1.);
#3726 = DIRECTION('',(-0.,-1.));
#3727 = ( GEOMETRIC_REPRESENTATION_CONTEXT(2) 
PARAMETRIC_REPRESENTATION_CONTEXT() REPRESENTATION_CONTEXT('2D SPACE',''
  ) );
#3728 = PCURVE('',#3609,#3729);
#3729 = DEFINITIONAL_REPRESENTATION('',(#3730),#3734);
#3730 = LINE('',#3731,#3732);
#3731 = CARTESIAN_POINT('',(0.,-0.));
#3732 = VECTOR('',#3733,1.);
#3733 = DIRECTION('',(-0.,-1.));
#3734 = ( GEOMETRIC_REPRESENTATION_CONTEXT(2) 
PARAMETRIC_REPRESENTATION_CONTEXT() REPRESENTATION_CONTEXT('2D SPACE',''
  ) );
#3735 = ORIENTED_EDGE('',*,*,#3592,.T.);
#3736 = ORIENTED_EDGE('',*,*,#3715,.T.);
#3737 = ADVANCED_FACE('',(#3738),#3648,.T.);
#3738 = FACE_BOUND('',#3739,.T.);
#3739 = EDGE_LOOP('',(#3740));
#3740 = ORIENTED_EDGE('',*,*,#3631,.T.);
#3741 = ADVANCED_FACE('',(#3742),#3703,.T.);
#3742 = FACE_BOUND('',#3743,.T.);
#3743 = EDGE_LOOP('',(#3744));
#3744 = ORIENTED_EDGE('',*,*,#3686,.T.);
#3745 = ( GEOMETRIC_REPRESENTATION_CONTEXT(3) 
GLOBAL_UNCERTAINTY_ASSIGNED_CONTEXT((#3749)) 
GLOBAL_UNIT_ASSIGNED_CONTEXT((#3746,#3747,#3748)) REPRESENTATION_CONTEXT
('Context #1','3D Context with UNIT and UNCERTAINTY') );
#3746 = ( LENGTH_UNIT() NAMED_UNIT(*) SI_UNIT(.MILLI.,.METRE.) );
#3747 = ( NAMED_UNIT(*) PLANE_ANGLE_UNIT() SI_UNIT($,.RADIAN.) );
#3748 = ( NAMED_UNIT(*) SI_UNIT($,.STERADIAN.) SOLID_ANGLE_UNIT() );
#3749 = UNCERTAINTY_MEASURE_WITH_UNIT(LENGTH_MEASURE(1.E-07),#3746,
  'distance_accuracy_value','confusion accuracy');
#3750 = CONTEXT_DEPENDENT_SHAPE_REPRESENTATION(#3751,#3753);
#3751 = ( REPRESENTATION_RELATIONSHIP('','',#3234,#10) 
REPRESENTATION_RELATIONSHIP_WITH_TRANSFORMATION(#3752) 
SHAPE_REPRESENTATION_RELATIONSHIP() );
#3752 = ITEM_DEFINED_TRANSFORMATION('','',#11,#39);
#3753 = PRODUCT_DEFINITION_SHAPE('Placement','Placement of an item',
  #3754);
#3754 = NEXT_ASSEMBLY_USAGE_OCCURRENCE('7','part_0032__03','',#5,#3229,$
  );
#3755 = PRODUCT_RELATED_PRODUCT_CATEGORY('part',$,(#3231));
#3756 = SHAPE_DEFINITION_REPRESENTATION(#3757,#3763);
#3757 = PRODUCT_DEFINITION_SHAPE('','',#3758);
#3758 = PRODUCT_DEFINITION('design','',#3759,#3762);
#3759 = PRODUCT_DEFINITION_FORMATION('','',#3760);
#3760 = PRODUCT('part_0032__04','part_0032__04','',(#3761));
#3761 = PRODUCT_CONTEXT('',#2,'mechanical');
#3762 = PRODUCT_DEFINITION_CONTEXT('part definition',#2,'design');
#3763 = ADVANCED_BREP_SHAPE_REPRESENTATION('',(#11,#3764),#4274);
#3764 = MANIFOLD_SOLID_BREP('',#3765);
#3765 = CLOSED_SHELL('',(#3766,#3886,#3962,#4033,#4060,#4149,#4156,#4211
    ,#4266,#4270));
#3766 = ADVANCED_FACE('',(#3767),#3781,.F.);
#3767 = FACE_BOUND('',#3768,.F.);
#3768 = EDGE_LOOP('',(#3769,#3804,#3832,#3860));
#3769 = ORIENTED_EDGE('',*,*,#3770,.T.);
#3770 = EDGE_CURVE('',#3771,#3773,#3775,.T.);
#3771 = VERTEX_POINT('',#3772);
#3772 = CARTESIAN_POINT('',(0.,54.325,0.));
#3773 = VERTEX_POINT('',#3774);
#3774 = CARTESIAN_POINT('',(0.,54.325,8.));
#3775 = SURFACE_CURVE('',#3776,(#3780,#3792),.PCURVE_S1.);
#3776 = LINE('',#3777,#3778);
#3777 = CARTESIAN_POINT('',(0.,54.325,0.));
#3778 = VECTOR('',#3779,1.);
#3779 = DIRECTION('',(0.,0.,1.));
#3780 = PCURVE('',#3781,#3786);
#3781 = PLANE('',#3782);
#3782 = AXIS2_PLACEMENT_3D('',#3783,#3784,#3785);
#3783 = CARTESIAN_POINT('',(0.,54.325,0.));
#3784 = DIRECTION('',(0.706641732484,0.707571524237,-0.));
#3785 = DIRECTION('',(0.707571524237,-0.706641732484,0.));
#3786 = DEFINITIONAL_REPRESENTATION('',(#3787),#3791);
#3787 = LINE('',#3788,#3789);
#3788 = CARTESIAN_POINT('',(0.,0.));
#3789 = VECTOR('',#3790,1.);
#3790 = DIRECTION('',(0.,-1.));
#3791 = ( GEOMETRIC_REPRESENTATION_CONTEXT(2) 
PARAMETRIC_REPRESENTATION_CONTEXT() REPRESENTATION_CONTEXT('2D SPACE',''
  ) );
#3792 = PCURVE('',#3793,#3798);
#3793 = PLANE('',#3794);
#3794 = AXIS2_PLACEMENT_3D('',#3795,#3796,#3797);
#3795 = CARTESIAN_POINT('',(12.55,60.625,0.));
#3796 = DIRECTION('',(0.448637273837,-0.89371393439,0.));
#3797 = DIRECTION('',(-0.89371393439,-0.448637273837,0.));
#3798 = DEFINITIONAL_REPRESENTATION('',(#3799),#3803);
#3799 = LINE('',#3800,#3801);
#3800 = CARTESIAN_POINT('',(14.042524701776,0.));
#3801 = VECTOR('',#3802,1.);
#3802 = DIRECTION('',(0.,-1.));
#3803 = ( GEOMETRIC_REPRESENTATION_CONTEXT(2) 
PARAMETRIC_REPRESENTATION_CONTEXT() REPRESENTATION_CONTEXT('2D SPACE',''
  ) );
#3804 = ORIENTED_EDGE('',*,*,#3805,.T.);
#3805 = EDGE_CURVE('',#3773,#3806,#3808,.T.);
#3806 = VERTEX_POINT('',#3807);
#3807 = CARTESIAN_POINT('',(19.025,35.325,8.));
#3808 = SURFACE_CURVE('',#3809,(#3813,#3820),.PCURVE_S1.);
#3809 = LINE('',#3810,#3811);
#3810 = CARTESIAN_POINT('',(0.,54.325,8.));
#3811 = VECTOR('',#3812,1.);
#3812 = DIRECTION('',(0.707571524237,-0.706641732484,0.));
#3813 = PCURVE('',#3781,#3814);
#3814 = DEFINITIONAL_REPRESENTATION('',(#3815),#3819);
#3815 = LINE('',#3816,#3817);
#3816 = CARTESIAN_POINT('',(0.,-8.));
#3817 = VECTOR('',#3818,1.);
#3818 = DIRECTION('',(1.,0.));
#3819 = ( GEOMETRIC_REPRESENTATION_CONTEXT(2) 
PARAMETRIC_REPRESENTATION_CONTEXT() REPRESENTATION_CONTEXT('2D SPACE',''
  ) );
#3820 = PCURVE('',#3821,#3826);
#3821 = PLANE('',#3822);
#3822 = AXIS2_PLACEMENT_3D('',#3823,#3824,#3825);
#3823 = CARTESIAN_POINT('',(15.787553361865,47.97072891996,8.));
#3824 = DIRECTION('',(0.,0.,1.));
#3825 = DIRECTION('',(1.,0.,0.));
#3826 = DEFINITIONAL_REPRESENTATION('',(#3827),#3831);
#3827 = LINE('',#3828,#3829);
#3828 = CARTESIAN_POINT('',(-15.78755336186,6.35427108004));
#3829 = VECTOR('',#3830,1.);
#3830 = DIRECTION('',(0.707571524237,-0.706641732484));
#3831 = ( GEOMETRIC_REPRESENTATION_CONTEXT(2) 
PARAMETRIC_REPRESENTATION_CONTEXT() REPRESENTATION_CONTEXT('2D SPACE',''
  ) );
#3832 = ORIENTED_EDGE('',*,*,#3833,.F.);
#3833 = EDGE_CURVE('',#3834,#3806,#3836,.T.);
#3834 = VERTEX_POINT('',#3835);
#3835 = CARTESIAN_POINT('',(19.025,35.325,0.));
#3836 = SURFACE_CURVE('',#3837,(#3841,#3848),.PCURVE_S1.);
#3837 = LINE('',#3838,#3839);
#3838 = CARTESIAN_POINT('',(19.025,35.325,0.));
#3839 = VECTOR('',#3840,1.);
#3840 = DIRECTION('',(0.,0.,1.));
#3841 = PCURVE('',#3781,#3842);
#3842 = DEFINITIONAL_REPRESENTATION('',(#3843),#3847);
#3843 = LINE('',#3844,#3845);
#3844 = CARTESIAN_POINT('',(26.887741165818,0.));
#3845 = VECTOR('',#3846,1.);
#3846 = DIRECTION('',(0.,-1.));
#3847 = ( GEOMETRIC_REPRESENTATION_CONTEXT(2) 
PARAMETRIC_REPRESENTATION_CONTEXT() REPRESENTATION_CONTEXT('2D SPACE',''
  ) );
#3848 = PCURVE('',#3849,#3854);
#3849 = PLANE('',#3850);
#3850 = AXIS2_PLACEMENT_3D('',#3851,#3852,#3853);
#3851 = CARTESIAN_POINT('',(19.025,35.325,0.));
#3852 = DIRECTION('',(-0.4472135955,0.894427191,0.));
#3853 = DIRECTION('',(0.894427191,0.4472135955,0.));
#3854 = DEFINITIONAL_REPRESENTATION('',(#3855),#3859);
#3855 = LINE('',#3856,#3857);
#3856 = CARTESIAN_POINT('',(0.,0.));
#3857 = VECTOR('',#3858,1.);
#3858 = DIRECTION('',(0.,-1.));
#3859 = ( GEOMETRIC_REPRESENTATION_CONTEXT(2) 
PARAMETRIC_REPRESENTATION_CONTEXT() REPRESENTATION_CONTEXT('2D SPACE',''
  ) );
#3860 = ORIENTED_EDGE('',*,*,#3861,.F.);
#3861 = EDGE_CURVE('',#3771,#3834,#3862,.T.);
#3862 = SURFACE_CURVE('',#3863,(#3867,#3874),.PCURVE_S1.);
#3863 = LINE('',#3864,#3865);
#3864 = CARTESIAN_POINT('',(0.,54.325,0.));
#3865 = VECTOR('',#3866,1.);
#3866 = DIRECTION('',(0.707571524237,-0.706641732484,0.));
#3867 = PCURVE('',#3781,#3868);
#3868 = DEFINITIONAL_REPRESENTATION('',(#3869),#3873);
#3869 = LINE('',#3870,#3871);
#3870 = CARTESIAN_POINT('',(0.,0.));
#3871 = VECTOR('',#3872,1.);
#3872 = DIRECTION('',(1.,0.));
#3873 = ( GEOMETRIC_REPRESENTATION_CONTEXT(2) 
PARAMETRIC_REPRESENTATION_CONTEXT() REPRESENTATION_CONTEXT('2D SPACE',''
  ) );
#3874 = PCURVE('',#3875,#3880);
#3875 = PLANE('',#3876);
#3876 = AXIS2_PLACEMENT_3D('',#3877,#3878,#3879);
#3877 = CARTESIAN_POINT('',(15.787553361865,47.97072891996,0.));
#3878 = DIRECTION('',(0.,0.,1.));
#3879 = DIRECTION('',(1.,0.,0.));
#3880 = DEFINITIONAL_REPRESENTATION('',(#3881),#3885);
#3881 = LINE('',#3882,#3883);
#3882 = CARTESIAN_POINT('',(-15.78755336186,6.35427108004));
#3883 = VECTOR('',#3884,1.);
#3884 = DIRECTION('',(0.707571524237,-0.706641732484));
#3885 = ( GEOMETRIC_REPRESENTATION_CONTEXT(2) 
PARAMETRIC_REPRESENTATION_CONTEXT() REPRESENTATION_CONTEXT('2D SPACE',''
  ) );
#3886 = ADVANCED_FACE('',(#3887),#3793,.F.);
#3887 = FACE_BOUND('',#3888,.F.);
#3888 = EDGE_LOOP('',(#3889,#3919,#3940,#3941));
#3889 = ORIENTED_EDGE('',*,*,#3890,.T.);
#3890 = EDGE_CURVE('',#3891,#3893,#3895,.T.);
#3891 = VERTEX_POINT('',#3892);
#3892 = CARTESIAN_POINT('',(12.55,60.625,0.));
#3893 = VERTEX_POINT('',#3894);
#3894 = CARTESIAN_POINT('',(12.55,60.625,8.));
#3895 = SURFACE_CURVE('',#3896,(#3900,#3907),.PCURVE_S1.);
#3896 = LINE('',#3897,#3898);
#3897 = CARTESIAN_POINT('',(12.55,60.625,0.));
#3898 = VECTOR('',#3899,1.);
#3899 = DIRECTION('',(0.,0.,1.));
#3900 = PCURVE('',#3793,#3901);
#3901 = DEFINITIONAL_REPRESENTATION('',(#3902),#3906);
#3902 = LINE('',#3903,#3904);
#3903 = CARTESIAN_POINT('',(0.,0.));
#3904 = VECTOR('',#3905,1.);
#3905 = DIRECTION('',(0.,-1.));
#3906 = ( GEOMETRIC_REPRESENTATION_CONTEXT(2) 
PARAMETRIC_REPRESENTATION_CONTEXT() REPRESENTATION_CONTEXT('2D SPACE',''
  ) );
#3907 = PCURVE('',#3908,#3913);
#3908 = PLANE('',#3909);
#3909 = AXIS2_PLACEMENT_3D('',#3910,#3911,#3912);
#3910 = CARTESIAN_POINT('',(31.575,41.6,0.));
#3911 = DIRECTION('',(-0.707106781187,-0.707106781187,0.));
#3912 = DIRECTION('',(-0.707106781187,0.707106781187,0.));
#3913 = DEFINITIONAL_REPRESENTATION('',(#3914),#3918);
#3914 = LINE('',#3915,#3916);
#3915 = CARTESIAN_POINT('',(26.905413024148,0.));
#3916 = VECTOR('',#3917,1.);
#3917 = DIRECTION('',(0.,-1.));
#3918 = ( GEOMETRIC_REPRESENTATION_CONTEXT(2) 
PARAMETRIC_REPRESENTATION_CONTEXT() REPRESENTATION_CONTEXT('2D SPACE',''
  ) );
#3919 = ORIENTED_EDGE('',*,*,#3920,.T.);
#3920 = EDGE_CURVE('',#3893,#3773,#3921,.T.);
#3921 = SURFACE_CURVE('',#3922,(#3926,#3933),.PCURVE_S1.);
#3922 = LINE('',#3923,#3924);
#3923 = CARTESIAN_POINT('',(12.55,60.625,8.));
#3924 = VECTOR('',#3925,1.);
#3925 = DIRECTION('',(-0.89371393439,-0.448637273837,0.));
#3926 = PCURVE('',#3793,#3927);
#3927 = DEFINITIONAL_REPRESENTATION('',(#3928),#3932);
#3928 = LINE('',#3929,#3930);
#3929 = CARTESIAN_POINT('',(0.,-8.));
#3930 = VECTOR('',#3931,1.);
#3931 = DIRECTION('',(1.,0.));
#3932 = ( GEOMETRIC_REPRESENTATION_CONTEXT(2) 
PARAMETRIC_REPRESENTATION_CONTEXT() REPRESENTATION_CONTEXT('2D SPACE',''
  ) );
#3933 = PCURVE('',#3821,#3934);
#3934 = DEFINITIONAL_REPRESENTATION('',(#3935),#3939);
#3935 = LINE('',#3936,#3937);
#3936 = CARTESIAN_POINT('',(-3.237553361865,12.65427108004));
#3937 = VECTOR('',#3938,1.);
#3938 = DIRECTION('',(-0.89371393439,-0.448637273837));
#3939 = ( GEOMETRIC_REPRESENTATION_CONTEXT(2) 
PARAMETRIC_REPRESENTATION_CONTEXT() REPRESENTATION_CONTEXT('2D SPACE',''
  ) );
#3940 = ORIENTED_EDGE('',*,*,#3770,.F.);
#3941 = ORIENTED_EDGE('',*,*,#3942,.F.);
#3942 = EDGE_CURVE('',#3891,#3771,#3943,.T.);
#3943 = SURFACE_CURVE('',#3944,(#3948,#3955),.PCURVE_S1.);
#3944 = LINE('',#3945,#3946);
#3945 = CARTESIAN_POINT('',(12.55,60.625,0.));
#3946 = VECTOR('',#3947,1.);
#3947 = DIRECTION('',(-0.89371393439,-0.448637273837,0.));
#3948 = PCURVE('',#3793,#3949);
#3949 = DEFINITIONAL_REPRESENTATION('',(#3950),#3954);
#3950 = LINE('',#3951,#3952);
#3951 = CARTESIAN_POINT('',(0.,0.));
#3952 = VECTOR('',#3953,1.);
#3953 = DIRECTION('',(1.,0.));
#3954 = ( GEOMETRIC_REPRESENTATION_CONTEXT(2) 
PARAMETRIC_REPRESENTATION_CONTEXT() REPRESENTATION_CONTEXT('2D SPACE',''
  ) );
#3955 = PCURVE('',#3875,#3956);
#3956 = DEFINITIONAL_REPRESENTATION('',(#3957),#3961);
#3957 = LINE('',#3958,#3959);
#3958 = CARTESIAN_POINT('',(-3.237553361865,12.65427108004));
#3959 = VECTOR('',#3960,1.);
#3960 = DIRECTION('',(-0.89371393439,-0.448637273837));
#3961 = ( GEOMETRIC_REPRESENTATION_CONTEXT(2) 
PARAMETRIC_REPRESENTATION_CONTEXT() REPRESENTATION_CONTEXT('2D SPACE',''
  ) );
#3962 = ADVANCED_FACE('',(#3963),#3849,.F.);
#3963 = FACE_BOUND('',#3964,.F.);
#3964 = EDGE_LOOP('',(#3965,#3966,#3989,#4012));
#3965 = ORIENTED_EDGE('',*,*,#3833,.T.);
#3966 = ORIENTED_EDGE('',*,*,#3967,.T.);
#3967 = EDGE_CURVE('',#3806,#3968,#3970,.T.);
#3968 = VERTEX_POINT('',#3969);
#3969 = CARTESIAN_POINT('',(31.575,41.6,8.));
#3970 = SURFACE_CURVE('',#3971,(#3975,#3982),.PCURVE_S1.);
#3971 = LINE('',#3972,#3973);
#3972 = CARTESIAN_POINT('',(19.025,35.325,8.));
#3973 = VECTOR('',#3974,1.);
#3974 = DIRECTION('',(0.894427191,0.4472135955,0.));
#3975 = PCURVE('',#3849,#3976);
#3976 = DEFINITIONAL_REPRESENTATION('',(#3977),#3981);
#3977 = LINE('',#3978,#3979);
#3978 = CARTESIAN_POINT('',(0.,-8.));
#3979 = VECTOR('',#3980,1.);
#3980 = DIRECTION('',(1.,0.));
#3981 = ( GEOMETRIC_REPRESENTATION_CONTEXT(2) 
PARAMETRIC_REPRESENTATION_CONTEXT() REPRESENTATION_CONTEXT('2D SPACE',''
  ) );
#3982 = PCURVE('',#3821,#3983);
#3983 = DEFINITIONAL_REPRESENTATION('',(#3984),#3988);
#3984 = LINE('',#3985,#3986);
#3985 = CARTESIAN_POINT('',(3.237446638135,-12.64572891996));
#3986 = VECTOR('',#3987,1.);
#3987 = DIRECTION('',(0.894427191,0.4472135955));
#3988 = ( GEOMETRIC_REPRESENTATION_CONTEXT(2) 
PARAMETRIC_REPRESENTATION_CONTEXT() REPRESENTATION_CONTEXT('2D SPACE',''
  ) );
#3989 = ORIENTED_EDGE('',*,*,#3990,.F.);
#3990 = EDGE_CURVE('',#3991,#3968,#3993,.T.);
#3991 = VERTEX_POINT('',#3992);
#3992 = CARTESIAN_POINT('',(31.575,41.6,0.));
#3993 = SURFACE_CURVE('',#3994,(#3998,#4005),.PCURVE_S1.);
#3994 = LINE('',#3995,#3996);
#3995 = CARTESIAN_POINT('',(31.575,41.6,0.));
#3996 = VECTOR('',#3997,1.);
#3997 = DIRECTION('',(0.,0.,1.));
#3998 = PCURVE('',#3849,#3999);
#3999 = DEFINITIONAL_REPRESENTATION('',(#4000),#4004);
#4000 = LINE('',#4001,#4002);
#4001 = CARTESIAN_POINT('',(14.031326558811,0.));
#4002 = VECTOR('',#4003,1.);
#4003 = DIRECTION('',(0.,-1.));
#4004 = ( GEOMETRIC_REPRESENTATION_CONTEXT(2) 
PARAMETRIC_REPRESENTATION_CONTEXT() REPRESENTATION_CONTEXT('2D SPACE',''
  ) );
#4005 = PCURVE('',#3908,#4006);
#4006 = DEFINITIONAL_REPRESENTATION('',(#4007),#4011);
#4007 = LINE('',#4008,#4009);
#4008 = CARTESIAN_POINT('',(0.,0.));
#4009 = VECTOR('',#4010,1.);
#4010 = DIRECTION('',(0.,-1.));
#4011 = ( GEOMETRIC_REPRESENTATION_CONTEXT(2) 
PARAMETRIC_REPRESENTATION_CONTEXT() REPRESENTATION_CONTEXT('2D SPACE',''
  ) );
#4012 = ORIENTED_EDGE('',*,*,#4013,.F.);
#4013 = EDGE_CURVE('',#3834,#3991,#4014,.T.);
#4014 = SURFACE_CURVE('',#4015,(#4019,#4026),.PCURVE_S1.);
#4015 = LINE('',#4016,#4017);
#4016 = CARTESIAN_POINT('',(19.025,35.325,0.));
#4017 = VECTOR('',#4018,1.);
#4018 = DIRECTION('',(0.894427191,0.4472135955,0.));
#4019 = PCURVE('',#3849,#4020);
#4020 = DEFINITIONAL_REPRESENTATION('',(#4021),#4025);
#4021 = LINE('',#4022,#4023);
#4022 = CARTESIAN_POINT('',(0.,0.));
#4023 = VECTOR('',#4024,1.);
#4024 = DIRECTION('',(1.,0.));
#4025 = ( GEOMETRIC_REPRESENTATION_CONTEXT(2) 
PARAMETRIC_REPRESENTATION_CONTEXT() REPRESENTATION_CONTEXT('2D SPACE',''
  ) );
#4026 = PCURVE('',#3875,#4027);
#4027 = DEFINITIONAL_REPRESENTATION('',(#4028),#4032);
#4028 = LINE('',#4029,#4030);
#4029 = CARTESIAN_POINT('',(3.237446638135,-12.64572891996));
#4030 = VECTOR('',#4031,1.);
#4031 = DIRECTION('',(0.894427191,0.4472135955));
#4032 = ( GEOMETRIC_REPRESENTATION_CONTEXT(2) 
PARAMETRIC_REPRESENTATION_CONTEXT() REPRESENTATION_CONTEXT('2D SPACE',''
  ) );
#4033 = ADVANCED_FACE('',(#4034),#3875,.F.);
#4034 = FACE_BOUND('',#4035,.F.);
#4035 = EDGE_LOOP('',(#4036,#4037,#4038,#4059));
#4036 = ORIENTED_EDGE('',*,*,#3861,.T.);
#4037 = ORIENTED_EDGE('',*,*,#4013,.T.);
#4038 = ORIENTED_EDGE('',*,*,#4039,.T.);
#4039 = EDGE_CURVE('',#3991,#3891,#4040,.T.);
#4040 = SURFACE_CURVE('',#4041,(#4045,#4052),.PCURVE_S1.);
#4041 = LINE('',#4042,#4043);
#4042 = CARTESIAN_POINT('',(31.575,41.6,0.));
#4043 = VECTOR('',#4044,1.);
#4044 = DIRECTION('',(-0.707106781187,0.707106781187,0.));
#4045 = PCURVE('',#3875,#4046);
#4046 = DEFINITIONAL_REPRESENTATION('',(#4047),#4051);
#4047 = LINE('',#4048,#4049);
#4048 = CARTESIAN_POINT('',(15.787446638135,-6.37072891996));
#4049 = VECTOR('',#4050,1.);
#4050 = DIRECTION('',(-0.707106781187,0.707106781187));
#4051 = ( GEOMETRIC_REPRESENTATION_CONTEXT(2) 
PARAMETRIC_REPRESENTATION_CONTEXT() REPRESENTATION_CONTEXT('2D SPACE',''
  ) );
#4052 = PCURVE('',#3908,#4053);
#4053 = DEFINITIONAL_REPRESENTATION('',(#4054),#4058);
#4054 = LINE('',#4055,#4056);
#4055 = CARTESIAN_POINT('',(0.,0.));
#4056 = VECTOR('',#4057,1.);
#4057 = DIRECTION('',(1.,0.));
#4058 = ( GEOMETRIC_REPRESENTATION_CONTEXT(2) 
PARAMETRIC_REPRESENTATION_CONTEXT() REPRESENTATION_CONTEXT('2D SPACE',''
  ) );
#4059 = ORIENTED_EDGE('',*,*,#3942,.T.);
#4060 = ADVANCED_FACE('',(#4061,#4087,#4118),#3821,.T.);
#4061 = FACE_BOUND('',#4062,.T.);
#4062 = EDGE_LOOP('',(#4063,#4064,#4065,#4086));
#4063 = ORIENTED_EDGE('',*,*,#3805,.T.);
#4064 = ORIENTED_EDGE('',*,*,#3967,.T.);
#4065 = ORIENTED_EDGE('',*,*,#4066,.T.);
#4066 = EDGE_CURVE('',#3968,#3893,#4067,.T.);
#4067 = SURFACE_CURVE('',#4068,(#4072,#4079),.PCURVE_S1.);
#4068 = LINE('',#4069,#4070);
#4069 = CARTESIAN_POINT('',(31.575,41.6,8.));
#4070 = VECTOR('',#4071,1.);
#4071 = DIRECTION('',(-0.707106781187,0.707106781187,0.));
#4072 = PCURVE('',#3821,#4073);
#4073 = DEFINITIONAL_REPRESENTATION('',(#4074),#4078);
#4074 = LINE('',#4075,#4076);
#4075 = CARTESIAN_POINT('',(15.787446638135,-6.37072891996));
#4076 = VECTOR('',#4077,1.);
#4077 = DIRECTION('',(-0.707106781187,0.707106781187));
#4078 = ( GEOMETRIC_REPRESENTATION_CONTEXT(2) 
PARAMETRIC_REPRESENTATION_CONTEXT() REPRESENTATION_CONTEXT('2D SPACE',''
  ) );
#4079 = PCURVE('',#3908,#4080);
#4080 = DEFINITIONAL_REPRESENTATION('',(#4081),#4085);
#4081 = LINE('',#4082,#4083);
#4082 = CARTESIAN_POINT('',(0.,-8.));
#4083 = VECTOR('',#4084,1.);
#4084 = DIRECTION('',(1.,0.));
#4085 = ( GEOMETRIC_REPRESENTATION_CONTEXT(2) 
PARAMETRIC_REPRESENTATION_CONTEXT() REPRESENTATION_CONTEXT('2D SPACE',''
  ) );
#4086 = ORIENTED_EDGE('',*,*,#3920,.T.);
#4087 = FACE_BOUND('',#4088,.T.);
#4088 = EDGE_LOOP('',(#4089));
#4089 = ORIENTED_EDGE('',*,*,#4090,.F.);
#4090 = EDGE_CURVE('',#4091,#4091,#4093,.T.);
#4091 = VERTEX_POINT('',#4092);
#4092 = CARTESIAN_POINT('',(24.223442,42.428179,8.));
#4093 = SURFACE_CURVE('',#4094,(#4099,#4106),.PCURVE_S1.);
#4094 = CIRCLE('',#4095,1.8);
#4095 = AXIS2_PLACEMENT_3D('',#4096,#4097,#4098);
#4096 = CARTESIAN_POINT('',(22.423442,42.428179,8.));
#4097 = DIRECTION('',(0.,0.,1.));
#4098 = DIRECTION('',(1.,0.,0.));
#4099 = PCURVE('',#3821,#4100);
#4100 = DEFINITIONAL_REPRESENTATION('',(#4101),#4105);
#4101 = CIRCLE('',#4102,1.8);
#4102 = AXIS2_PLACEMENT_2D('',#4103,#4104);
#4103 = CARTESIAN_POINT('',(6.635888638135,-5.54254991996));
#4104 = DIRECTION('',(1.,0.));
#4105 = ( GEOMETRIC_REPRESENTATION_CONTEXT(2) 
PARAMETRIC_REPRESENTATION_CONTEXT() REPRESENTATION_CONTEXT('2D SPACE',''
  ) );
#4106 = PCURVE('',#4107,#4112);
#4107 = CONICAL_SURFACE('',#4108,1.8,8.314123188844E-02);
#4108 = AXIS2_PLACEMENT_3D('',#4109,#4110,#4111);
#4109 = CARTESIAN_POINT('',(22.423442,42.428179,8.));
#4110 = DIRECTION('',(-0.,-0.,-1.));
#4111 = DIRECTION('',(1.,0.,0.));
#4112 = DEFINITIONAL_REPRESENTATION('',(#4113),#4117);
#4113 = LINE('',#4114,#4115);
#4114 = CARTESIAN_POINT('',(-0.,-0.));
#4115 = VECTOR('',#4116,1.);
#4116 = DIRECTION('',(-1.,-0.));
#4117 = ( GEOMETRIC_REPRESENTATION_CONTEXT(2) 
PARAMETRIC_REPRESENTATION_CONTEXT() REPRESENTATION_CONTEXT('2D SPACE',''
  ) );
#4118 = FACE_BOUND('',#4119,.T.);
#4119 = EDGE_LOOP('',(#4120));
#4120 = ORIENTED_EDGE('',*,*,#4121,.F.);
#4121 = EDGE_CURVE('',#4122,#4122,#4124,.T.);
#4122 = VERTEX_POINT('',#4123);
#4123 = CARTESIAN_POINT('',(10.949354,50.746145,8.));
#4124 = SURFACE_CURVE('',#4125,(#4130,#4137),.PCURVE_S1.);
#4125 = CIRCLE('',#4126,1.8);
#4126 = AXIS2_PLACEMENT_3D('',#4127,#4128,#4129);
#4127 = CARTESIAN_POINT('',(9.149354,50.746145,8.));
#4128 = DIRECTION('',(0.,0.,1.));
#4129 = DIRECTION('',(1.,0.,0.));
#4130 = PCURVE('',#3821,#4131);
#4131 = DEFINITIONAL_REPRESENTATION('',(#4132),#4136);
#4132 = CIRCLE('',#4133,1.8);
#4133 = AXIS2_PLACEMENT_2D('',#4134,#4135);
#4134 = CARTESIAN_POINT('',(-6.638199361865,2.77541608004));
#4135 = DIRECTION('',(1.,0.));
#4136 = ( GEOMETRIC_REPRESENTATION_CONTEXT(2) 
PARAMETRIC_REPRESENTATION_CONTEXT() REPRESENTATION_CONTEXT('2D SPACE',''
  ) );
#4137 = PCURVE('',#4138,#4143);
#4138 = CONICAL_SURFACE('',#4139,1.8,8.314123188844E-02);
#4139 = AXIS2_PLACEMENT_3D('',#4140,#4141,#4142);
#4140 = CARTESIAN_POINT('',(9.149354,50.746145,8.));
#4141 = DIRECTION('',(-0.,-0.,-1.));
#4142 = DIRECTION('',(1.,0.,0.));
#4143 = DEFINITIONAL_REPRESENTATION('',(#4144),#4148);
#4144 = LINE('',#4145,#4146);
#4145 = CARTESIAN_POINT('',(-0.,-0.));
#4146 = VECTOR('',#4147,1.);
#4147 = DIRECTION('',(-1.,-0.));
#4148 = ( GEOMETRIC_REPRESENTATION_CONTEXT(2) 
PARAMETRIC_REPRESENTATION_CONTEXT() REPRESENTATION_CONTEXT('2D SPACE',''
  ) );
#4149 = ADVANCED_FACE('',(#4150),#3908,.F.);
#4150 = FACE_BOUND('',#4151,.F.);
#4151 = EDGE_LOOP('',(#4152,#4153,#4154,#4155));
#4152 = ORIENTED_EDGE('',*,*,#3990,.T.);
#4153 = ORIENTED_EDGE('',*,*,#4066,.T.);
#4154 = ORIENTED_EDGE('',*,*,#3890,.F.);
#4155 = ORIENTED_EDGE('',*,*,#4039,.F.);
#4156 = ADVANCED_FACE('',(#4157),#4107,.T.);
#4157 = FACE_BOUND('',#4158,.T.);
#4158 = EDGE_LOOP('',(#4159,#4188,#4209,#4210));
#4159 = ORIENTED_EDGE('',*,*,#4160,.F.);
#4160 = EDGE_CURVE('',#4161,#4161,#4163,.T.);
#4161 = VERTEX_POINT('',#4162);
#4162 = CARTESIAN_POINT('',(23.973442,42.428179,11.));
#4163 = SURFACE_CURVE('',#4164,(#4169,#4176),.PCURVE_S1.);
#4164 = CIRCLE('',#4165,1.55);
#4165 = AXIS2_PLACEMENT_3D('',#4166,#4167,#4168);
#4166 = CARTESIAN_POINT('',(22.423442,42.428179,11.));
#4167 = DIRECTION('',(0.,0.,1.));
#4168 = DIRECTION('',(1.,0.,0.));
#4169 = PCURVE('',#4107,#4170);
#4170 = DEFINITIONAL_REPRESENTATION('',(#4171),#4175);
#4171 = LINE('',#4172,#4173);
#4172 = CARTESIAN_POINT('',(-0.,-3.));
#4173 = VECTOR('',#4174,1.);
#4174 = DIRECTION('',(-1.,-0.));
#4175 = ( GEOMETRIC_REPRESENTATION_CONTEXT(2) 
PARAMETRIC_REPRESENTATION_CONTEXT() REPRESENTATION_CONTEXT('2D SPACE',''
  ) );
#4176 = PCURVE('',#4177,#4182);
#4177 = PLANE('',#4178);
#4178 = AXIS2_PLACEMENT_3D('',#4179,#4180,#4181);
#4179 = CARTESIAN_POINT('',(22.423442,42.428179,11.));
#4180 = DIRECTION('',(0.,0.,1.));
#4181 = DIRECTION('',(1.,0.,0.));
#4182 = DEFINITIONAL_REPRESENTATION('',(#4183),#4187);
#4183 = CIRCLE('',#4184,1.55);
#4184 = AXIS2_PLACEMENT_2D('',#4185,#4186);
#4185 = CARTESIAN_POINT('',(0.,0.));
#4186 = DIRECTION('',(1.,0.));
#4187 = ( GEOMETRIC_REPRESENTATION_CONTEXT(2) 
PARAMETRIC_REPRESENTATION_CONTEXT() REPRESENTATION_CONTEXT('2D SPACE',''
  ) );
#4188 = ORIENTED_EDGE('',*,*,#4189,.F.);
#4189 = EDGE_CURVE('',#4091,#4161,#4190,.T.);
#4190 = SEAM_CURVE('',#4191,(#4195,#4202),.PCURVE_S1.);
#4191 = LINE('',#4192,#4193);
#4192 = CARTESIAN_POINT('',(24.223442,42.428179,8.));
#4193 = VECTOR('',#4194,1.);
#4194 = DIRECTION('',(-8.304547985374E-02,2.034027621731E-17,
    0.996545758245));
#4195 = PCURVE('',#4107,#4196);
#4196 = DEFINITIONAL_REPRESENTATION('',(#4197),#4201);
#4197 = LINE('',#4198,#4199);
#4198 = CARTESIAN_POINT('',(-6.28318530718,0.));
#4199 = VECTOR('',#4200,1.);
#4200 = DIRECTION('',(-0.,-1.));
#4201 = ( GEOMETRIC_REPRESENTATION_CONTEXT(2) 
PARAMETRIC_REPRESENTATION_CONTEXT() REPRESENTATION_CONTEXT('2D SPACE',''
  ) );
#4202 = PCURVE('',#4107,#4203);
#4203 = DEFINITIONAL_REPRESENTATION('',(#4204),#4208);
#4204 = LINE('',#4205,#4206);
#4205 = CARTESIAN_POINT('',(0.,-0.));
#4206 = VECTOR('',#4207,1.);
#4207 = DIRECTION('',(-0.,-1.));
#4208 = ( GEOMETRIC_REPRESENTATION_CONTEXT(2) 
PARAMETRIC_REPRESENTATION_CONTEXT() REPRESENTATION_CONTEXT('2D SPACE',''
  ) );
#4209 = ORIENTED_EDGE('',*,*,#4090,.T.);
#4210 = ORIENTED_EDGE('',*,*,#4189,.T.);
#4211 = ADVANCED_FACE('',(#4212),#4138,.T.);
#4212 = FACE_BOUND('',#4213,.T.);
#4213 = EDGE_LOOP('',(#4214,#4243,#4264,#4265));
#4214 = ORIENTED_EDGE('',*,*,#4215,.F.);
#4215 = EDGE_CURVE('',#4216,#4216,#4218,.T.);
#4216 = VERTEX_POINT('',#4217);
#4217 = CARTESIAN_POINT('',(10.699354,50.746145,11.));
#4218 = SURFACE_CURVE('',#4219,(#4224,#4231),.PCURVE_S1.);
#4219 = CIRCLE('',#4220,1.55);
#4220 = AXIS2_PLACEMENT_3D('',#4221,#4222,#4223);
#4221 = CARTESIAN_POINT('',(9.149354,50.746145,11.));
#4222 = DIRECTION('',(0.,0.,1.));
#4223 = DIRECTION('',(1.,0.,0.));
#4224 = PCURVE('',#4138,#4225);
#4225 = DEFINITIONAL_REPRESENTATION('',(#4226),#4230);
#4226 = LINE('',#4227,#4228);
#4227 = CARTESIAN_POINT('',(-0.,-3.));
#4228 = VECTOR('',#4229,1.);
#4229 = DIRECTION('',(-1.,-0.));
#4230 = ( GEOMETRIC_REPRESENTATION_CONTEXT(2) 
PARAMETRIC_REPRESENTATION_CONTEXT() REPRESENTATION_CONTEXT('2D SPACE',''
  ) );
#4231 = PCURVE('',#4232,#4237);
#4232 = PLANE('',#4233);
#4233 = AXIS2_PLACEMENT_3D('',#4234,#4235,#4236);
#4234 = CARTESIAN_POINT('',(9.149354,50.746145,11.));
#4235 = DIRECTION('',(0.,0.,1.));
#4236 = DIRECTION('',(1.,0.,0.));
#4237 = DEFINITIONAL_REPRESENTATION('',(#4238),#4242);
#4238 = CIRCLE('',#4239,1.55);
#4239 = AXIS2_PLACEMENT_2D('',#4240,#4241);
#4240 = CARTESIAN_POINT('',(0.,0.));
#4241 = DIRECTION('',(1.,0.));
#4242 = ( GEOMETRIC_REPRESENTATION_CONTEXT(2) 
PARAMETRIC_REPRESENTATION_CONTEXT() REPRESENTATION_CONTEXT('2D SPACE',''
  ) );
#4243 = ORIENTED_EDGE('',*,*,#4244,.F.);
#4244 = EDGE_CURVE('',#4122,#4216,#4245,.T.);
#4245 = SEAM_CURVE('',#4246,(#4250,#4257),.PCURVE_S1.);
#4246 = LINE('',#4247,#4248);
#4247 = CARTESIAN_POINT('',(10.949354,50.746145,8.));
#4248 = VECTOR('',#4249,1.);
#4249 = DIRECTION('',(-8.304547985374E-02,2.034027621731E-17,
    0.996545758245));
#4250 = PCURVE('',#4138,#4251);
#4251 = DEFINITIONAL_REPRESENTATION('',(#4252),#4256);
#4252 = LINE('',#4253,#4254);
#4253 = CARTESIAN_POINT('',(-6.28318530718,0.));
#4254 = VECTOR('',#4255,1.);
#4255 = DIRECTION('',(-0.,-1.));
#4256 = ( GEOMETRIC_REPRESENTATION_CONTEXT(2) 
PARAMETRIC_REPRESENTATION_CONTEXT() REPRESENTATION_CONTEXT('2D SPACE',''
  ) );
#4257 = PCURVE('',#4138,#4258);
#4258 = DEFINITIONAL_REPRESENTATION('',(#4259),#4263);
#4259 = LINE('',#4260,#4261);
#4260 = CARTESIAN_POINT('',(0.,-0.));
#4261 = VECTOR('',#4262,1.);
#4262 = DIRECTION('',(-0.,-1.));
#4263 = ( GEOMETRIC_REPRESENTATION_CONTEXT(2) 
PARAMETRIC_REPRESENTATION_CONTEXT() REPRESENTATION_CONTEXT('2D SPACE',''
  ) );
#4264 = ORIENTED_EDGE('',*,*,#4121,.T.);
#4265 = ORIENTED_EDGE('',*,*,#4244,.T.);
#4266 = ADVANCED_FACE('',(#4267),#4177,.T.);
#4267 = FACE_BOUND('',#4268,.T.);
#4268 = EDGE_LOOP('',(#4269));
#4269 = ORIENTED_EDGE('',*,*,#4160,.T.);
#4270 = ADVANCED_FACE('',(#4271),#4232,.T.);
#4271 = FACE_BOUND('',#4272,.T.);
#4272 = EDGE_LOOP('',(#4273));
#4273 = ORIENTED_EDGE('',*,*,#4215,.T.);
#4274 = ( GEOMETRIC_REPRESENTATION_CONTEXT(3) 
GLOBAL_UNCERTAINTY_ASSIGNED_CONTEXT((#4278)) 
GLOBAL_UNIT_ASSIGNED_CONTEXT((#4275,#4276,#4277)) REPRESENTATION_CONTEXT
('Context #1','3D Context with UNIT and UNCERTAINTY') );
#4275 = ( LENGTH_UNIT() NAMED_UNIT(*) SI_UNIT(.MILLI.,.METRE.) );
#4276 = ( NAMED_UNIT(*) PLANE_ANGLE_UNIT() SI_UNIT($,.RADIAN.) );
#4277 = ( NAMED_UNIT(*) SI_UNIT($,.STERADIAN.) SOLID_ANGLE_UNIT() );
#4278 = UNCERTAINTY_MEASURE_WITH_UNIT(LENGTH_MEASURE(1.E-07),#4275,
  'distance_accuracy_value','confusion accuracy');
#4279 = CONTEXT_DEPENDENT_SHAPE_REPRESENTATION(#4280,#4282);
#4280 = ( REPRESENTATION_RELATIONSHIP('','',#3763,#10) 
REPRESENTATION_RELATIONSHIP_WITH_TRANSFORMATION(#4281) 
SHAPE_REPRESENTATION_RELATIONSHIP() );
#4281 = ITEM_DEFINED_TRANSFORMATION('','',#11,#43);
#4282 = PRODUCT_DEFINITION_SHAPE('Placement','Placement of an item',
  #4283);
#4283 = NEXT_ASSEMBLY_USAGE_OCCURRENCE('8','part_0032__04','',#5,#3758,$
  );
#4284 = PRODUCT_RELATED_PRODUCT_CATEGORY('part',$,(#3760));
ENDSEC;
END-ISO-10303-21;
